date,holiday_name,holiday_type
2017-01-01,New Year's Day,National holiday
2017-01-06,Epiphany,National holiday
2017-02-14,Valentine's Day,Observance
2017-03-20,March Equinox,Season
2017-04-14,Good Friday,Observance
2017-04-15,Holy Saturday,Observance
2017-04-16,Easter Sunday,National holiday
2017-04-17,Easter Monday,National holiday
2017-05-01,Labor Day / May Day,National holiday
2017-05-02,Day of the Flag,Observance
2017-05-03,Constitution Day,National holiday
2017-05-26,Mother's Day,Observance
2017-06-01,Children’s Day,Observance
2017-06-04,Whit Sunday,National holiday
2017-06-15,Corpus Christi,National holiday
2017-06-21,June Solstice,Season
2017-06-23,Father's Day,Observance
2017-08-15,Assumption of Mary,National holiday
2017-09-22,September Equinox,Season
2017-11-01,All Saints' Day,National holiday
2017-11-11,Independence Day,National holiday
2017-12-21,December Solstice,Season
2017-12-24,Christmas Eve,Observance
2017-12-25,Christmas Day,National holiday
2017-12-26,Second Day of Christmas,National holiday
2017-12-31,New Year's Eve,Observance
2018-01-01,New Year's Day,National holiday
2018-01-06,Epiphany,National holiday
2018-02-14,Valentine's Day,Observance
2018-03-20,March Equinox,Season
2018-03-30,Good Friday,Observance
2018-03-31,Holy Saturday,Observance
2018-04-01,Easter Sunday,National holiday
2018-04-02,Easter Monday,National holiday
2018-05-01,Labor Day / May Day,National holiday
2018-05-02,Day of the Flag,Observance
2018-05-03,Constitution Day,National holiday
2018-05-20,Whit Sunday,National holiday
2018-05-26,Mother's Day,Observance
2018-05-31,Corpus Christi,National holiday
2018-06-01,Children’s Day,Observance
2018-06-21,June Solstice,Season
2018-06-23,Father's Day,Observance
2018-08-15,Assumption of Mary,National holiday
2018-09-23,September Equinox,Season
2018-11-01,All Saints' Day,National holiday
2018-11-11,Independence Day,National holiday
2018-11-12,Independence Day Holiday,National holiday
2018-12-21,December Solstice,Season
2018-12-24,Christmas Eve,Observance
2018-12-25,Christmas Day,National holiday
2018-12-26,Second Day of Christmas,National holiday
2018-12-31,New Year's Eve,Observance
2019-01-01,New Year's Day,National holiday
2019-01-06,Epiphany,National holiday
2019-02-14,Valentine's Day,Observance
2019-03-20,March Equinox,Season
2019-04-19,Good Friday,Observance
2019-04-20,Holy Saturday,Observance
2019-04-21,Easter Sunday,National holiday
2019-04-22,Easter Monday,National holiday
2019-05-01,Labor Day / May Day,National holiday
2019-05-02,Day of the Flag,Observance
2019-05-03,Constitution Day,National holiday
2019-05-26,Mother's Day,Observance
2019-06-01,Children’s Day,Observance
2019-06-09,Whit Sunday,National holiday
2019-06-20,Corpus Christi,National holiday
2019-06-21,June Solstice,Season
2019-06-23,Father's Day,Observance
2019-08-15,Assumption of Mary,National holiday
2019-09-23,September Equinox,Season
2019-11-01,All Saints' Day,National holiday
2019-11-11,Independence Day,National holiday
2019-12-22,December Solstice,Season
2019-12-24,Christmas Eve,Observance
2019-12-25,Christmas Day,National holiday
2019-12-26,Second Day of Christmas,National holiday
2019-12-31,New Year's Eve,Observance
2020-01-01,New Year's Day,National holiday
2020-01-06,Epiphany,National holiday
2020-02-14,Valentine's Day,Observance
2020-03-20,March Equinox,Season
2020-04-10,Good Friday,Observance
2020-04-11,Holy Saturday,Observance
2020-04-12,Easter Sunday,National holiday
2020-04-13,Easter Monday,National holiday
2020-05-01,Labor Day / May Day,National holiday
2020-05-02,Day of the Flag,Observance
2020-05-03,Constitution Day,National holiday
2020-05-26,Mother's Day,Observance
2020-05-31,Whit Sunday,National holiday
2020-06-01,Children’s Day,Observance
2020-06-11,Corpus Christi,National holiday
2020-06-20,June Solstice,Season
2020-06-23,Father's Day,Observance
2020-08-15,Assumption of Mary,National holiday
2020-09-22,September Equinox,Season
2020-11-01,All Saints' Day,National holiday
2020-11-11,Independence Day,National holiday
2020-12-21,December Solstice,Season
2020-12-24,Christmas Eve,Observance
2020-12-25,Christmas Day,National holiday
2020-12-26,Second Day of Christmas,National holiday
2020-12-31,New Year's Eve,Observance
2021-01-01,New Year's Day,National holiday
2021-01-06,Epiphany,National holiday
2021-02-14,Valentine's Day,Observance
2021-03-20,March Equinox,Season
2021-04-02,Good Friday,Observance
2021-04-03,Holy Saturday,Observance
2021-04-04,Easter Sunday,National holiday
2021-04-05,Easter Monday,National holiday
2021-05-01,Labor Day / May Day,National holiday
2021-05-02,Day of the Flag,Observance
2021-05-03,Constitution Day,National holiday
2021-05-23,Whit Sunday,National holiday
2021-05-26,Mother's Day,Observance
2021-06-01,Children’s Day,Observance
2021-06-03,Corpus Christi,National holiday
2021-06-21,June Solstice,Season
2021-06-23,Father's Day,Observance
2021-08-15,Assumption of Mary,National holiday
2021-09-22,September Equinox,Season
2021-11-01,All Saints' Day,National holiday
2021-11-11,Independence Day,National holiday
2021-12-21,December Solstice,Season
2021-12-24,Christmas Eve,Observance
2021-12-25,Christmas Day,National holiday
2021-12-26,Second Day of Christmas,National holiday
2021-12-27,National Day of the Victorious Greater Poland Uprising,Observance
2021-12-31,New Year's Eve,Observance
2022-01-01,New Year's Day,National holiday
2022-01-06,Epiphany,National holiday
2022-02-14,Valentine's Day,Observance
2022-03-20,March Equinox,Season
2022-04-15,Good Friday,Observance
2022-04-16,Holy Saturday,Observance
2022-04-17,Easter Sunday,National holiday
2022-04-18,Easter Monday,National holiday
2022-05-01,Labor Day / May Day,National holiday
2022-05-02,Day of the Flag,Observance
2022-05-03,Constitution Day,National holiday
2022-05-26,Mother's Day,Observance
2022-06-01,Children’s Day,Observance
2022-06-05,Whit Sunday,National holiday
2022-06-16,Corpus Christi,National holiday
2022-06-21,June Solstice,Season
2022-06-23,Father's Day,Observance
2022-08-15,Assumption of Mary,National holiday
2022-09-23,September Equinox,Season
2022-11-01,All Saints' Day,National holiday
2022-11-11,Independence Day,National holiday
2022-12-21,December Solstice,Season
2022-12-24,Christmas Eve,Observance
2022-12-25,Christmas Day,National holiday
2022-12-26,Second Day of Christmas,National holiday
2022-12-27,National Day of the Victorious Greater Poland Uprising,Observance
2022-12-31,New Year's Eve,Observance
2023-01-01,New Year's Day,National holiday
2023-01-06,Epiphany,National holiday
2023-02-14,Valentine's Day,Observance
2023-03-20,March Equinox,Season
2023-04-07,Good Friday,Observance
2023-04-08,Holy Saturday,Observance
2023-04-09,Easter Sunday,National holiday
2023-04-10,Easter Monday,National holiday
2023-05-01,Labor Day / May Day,National holiday
2023-05-02,Day of the Flag,Observance
2023-05-03,Constitution Day,National holiday
2023-05-26,Mother's Day,Observance
2023-05-28,Whit Sunday,National holiday
2023-06-01,Children’s Day,Observance
2023-06-08,Corpus Christi,National holiday
2023-06-21,June Solstice,Season
2023-06-23,Father's Day,Observance
2023-08-15,Assumption of Mary,National holiday
2023-09-23,September Equinox,Season
2023-11-01,All Saints' Day,National holiday
2023-11-11,Independence Day,National holiday
2023-12-22,December Solstice,Season
2023-12-24,Christmas Eve,Observance
2023-12-25,Christmas Day,National holiday
2023-12-26,Second Day of Christmas,National holiday
2023-12-27,National Day of the Victorious Greater Poland Uprising,Observance
2023-12-31,New Year's Eve,Observance
