SOUID,DATE,PP,STAID,SOUNAME,CN,LAT,LON,HGHT,ELEI,BEGIN,END,PARID,PARNAME
107333,2017,10145.693989071038,2022,KOSZALIN,PL,+54:12:16,+016:09:19,33, PP2,1966-01-02,2022-09-30,26,Miroslaw Mietus
107333,2018,10161.704918032787,2022,KOSZALIN,PL,+54:12:16,+016:09:19,33, PP2,1966-01-02,2022-09-30,26,Miroslaw Mietus
107333,2019,10136.918032786885,2022,KOSZALIN,PL,+54:12:16,+016:09:19,33, PP2,1966-01-02,2022-09-30,26,Miroslaw Mietus
107333,2020,10149.273224043716,2022,KOSZALIN,PL,+54:12:16,+016:09:19,33, PP2,1966-01-02,2022-09-30,26,Miroslaw Mietus
107333,2021,10147.95081967213,2022,KOSZALIN,PL,+54:12:16,+016:09:19,33, PP2,1966-01-02,2022-09-30,26,Miroslaw Mietus
107334,2017,10140.863387978143,332,LEBA,PL,+54:45:13,+017:32:05,2, PP2,1961-08-02,2022-09-30,26,Miroslaw Mietus
107334,2018,10161.311475409837,332,LEBA,PL,+54:45:13,+017:32:05,2, PP2,1961-08-02,2022-09-30,26,Miroslaw Mietus
107334,2019,10133.409836065573,332,LEBA,PL,+54:45:13,+017:32:05,2, PP2,1961-08-02,2022-09-30,26,Miroslaw Mietus
107334,2020,10144.74863387978,332,LEBA,PL,+54:45:13,+017:32:05,2, PP2,1961-08-02,2022-09-30,26,Miroslaw Mietus
107334,2021,10143.448087431694,332,LEBA,PL,+54:45:13,+017:32:05,2, PP2,1961-08-02,2022-09-30,26,Miroslaw Mietus
107335,2017,10140.88524590164,205,HEL,PL,+54:36:13,+018:48:43,1, PP2,1960-01-02,2022-09-30,26,Miroslaw Mietus
107335,2018,10162.72131147541,205,HEL,PL,+54:36:13,+018:48:43,1, PP2,1960-01-02,2022-09-30,26,Miroslaw Mietus
107335,2019,10135.333333333334,205,HEL,PL,+54:36:13,+018:48:43,1, PP2,1960-01-02,2022-09-30,26,Miroslaw Mietus
107335,2020,10147.475409836066,205,HEL,PL,+54:36:13,+018:48:43,1, PP2,1960-01-02,2022-09-30,26,Miroslaw Mietus
107335,2021,10145.125683060109,205,HEL,PL,+54:36:13,+018:48:43,1, PP2,1960-01-02,2022-09-30,26,Miroslaw Mietus
107336,2017,10145.622950819672,396,ELBLAG,PL,+54:13:24,+019:32:37,189, PP2,1961-01-02,2022-09-30,26,Miroslaw Mietus
107336,2018,10168.464480874318,396,ELBLAG,PL,+54:13:24,+019:32:37,189, PP2,1961-01-02,2022-09-30,26,Miroslaw Mietus
107336,2019,10143.606557377048,396,ELBLAG,PL,+54:13:24,+019:32:37,189, PP2,1961-01-02,2022-09-30,26,Miroslaw Mietus
107336,2020,10155.63387978142,396,ELBLAG,PL,+54:13:24,+019:32:37,189, PP2,1961-01-02,2022-09-30,26,Miroslaw Mietus
107336,2021,10151.502732240437,396,ELBLAG,PL,+54:13:24,+019:32:37,189, PP2,1961-01-02,2022-09-30,26,Miroslaw Mietus
107338,2017,10147.527472527472,696,SWINOUJSCIE,PL,+53:55:24,+014:14:32,5, PP2,1960-01-02,2022-09-30,26,Miroslaw Mietus
107338,2018,10161.729281767955,696,SWINOUJSCIE,PL,+53:55:24,+014:14:32,5, PP2,1960-01-02,2022-09-30,26,Miroslaw Mietus
107338,2019,10137.196721311475,696,SWINOUJSCIE,PL,+53:55:24,+014:14:32,5, PP2,1960-01-02,2022-09-30,26,Miroslaw Mietus
107338,2020,10149.032786885246,696,SWINOUJSCIE,PL,+53:55:24,+014:14:32,5, PP2,1960-01-02,2022-09-30,26,Miroslaw Mietus
107338,2021,10148.928961748634,696,SWINOUJSCIE,PL,+53:55:24,+014:14:32,5, PP2,1960-01-02,2022-09-30,26,Miroslaw Mietus
107339,2017,10151.77049180328,208,SZCZECIN,PL,+53:23:43,+014:37:22,1, PP2,1960-01-02,2022-09-30,26,Miroslaw Mietus
107339,2018,10162.191256830602,208,SZCZECIN,PL,+53:23:43,+014:37:22,1, PP2,1960-01-02,2022-09-30,26,Miroslaw Mietus
107339,2019,10140.25136612022,208,SZCZECIN,PL,+53:23:43,+014:37:22,1, PP2,1960-01-02,2022-09-30,26,Miroslaw Mietus
107339,2020,10152.814207650274,208,SZCZECIN,PL,+53:23:43,+014:37:22,1, PP2,1960-01-02,2022-09-30,26,Miroslaw Mietus
107339,2021,10151.84699453552,208,SZCZECIN,PL,+53:23:43,+014:37:22,1, PP2,1960-01-02,2022-09-30,26,Miroslaw Mietus
107340,2017,10149.628415300547,2026,CHOJNICE,PL,+53:42:55,+017:31:57,164, PP2,1966-01-02,2022-09-30,26,Miroslaw Mietus
107340,2018,10165.732240437159,2026,CHOJNICE,PL,+53:42:55,+017:31:57,164, PP2,1966-01-02,2022-09-30,26,Miroslaw Mietus
107340,2019,10142.289617486338,2026,CHOJNICE,PL,+53:42:55,+017:31:57,164, PP2,1966-01-02,2022-09-30,26,Miroslaw Mietus
107340,2020,10155.579234972678,2026,CHOJNICE,PL,+53:42:55,+017:31:57,164, PP2,1966-01-02,2022-09-30,26,Miroslaw Mietus
107340,2021,10152.863387978143,2026,CHOJNICE,PL,+53:42:55,+017:31:57,164, PP2,1966-01-02,2022-09-30,26,Miroslaw Mietus
107341,2017,10152.409836065573,2027,TORUN,PL,+53:02:31,+018:35:44,69, PP2,1966-01-02,2022-09-30,26,Miroslaw Mietus
107341,2018,10166.180327868853,2027,TORUN,PL,+53:02:31,+018:35:44,69, PP2,1966-01-02,2022-09-30,26,Miroslaw Mietus
107341,2019,10144.371584699453,2027,TORUN,PL,+53:02:31,+018:35:44,69, PP2,1966-01-02,2022-09-30,26,Miroslaw Mietus
107341,2020,10158.103825136612,2027,TORUN,PL,+53:02:31,+018:35:44,69, PP2,1966-01-02,2022-09-30,26,Miroslaw Mietus
107341,2021,10153.262295081968,2027,TORUN,PL,+53:02:31,+018:35:44,69, PP2,1966-01-02,2022-09-30,26,Miroslaw Mietus
107342,2017,10152.185792349726,2028,MLAWA,PL,+53:06:15,+020:21:40,147, PP2,1965-11-02,2022-09-30,26,Miroslaw Mietus
107342,2018,10168.338797814207,2028,MLAWA,PL,+53:06:15,+020:21:40,147, PP2,1965-11-02,2022-09-30,26,Miroslaw Mietus
107342,2019,10145.639344262296,2028,MLAWA,PL,+53:06:15,+020:21:40,147, PP2,1965-11-02,2022-09-30,26,Miroslaw Mietus
107342,2020,10159.84699453552,2028,MLAWA,PL,+53:06:15,+020:21:40,147, PP2,1965-11-02,2022-09-30,26,Miroslaw Mietus
107342,2021,10154.622950819672,2028,MLAWA,PL,+53:06:15,+020:21:40,147, PP2,1965-11-02,2022-09-30,26,Miroslaw Mietus
107343,2017,10146.371584699453,752,OLSZTYN,PL,+53:46:07,+020:25:17,133, PP2,1966-01-02,2022-09-30,26,Miroslaw Mietus
107343,2018,10167.262295081968,752,OLSZTYN,PL,+53:46:07,+020:25:17,133, PP2,1966-01-02,2022-09-30,26,Miroslaw Mietus
107343,2019,10142.732240437159,752,OLSZTYN,PL,+53:46:07,+020:25:17,133, PP2,1966-01-02,2022-09-30,26,Miroslaw Mietus
107343,2020,10155.51912568306,752,OLSZTYN,PL,+53:46:07,+020:25:17,133, PP2,1966-01-02,2022-09-30,26,Miroslaw Mietus
107343,2021,10151.185792349726,752,OLSZTYN,PL,+53:46:07,+020:25:17,133, PP2,1966-01-02,2022-09-30,26,Miroslaw Mietus
107344,2017,10151.601092896175,204,BIALYSTOK,PL,+53:06:26,+023:09:44,148, PP2,1966-01-02,2022-09-30,26,Miroslaw Mietus
107344,2018,10170.63387978142,204,BIALYSTOK,PL,+53:06:26,+023:09:44,148, PP2,1966-01-02,2022-09-30,26,Miroslaw Mietus
107344,2019,10148.584699453551,204,BIALYSTOK,PL,+53:06:26,+023:09:44,148, PP2,1966-01-02,2022-09-30,26,Miroslaw Mietus
107344,2020,10161.612021857924,204,BIALYSTOK,PL,+53:06:26,+023:09:44,148, PP2,1966-01-02,2022-09-30,26,Miroslaw Mietus
107344,2021,10155.508196721312,204,BIALYSTOK,PL,+53:06:26,+023:09:44,148, PP2,1966-01-02,2022-09-30,26,Miroslaw Mietus
107345,2017,10155.174863387978,2029,GORZOW WLKP,PL,+52:44:28,+015:16:38,71, PP2,1966-01-02,2022-09-30,26,Miroslaw Mietus
107345,2018,10163.497267759563,2029,GORZOW WLKP,PL,+52:44:28,+015:16:38,71, PP2,1966-01-02,2022-09-30,26,Miroslaw Mietus
107345,2019,10144.524590163934,2029,GORZOW WLKP,PL,+52:44:28,+015:16:38,71, PP2,1966-01-02,2022-09-30,26,Miroslaw Mietus
107345,2020,10158.174863387978,2029,GORZOW WLKP,PL,+52:44:28,+015:16:38,71, PP2,1966-01-02,2022-09-30,26,Miroslaw Mietus
107345,2021,10156.11475409836,2029,GORZOW WLKP,PL,+52:44:28,+015:16:38,71, PP2,1966-01-02,2022-09-30,26,Miroslaw Mietus
107346,2017,10158.884615384615,779,SLUBICE,PL,+52:20:55,+014:37:11,53, PP2,1966-01-02,2022-09-30,26,Miroslaw Mietus
107346,2017,10158.884615384615,4108,SLUBICE,PL,+52:20:55,+014:37:11,53, PP2,1966-01-02,2022-09-30,26,Miroslaw Mietus
107346,2018,10163.79781420765,779,SLUBICE,PL,+52:20:55,+014:37:11,53, PP2,1966-01-02,2022-09-30,26,Miroslaw Mietus
107346,2018,10163.79781420765,4108,SLUBICE,PL,+52:20:55,+014:37:11,53, PP2,1966-01-02,2022-09-30,26,Miroslaw Mietus
107346,2019,10145.830601092895,779,SLUBICE,PL,+52:20:55,+014:37:11,53, PP2,1966-01-02,2022-09-30,26,Miroslaw Mietus
107346,2019,10145.830601092895,4108,SLUBICE,PL,+52:20:55,+014:37:11,53, PP2,1966-01-02,2022-09-30,26,Miroslaw Mietus
107346,2020,10159.48087431694,779,SLUBICE,PL,+52:20:55,+014:37:11,53, PP2,1966-01-02,2022-09-30,26,Miroslaw Mietus
107346,2020,10159.48087431694,4108,SLUBICE,PL,+52:20:55,+014:37:11,53, PP2,1966-01-02,2022-09-30,26,Miroslaw Mietus
107346,2021,10157.901639344262,779,SLUBICE,PL,+52:20:55,+014:37:11,53, PP2,1966-01-02,2022-09-30,26,Miroslaw Mietus
107346,2021,10157.901639344262,4108,SLUBICE,PL,+52:20:55,+014:37:11,53, PP2,1966-01-02,2022-09-30,26,Miroslaw Mietus
107347,2017,10158.31693989071,206,POZNAN,PL,+52:11:59,+018:39:37,115, PP2,1966-01-02,2022-09-30,26,Miroslaw Mietus
107347,2017,10158.31693989071,25140,POZNAN,PL,+52:11:59,+018:39:37,115, PP2,1966-01-02,2022-09-30,26,Miroslaw Mietus
107347,2018,10164.718085106382,206,POZNAN,PL,+52:11:59,+018:39:37,115, PP2,1966-01-02,2022-09-30,26,Miroslaw Mietus
107347,2018,10164.718085106382,25140,POZNAN,PL,+52:11:59,+018:39:37,115, PP2,1966-01-02,2022-09-30,26,Miroslaw Mietus
107347,2019,10145.92349726776,206,POZNAN,PL,+52:11:59,+018:39:37,115, PP2,1966-01-02,2022-09-30,26,Miroslaw Mietus
107347,2019,10145.92349726776,25140,POZNAN,PL,+52:11:59,+018:39:37,115, PP2,1966-01-02,2022-09-30,26,Miroslaw Mietus
107347,2020,10159.659574468085,206,POZNAN,PL,+52:11:59,+018:39:37,115, PP2,1966-01-02,2022-09-30,26,Miroslaw Mietus
107347,2020,10159.659574468085,25140,POZNAN,PL,+52:11:59,+018:39:37,115, PP2,1966-01-02,2022-09-30,26,Miroslaw Mietus
107347,2021,10157.22950819672,206,POZNAN,PL,+52:11:59,+018:39:37,115, PP2,1966-01-02,2022-09-30,26,Miroslaw Mietus
107347,2021,10157.22950819672,25140,POZNAN,PL,+52:11:59,+018:39:37,115, PP2,1966-01-02,2022-09-30,26,Miroslaw Mietus
107348,2017,10156.016393442624,209,WARSZAWA-OKECIE,PL,+52:09:46,+020:57:40,107, PP2,1966-01-02,2022-09-30,26,Miroslaw Mietus
107348,2018,10168.51912568306,209,WARSZAWA-OKECIE,PL,+52:09:46,+020:57:40,107, PP2,1966-01-02,2022-09-30,26,Miroslaw Mietus
107348,2019,10149.322404371585,209,WARSZAWA-OKECIE,PL,+52:09:46,+020:57:40,107, PP2,1966-01-02,2022-09-30,26,Miroslaw Mietus
107348,2020,10163.939890710382,209,WARSZAWA-OKECIE,PL,+52:09:46,+020:57:40,107, PP2,1966-01-02,2022-09-30,26,Miroslaw Mietus
107348,2021,10158.092896174863,209,WARSZAWA-OKECIE,PL,+52:09:46,+020:57:40,107, PP2,1966-01-02,2022-09-30,26,Miroslaw Mietus
107349,2017,10155.75956284153,333,SIEDLCE,PL,+52:10:52,+022:14:41,152, PP2,1965-11-02,2022-09-30,26,Miroslaw Mietus
107349,2018,10170.726775956284,333,SIEDLCE,PL,+52:10:52,+022:14:41,152, PP2,1965-11-02,2022-09-30,26,Miroslaw Mietus
107349,2019,10151.31693989071,333,SIEDLCE,PL,+52:10:52,+022:14:41,152, PP2,1965-11-02,2022-09-30,26,Miroslaw Mietus
107349,2020,10165.75956284153,333,SIEDLCE,PL,+52:10:52,+022:14:41,152, PP2,1965-11-02,2022-09-30,26,Miroslaw Mietus
107349,2021,10159.464480874318,333,SIEDLCE,PL,+52:10:52,+022:14:41,152, PP2,1965-11-02,2022-09-30,26,Miroslaw Mietus
107350,2017,10156.551912568306,922,TERESPOL,PL,+52:04:43,+023:37:19,133, PP2,1966-01-02,2022-09-30,26,Miroslaw Mietus
107350,2018,10171.83606557377,922,TERESPOL,PL,+52:04:43,+023:37:19,133, PP2,1966-01-02,2022-09-30,26,Miroslaw Mietus
107350,2019,10152.77049180328,922,TERESPOL,PL,+52:04:43,+023:37:19,133, PP2,1966-01-02,2022-09-30,26,Miroslaw Mietus
107350,2020,10167.005464480875,922,TERESPOL,PL,+52:04:43,+023:37:19,133, PP2,1966-01-02,2022-09-30,26,Miroslaw Mietus
107350,2021,10160.142076502732,922,TERESPOL,PL,+52:04:43,+023:37:19,133, PP2,1966-01-02,2022-09-30,26,Miroslaw Mietus
107351,2017,10162.185792349726,2031,ZIELONA GORA,PL,+51:55:48,+015:31:29,192, PP2,1966-01-02,2022-09-30,26,Miroslaw Mietus
107351,2018,10165.437158469946,2031,ZIELONA GORA,PL,+51:55:48,+015:31:29,192, PP2,1966-01-02,2022-09-30,26,Miroslaw Mietus
107351,2019,10148.27868852459,2031,ZIELONA GORA,PL,+51:55:48,+015:31:29,192, PP2,1966-01-02,2022-09-30,26,Miroslaw Mietus
107351,2020,10162.573770491803,2031,ZIELONA GORA,PL,+51:55:48,+015:31:29,192, PP2,1966-01-02,2022-09-30,26,Miroslaw Mietus
107351,2021,10160.513661202185,2031,ZIELONA GORA,PL,+51:55:48,+015:31:29,192, PP2,1966-01-02,2022-09-30,26,Miroslaw Mietus
107352,2017,10163.120218579235,923,LESZNO,PL,+51:50:08,+016:32:05,91, PP2,1966-01-02,2022-09-30,26,Miroslaw Mietus
107352,2018,10166.07650273224,923,LESZNO,PL,+51:50:08,+016:32:05,91, PP2,1966-01-02,2022-09-30,26,Miroslaw Mietus
107352,2019,10149.472527472528,923,LESZNO,PL,+51:50:08,+016:32:05,91, PP2,1966-01-02,2022-09-30,26,Miroslaw Mietus
107352,2020,10163.530054644809,923,LESZNO,PL,+51:50:08,+016:32:05,91, PP2,1966-01-02,2022-09-30,26,Miroslaw Mietus
107352,2021,10160.661202185793,923,LESZNO,PL,+51:50:08,+016:32:05,91, PP2,1966-01-02,2022-09-30,26,Miroslaw Mietus
107353,2017,10166.628415300547,210,WROCLAW,PL,+51:06:12,+016:54:00,120, PP2,1966-01-02,2022-09-30,26,Miroslaw Mietus
107353,2018,10167.349726775956,210,WROCLAW,PL,+51:06:12,+016:54:00,120, PP2,1966-01-02,2022-09-30,26,Miroslaw Mietus
107353,2019,10151.754098360656,210,WROCLAW,PL,+51:06:12,+016:54:00,120, PP2,1966-01-02,2022-09-30,26,Miroslaw Mietus
107353,2020,10167.120218579235,210,WROCLAW,PL,+51:06:12,+016:54:00,120, PP2,1966-01-02,2022-09-30,26,Miroslaw Mietus
107353,2021,10164.207650273223,210,WROCLAW,PL,+51:06:12,+016:54:00,120, PP2,1966-01-02,2022-09-30,26,Miroslaw Mietus
107354,2017,10164.094444444445,924,WIELUN,PL,+51:12:37,+018:33:24,199, PP2,1965-11-02,2022-09-30,26,Miroslaw Mietus
107354,2018,10168.573770491803,924,WIELUN,PL,+51:12:37,+018:33:24,199, PP2,1965-11-02,2022-09-30,26,Miroslaw Mietus
107354,2019,10151.688524590163,924,WIELUN,PL,+51:12:37,+018:33:24,199, PP2,1965-11-02,2022-09-30,26,Miroslaw Mietus
107354,2020,10167.207650273223,924,WIELUN,PL,+51:12:37,+018:33:24,199, PP2,1965-11-02,2022-09-30,26,Miroslaw Mietus
107354,2021,10164.22950819672,924,WIELUN,PL,+51:12:37,+018:33:24,199, PP2,1965-11-02,2022-09-30,26,Miroslaw Mietus
107355,2017,10163.207650273223,926,SULEJOW,PL,+51:21:12,+019:51:59,188, PP2,1966-01-06,2022-09-30,26,Miroslaw Mietus
107355,2018,10170.540983606557,926,SULEJOW,PL,+51:21:12,+019:51:59,188, PP2,1966-01-06,2022-09-30,26,Miroslaw Mietus
107355,2019,10152.284153005465,926,SULEJOW,PL,+51:21:12,+019:51:59,188, PP2,1966-01-06,2022-09-30,26,Miroslaw Mietus
107355,2020,10168.508196721312,926,SULEJOW,PL,+51:21:12,+019:51:59,188, PP2,1966-01-06,2022-09-30,26,Miroslaw Mietus
107355,2021,10163.464480874318,926,SULEJOW,PL,+51:21:12,+019:51:59,188, PP2,1966-01-06,2022-09-30,26,Miroslaw Mietus
107356,2017,10159.486338797815,927,WLODAWA,PL,+51:33:12,+023:31:46,177, PP2,1966-01-02,2022-09-30,26,Miroslaw Mietus
107356,2018,10172.262295081968,927,WLODAWA,PL,+51:33:12,+023:31:46,177, PP2,1966-01-02,2022-09-30,26,Miroslaw Mietus
107356,2019,10154.300546448087,927,WLODAWA,PL,+51:33:12,+023:31:46,177, PP2,1966-01-02,2022-09-30,26,Miroslaw Mietus
107356,2020,10169.169398907105,927,WLODAWA,PL,+51:33:12,+023:31:46,177, PP2,1966-01-02,2022-09-30,26,Miroslaw Mietus
107356,2021,10162.010928961749,927,WLODAWA,PL,+51:33:12,+023:31:46,177, PP2,1966-01-02,2022-09-30,26,Miroslaw Mietus
107357,2017,10175.92349726776,2036,KLODZKO,PL,+50:26:13,+016:36:51,356, PP2,1966-01-02,2022-09-30,26,Miroslaw Mietus
107357,2018,10173.868852459016,2036,KLODZKO,PL,+50:26:13,+016:36:51,356, PP2,1966-01-02,2022-09-30,26,Miroslaw Mietus
107357,2019,10161.36612021858,2036,KLODZKO,PL,+50:26:13,+016:36:51,356, PP2,1966-01-02,2022-09-30,26,Miroslaw Mietus
107357,2020,10177.628415300547,2036,KLODZKO,PL,+50:26:13,+016:36:51,356, PP2,1966-01-02,2022-09-30,26,Miroslaw Mietus
107357,2021,10173.737704918032,2036,KLODZKO,PL,+50:26:13,+016:36:51,356, PP2,1966-01-02,2022-09-30,26,Miroslaw Mietus
107358,2017,10173.538461538461,928,RACIBORZ,PL,+50:03:40,+018:11:27,206, PP2,1966-01-02,2022-09-30,26,Miroslaw Mietus
107358,2018,10172.4043715847,928,RACIBORZ,PL,+50:03:40,+018:11:27,206, PP2,1966-01-02,2022-09-30,26,Miroslaw Mietus
107358,2019,10159.36612021858,928,RACIBORZ,PL,+50:03:40,+018:11:27,206, PP2,1966-01-02,2022-09-30,26,Miroslaw Mietus
107358,2020,10175.95081967213,928,RACIBORZ,PL,+50:03:40,+018:11:27,206, PP2,1966-01-02,2022-09-30,26,Miroslaw Mietus
107358,2021,10171.224043715847,928,RACIBORZ,PL,+50:03:40,+018:11:27,206, PP2,1966-01-02,2022-09-30,26,Miroslaw Mietus
107361,2017,10167.08743169399,2038,KIELCE,PL,+50:48:38,+020:41:32,260, PP2,1966-01-02,2022-09-30,26,Miroslaw Mietus
107361,2018,10172.92349726776,2038,KIELCE,PL,+50:48:38,+020:41:32,260, PP2,1966-01-02,2022-09-30,26,Miroslaw Mietus
107361,2019,10158.213114754099,2038,KIELCE,PL,+50:48:38,+020:41:32,260, PP2,1966-01-02,2022-09-30,26,Miroslaw Mietus
107361,2020,10174.371584699453,2038,KIELCE,PL,+50:48:38,+020:41:32,260, PP2,1966-01-02,2022-09-30,26,Miroslaw Mietus
107361,2021,10168.77049180328,2038,KIELCE,PL,+50:48:38,+020:41:32,260, PP2,1966-01-02,2022-09-30,26,Miroslaw Mietus
107362,2017,10168.765027322404,207,RZESZOW JASIONKA,PL,+50:06:39,+022:02:32,206, PP2,1966-01-02,2022-09-30,26,Miroslaw Mietus
107362,2018,10173.715846994535,207,RZESZOW JASIONKA,PL,+50:06:39,+022:02:32,206, PP2,1966-01-02,2022-09-30,26,Miroslaw Mietus
107362,2019,10160.174863387978,207,RZESZOW JASIONKA,PL,+50:06:39,+022:02:32,206, PP2,1966-01-02,2022-09-30,26,Miroslaw Mietus
107362,2020,10176.060109289618,207,RZESZOW JASIONKA,PL,+50:06:39,+022:02:32,206, PP2,1966-01-02,2022-09-30,26,Miroslaw Mietus
107362,2021,10169.672131147541,207,RZESZOW JASIONKA,PL,+50:06:39,+022:02:32,206, PP2,1966-01-02,2022-09-30,26,Miroslaw Mietus
107363,2017,10174.169398907105,930,BIELSKO-BIALA,PL,+49:48:26,+019:00:01,396, PP2,1966-01-02,2022-09-30,26,Miroslaw Mietus
107363,2018,10173.344262295082,930,BIELSKO-BIALA,PL,+49:48:26,+019:00:01,396, PP2,1966-01-02,2022-09-30,26,Miroslaw Mietus
107363,2019,10160.672131147541,930,BIELSKO-BIALA,PL,+49:48:26,+019:00:01,396, PP2,1966-01-02,2022-09-30,26,Miroslaw Mietus
107363,2020,10178.213114754099,930,BIELSKO-BIALA,PL,+49:48:26,+019:00:01,396, PP2,1966-01-02,2022-09-30,26,Miroslaw Mietus
107363,2021,10173.207650273223,930,BIELSKO-BIALA,PL,+49:48:26,+019:00:01,396, PP2,1966-01-02,2022-09-30,26,Miroslaw Mietus
107364,2017,10174.34065934066,932,NOWY SACZ,PL,+49:37:38,+020:41:19,292, PP2,1966-01-02,2022-09-30,26,Miroslaw Mietus
107364,2018,10175.34065934066,932,NOWY SACZ,PL,+49:37:38,+020:41:19,292, PP2,1966-01-02,2022-09-30,26,Miroslaw Mietus
107364,2019,10160.698324022347,932,NOWY SACZ,PL,+49:37:38,+020:41:19,292, PP2,1966-01-02,2022-09-30,26,Miroslaw Mietus
107364,2020,10178.598901098901,932,NOWY SACZ,PL,+49:37:38,+020:41:19,292, PP2,1966-01-02,2022-09-30,26,Miroslaw Mietus
107364,2021,10173.601092896175,932,NOWY SACZ,PL,+49:37:38,+020:41:19,292, PP2,1966-01-02,2022-09-30,26,Miroslaw Mietus
107365,2017,10175.349726775956,933,LESKO,PL,+49:27:59,+022:20:30,420, PP2,1966-01-02,2022-09-30,26,Miroslaw Mietus
107365,2018,10177.579234972678,933,LESKO,PL,+49:27:59,+022:20:30,420, PP2,1966-01-02,2022-09-30,26,Miroslaw Mietus
107365,2019,10165.109289617487,933,LESKO,PL,+49:27:59,+022:20:30,420, PP2,1966-01-02,2022-09-30,26,Miroslaw Mietus
107365,2020,10179.289617486338,933,LESKO,PL,+49:27:59,+022:20:30,420, PP2,1966-01-02,2022-09-30,26,Miroslaw Mietus
107365,2021,10172.939890710382,933,LESKO,PL,+49:27:59,+022:20:30,420, PP2,1966-01-02,2022-09-30,26,Miroslaw Mietus
239995,2017,10172.95081967213,25128,JELENIA GORA,PL,+50:54:01,+015:47:20,427, PP2,1966-01-02,2022-09-30,26,Miroslaw Mietus
239995,2018,10171.814207650274,25128,JELENIA GORA,PL,+50:54:01,+015:47:20,427, PP2,1966-01-02,2022-09-30,26,Miroslaw Mietus
239995,2019,10158.245901639344,25128,JELENIA GORA,PL,+50:54:01,+015:47:20,427, PP2,1966-01-02,2022-09-30,26,Miroslaw Mietus
239995,2020,10173.387978142076,25128,JELENIA GORA,PL,+50:54:01,+015:47:20,427, PP2,1966-01-02,2022-09-30,26,Miroslaw Mietus
239995,2021,10170.486338797815,25128,JELENIA GORA,PL,+50:54:01,+015:47:20,427, PP2,1966-01-02,2022-09-30,26,Miroslaw Mietus
240019,2017,10169.989071038251,25130,OPOLE,PL,+50:37:37,+017:58:08,163, PP2,1966-01-02,2022-09-30,26,Miroslaw Mietus
240019,2018,10170.360655737704,25130,OPOLE,PL,+50:37:37,+017:58:08,163, PP2,1966-01-02,2022-09-30,26,Miroslaw Mietus
240019,2019,10156.125683060109,25130,OPOLE,PL,+50:37:37,+017:58:08,163, PP2,1966-01-02,2022-09-30,26,Miroslaw Mietus
240019,2020,10171.355191256831,25130,OPOLE,PL,+50:37:37,+017:58:08,163, PP2,1966-01-02,2022-09-30,26,Miroslaw Mietus
240019,2021,10167.43169398907,25130,OPOLE,PL,+50:37:37,+017:58:08,163, PP2,1966-01-02,2022-09-30,26,Miroslaw Mietus
240031,2017,10169.07650273224,25131,CZOSTOCHOWA,PL,+50:48:45,+019:05:33,266, PP2,1966-01-02,2022-09-30,26,Miroslaw Mietus
240031,2018,10172.894444444444,25131,CZOSTOCHOWA,PL,+50:48:45,+019:05:33,266, PP2,1966-01-02,2022-09-30,26,Miroslaw Mietus
240031,2019,10155.420765027322,25131,CZOSTOCHOWA,PL,+50:48:45,+019:05:33,266, PP2,1966-01-02,2022-09-30,26,Miroslaw Mietus
240031,2020,10172.196721311475,25131,CZOSTOCHOWA,PL,+50:48:45,+019:05:33,266, PP2,1966-01-02,2022-09-30,26,Miroslaw Mietus
240031,2021,10167.224719101123,25131,CZOSTOCHOWA,PL,+50:48:45,+019:05:33,266, PP2,1966-01-02,2022-09-30,26,Miroslaw Mietus
240043,2017,10172.333333333334,2037,KATOWICE-MUCHOWIEC,PL,+50:14:26,+019:01:58,281, PP2,1966-01-02,2022-09-30,26,Miroslaw Mietus
240043,2017,10172.333333333334,25132,KATOWICE-MUCHOWIEC,PL,+50:14:26,+019:01:58,281, PP2,1966-01-02,2022-09-30,26,Miroslaw Mietus
240043,2018,10172.84699453552,2037,KATOWICE-MUCHOWIEC,PL,+50:14:26,+019:01:58,281, PP2,1966-01-02,2022-09-30,26,Miroslaw Mietus
240043,2018,10172.84699453552,25132,KATOWICE-MUCHOWIEC,PL,+50:14:26,+019:01:58,281, PP2,1966-01-02,2022-09-30,26,Miroslaw Mietus
240043,2019,10158.978142076503,2037,KATOWICE-MUCHOWIEC,PL,+50:14:26,+019:01:58,281, PP2,1966-01-02,2022-09-30,26,Miroslaw Mietus
240043,2019,10158.978142076503,25132,KATOWICE-MUCHOWIEC,PL,+50:14:26,+019:01:58,281, PP2,1966-01-02,2022-09-30,26,Miroslaw Mietus
240043,2020,10175.808743169398,2037,KATOWICE-MUCHOWIEC,PL,+50:14:26,+019:01:58,281, PP2,1966-01-02,2022-09-30,26,Miroslaw Mietus
240043,2020,10175.808743169398,25132,KATOWICE-MUCHOWIEC,PL,+50:14:26,+019:01:58,281, PP2,1966-01-02,2022-09-30,26,Miroslaw Mietus
240043,2021,10170.650273224044,2037,KATOWICE-MUCHOWIEC,PL,+50:14:26,+019:01:58,281, PP2,1966-01-02,2022-09-30,26,Miroslaw Mietus
240043,2021,10170.650273224044,25132,KATOWICE-MUCHOWIEC,PL,+50:14:26,+019:01:58,281, PP2,1966-01-02,2022-09-30,26,Miroslaw Mietus
240055,2017,10171.56830601093,929,KRAKOW-BALICE,PL,+50:04:49,+019:48:07,234, PP2,1961-01-02,2022-09-30,26,Miroslaw Mietus
240055,2017,10171.56830601093,25133,KRAKOW-BALICE,PL,+50:04:49,+019:48:07,234, PP2,1961-01-02,2022-09-30,26,Miroslaw Mietus
240055,2018,10172.448087431694,929,KRAKOW-BALICE,PL,+50:04:49,+019:48:07,234, PP2,1961-01-02,2022-09-30,26,Miroslaw Mietus
240055,2018,10172.448087431694,25133,KRAKOW-BALICE,PL,+50:04:49,+019:48:07,234, PP2,1961-01-02,2022-09-30,26,Miroslaw Mietus
240055,2019,10160.125683060109,929,KRAKOW-BALICE,PL,+50:04:49,+019:48:07,234, PP2,1961-01-02,2022-09-30,26,Miroslaw Mietus
240055,2019,10160.125683060109,25133,KRAKOW-BALICE,PL,+50:04:49,+019:48:07,234, PP2,1961-01-02,2022-09-30,26,Miroslaw Mietus
240055,2020,10177.79781420765,929,KRAKOW-BALICE,PL,+50:04:49,+019:48:07,234, PP2,1961-01-02,2022-09-30,26,Miroslaw Mietus
240055,2020,10177.79781420765,25133,KRAKOW-BALICE,PL,+50:04:49,+019:48:07,234, PP2,1961-01-02,2022-09-30,26,Miroslaw Mietus
240055,2021,10172.530054644809,929,KRAKOW-BALICE,PL,+50:04:49,+019:48:07,234, PP2,1961-01-02,2022-09-30,26,Miroslaw Mietus
240055,2021,10172.530054644809,25133,KRAKOW-BALICE,PL,+50:04:49,+019:48:07,234, PP2,1961-01-02,2022-09-30,26,Miroslaw Mietus
240067,2017,10169.890710382513,25134,TARNOW,PL,+50:01:48,+020:59:04,207, PP2,1966-01-02,2022-09-30,26,Miroslaw Mietus
240067,2018,10172.95,25134,TARNOW,PL,+50:01:48,+020:59:04,207, PP2,1966-01-02,2022-09-30,26,Miroslaw Mietus
240067,2019,10158.181318681318,25134,TARNOW,PL,+50:01:48,+020:59:04,207, PP2,1966-01-02,2022-09-30,26,Miroslaw Mietus
240067,2020,10176.475409836066,25134,TARNOW,PL,+50:01:48,+020:59:04,207, PP2,1966-01-02,2022-09-30,26,Miroslaw Mietus
240067,2021,10170.445054945056,25134,TARNOW,PL,+50:01:48,+020:59:04,207, PP2,1966-01-02,2022-09-30,26,Miroslaw Mietus
240079,2017,10165.456043956045,25135,SANDOMIERZ,PL,+50:41:48,+021:42:57,143, PP2,1966-01-02,2022-09-30,26,Miroslaw Mietus
240079,2018,10171.258241758242,25135,SANDOMIERZ,PL,+50:41:48,+021:42:57,143, PP2,1966-01-02,2022-09-30,26,Miroslaw Mietus
240079,2019,10155.68156424581,25135,SANDOMIERZ,PL,+50:41:48,+021:42:57,143, PP2,1966-01-02,2022-09-30,26,Miroslaw Mietus
240079,2020,10172.241758241758,25135,SANDOMIERZ,PL,+50:41:48,+021:42:57,143, PP2,1966-01-02,2022-09-30,26,Miroslaw Mietus
240079,2021,10165.817679558011,25135,SANDOMIERZ,PL,+50:41:48,+021:42:57,143, PP2,1966-01-02,2022-09-30,26,Miroslaw Mietus
240091,2017,10166.104972375691,25136,ZAMOSC,PL,+50:41:52,+023:12:23,258, PP2,1965-11-02,2022-09-30,26,Miroslaw Mietus
240091,2018,10174.010928961749,25136,ZAMOSC,PL,+50:41:52,+023:12:23,258, PP2,1965-11-02,2022-09-30,26,Miroslaw Mietus
240091,2019,10158.306010928962,25136,ZAMOSC,PL,+50:41:52,+023:12:23,258, PP2,1965-11-02,2022-09-30,26,Miroslaw Mietus
240091,2020,10173.786885245901,25136,ZAMOSC,PL,+50:41:52,+023:12:23,258, PP2,1965-11-02,2022-09-30,26,Miroslaw Mietus
240091,2021,10167.424581005587,25136,ZAMOSC,PL,+50:41:52,+023:12:23,258, PP2,1965-11-02,2022-09-30,26,Miroslaw Mietus
240115,2017,10165.765027322404,25138,LEGNICA,PL,+51:11:33,+016:12:27,134, PP2,1966-01-02,2022-09-30,26,Miroslaw Mietus
240115,2018,10165.934065934065,25138,LEGNICA,PL,+51:11:33,+016:12:27,134, PP2,1966-01-02,2022-09-30,26,Miroslaw Mietus
240115,2019,10151.699453551913,25138,LEGNICA,PL,+51:11:33,+016:12:27,134, PP2,1966-01-02,2022-09-30,26,Miroslaw Mietus
240115,2020,10166.426229508197,25138,LEGNICA,PL,+51:11:33,+016:12:27,134, PP2,1966-01-02,2022-09-30,26,Miroslaw Mietus
240115,2021,10163.928961748634,25138,LEGNICA,PL,+51:11:33,+016:12:27,134, PP2,1966-01-02,2022-09-30,26,Miroslaw Mietus
240127,2017,10162.890710382513,25139,LUBLIN-RADAWIEC,PL,+51:13:01,+022:23:37,228, PP2,1966-01-02,2022-09-30,26,Miroslaw Mietus
240127,2018,10172.890710382513,25139,LUBLIN-RADAWIEC,PL,+51:13:01,+022:23:37,228, PP2,1966-01-02,2022-09-30,26,Miroslaw Mietus
240127,2019,10155.666666666666,25139,LUBLIN-RADAWIEC,PL,+51:13:01,+022:23:37,228, PP2,1966-01-02,2022-09-30,26,Miroslaw Mietus
240127,2020,10170.852459016394,25139,LUBLIN-RADAWIEC,PL,+51:13:01,+022:23:37,228, PP2,1966-01-02,2022-09-30,26,Miroslaw Mietus
240127,2021,10164.16393442623,25139,LUBLIN-RADAWIEC,PL,+51:13:01,+022:23:37,228, PP2,1966-01-02,2022-09-30,26,Miroslaw Mietus
240139,2017,10156.989071038251,206,KOLO,PL,+52:12:01,+018:39:41,113, PP2,1966-01-02,2020-12-27,26,Miroslaw Mietus
240139,2017,10156.989071038251,25140,KOLO,PL,+52:12:01,+018:39:41,113, PP2,1966-01-02,2020-12-27,26,Miroslaw Mietus
240139,2018,10167.112359550561,206,KOLO,PL,+52:12:01,+018:39:41,113, PP2,1966-01-02,2020-12-27,26,Miroslaw Mietus
240139,2018,10167.112359550561,25140,KOLO,PL,+52:12:01,+018:39:41,113, PP2,1966-01-02,2020-12-27,26,Miroslaw Mietus
240139,2019,10146.972677595628,206,KOLO,PL,+52:12:01,+018:39:41,113, PP2,1966-01-02,2020-12-27,26,Miroslaw Mietus
240139,2019,10146.972677595628,25140,KOLO,PL,+52:12:01,+018:39:41,113, PP2,1966-01-02,2020-12-27,26,Miroslaw Mietus
240139,2020,10162.792134831461,206,KOLO,PL,+52:12:01,+018:39:41,113, PP2,1966-01-02,2020-12-27,26,Miroslaw Mietus
240139,2020,10162.792134831461,25140,KOLO,PL,+52:12:01,+018:39:41,113, PP2,1966-01-02,2020-12-27,26,Miroslaw Mietus
240151,2017,10155.0,25141,PLOCK,PL,+52:35:18,+019:43:33,87, PP2,1966-01-02,2022-09-30,26,Miroslaw Mietus
240151,2018,10166.23076923077,25141,PLOCK,PL,+52:35:18,+019:43:33,87, PP2,1966-01-02,2022-09-30,26,Miroslaw Mietus
240151,2019,10145.45856353591,25141,PLOCK,PL,+52:35:18,+019:43:33,87, PP2,1966-01-02,2022-09-30,26,Miroslaw Mietus
240151,2020,10162.1797752809,25141,PLOCK,PL,+52:35:18,+019:43:33,87, PP2,1966-01-02,2022-09-30,26,Miroslaw Mietus
240151,2021,10155.923076923076,25141,PLOCK,PL,+52:35:18,+019:43:33,87, PP2,1966-01-02,2022-09-30,26,Miroslaw Mietus
240163,2018,10181.263157894737,25142,RESKO-SMOLSKO,PL,+53:46:18,+015:24:53,66, PP2,1966-01-02,2022-09-30,26,Miroslaw Mietus
240163,2019,10135.692307692309,25142,RESKO-SMOLSKO,PL,+53:46:18,+015:24:53,66, PP2,1966-01-02,2022-09-30,26,Miroslaw Mietus
240163,2020,10150.533707865168,25142,RESKO-SMOLSKO,PL,+53:46:18,+015:24:53,66, PP2,1966-01-02,2022-09-30,26,Miroslaw Mietus
240163,2021,10150.039772727272,25142,RESKO-SMOLSKO,PL,+53:46:18,+015:24:53,66, PP2,1966-01-02,2022-09-30,26,Miroslaw Mietus
240199,2017,10147.88524590164,25145,MIKOLAJKI,PL,+53:47:22,+021:35:19,144, PP2,1966-01-02,2022-09-30,26,Miroslaw Mietus
240199,2018,10168.95081967213,25145,MIKOLAJKI,PL,+53:47:22,+021:35:19,144, PP2,1966-01-02,2022-09-30,26,Miroslaw Mietus
240199,2019,10143.693989071038,25145,MIKOLAJKI,PL,+53:47:22,+021:35:19,144, PP2,1966-01-02,2022-09-30,26,Miroslaw Mietus
240199,2020,10156.306010928962,25145,MIKOLAJKI,PL,+53:47:22,+021:35:19,144, PP2,1966-01-02,2022-09-30,26,Miroslaw Mietus
240199,2021,10151.655737704918,25145,MIKOLAJKI,PL,+53:47:22,+021:35:19,144, PP2,1966-01-02,2022-09-30,26,Miroslaw Mietus
240223,2017,10145.508196721312,25147,KOLOBRZEG-DZWIRZYNO,PL,+54:09:30,+015:23:20,1, PP2,1960-01-02,2022-09-30,26,Miroslaw Mietus
240223,2018,10160.622950819672,25147,KOLOBRZEG-DZWIRZYNO,PL,+54:09:30,+015:23:20,1, PP2,1960-01-02,2022-09-30,26,Miroslaw Mietus
240223,2019,10135.841530054644,25147,KOLOBRZEG-DZWIRZYNO,PL,+54:09:30,+015:23:20,1, PP2,1960-01-02,2022-09-30,26,Miroslaw Mietus
240223,2020,10147.48087431694,25147,KOLOBRZEG-DZWIRZYNO,PL,+54:09:30,+015:23:20,1, PP2,1960-01-02,2022-09-30,26,Miroslaw Mietus
240223,2021,10146.879781420765,25147,KOLOBRZEG-DZWIRZYNO,PL,+54:09:30,+015:23:20,1, PP2,1960-01-02,2022-09-30,26,Miroslaw Mietus
240235,2017,10140.983606557376,25148,USTKA,PL,+54:35:18,+016:51:15,18, PP2,1960-01-02,2022-09-30,26,Miroslaw Mietus
240235,2018,10159.978142076503,25148,USTKA,PL,+54:35:18,+016:51:15,18, PP2,1960-01-02,2022-09-30,26,Miroslaw Mietus
240235,2019,10133.693989071038,25148,USTKA,PL,+54:35:18,+016:51:15,18, PP2,1960-01-02,2022-09-30,26,Miroslaw Mietus
240235,2020,10145.07650273224,25148,USTKA,PL,+54:35:18,+016:51:15,18, PP2,1960-01-02,2022-09-30,26,Miroslaw Mietus
240235,2021,10144.220994475138,25148,USTKA,PL,+54:35:18,+016:51:15,18, PP2,1960-01-02,2022-09-30,26,Miroslaw Mietus
240247,2017,10139.890710382513,25149,LEBORK,PL,+54:33:11,+017:43:25,45, PP2,1966-01-02,2022-09-30,26,Miroslaw Mietus
240247,2018,10159.39226519337,25149,LEBORK,PL,+54:33:11,+017:43:25,45, PP2,1966-01-02,2022-09-30,26,Miroslaw Mietus
240247,2019,10132.591160220994,25149,LEBORK,PL,+54:33:11,+017:43:25,45, PP2,1966-01-02,2022-09-30,26,Miroslaw Mietus
240247,2020,10145.207650273223,25149,LEBORK,PL,+54:33:11,+017:43:25,45, PP2,1966-01-02,2022-09-30,26,Miroslaw Mietus
240247,2021,10142.93888888889,25149,LEBORK,PL,+54:33:11,+017:43:25,45, PP2,1966-01-02,2022-09-30,26,Miroslaw Mietus
240271,2017,10144.448087431694,25151,ELBLAG-MILEJEWO,PL,+54:13:23,+019:32:37,151, PP2,1960-01-02,2022-09-30,26,Miroslaw Mietus
240271,2018,10165.180327868853,25151,ELBLAG-MILEJEWO,PL,+54:13:23,+019:32:37,151, PP2,1960-01-02,2022-09-30,26,Miroslaw Mietus
240271,2019,10139.48087431694,25151,ELBLAG-MILEJEWO,PL,+54:13:23,+019:32:37,151, PP2,1960-01-02,2022-09-30,26,Miroslaw Mietus
240271,2020,10151.857923497268,25151,ELBLAG-MILEJEWO,PL,+54:13:23,+019:32:37,151, PP2,1960-01-02,2022-09-30,26,Miroslaw Mietus
240271,2021,10148.546448087433,25151,ELBLAG-MILEJEWO,PL,+54:13:23,+019:32:37,151, PP2,1960-01-02,2022-09-30,26,Miroslaw Mietus
240354,2017,10152.639344262296,8943,PILA,PL,+53:07:48,+016:45:00,72, PP2,1970-10-17,2022-09-30,26,Miroslaw Mietus
240354,2018,10163.697802197803,8943,PILA,PL,+53:07:48,+016:45:00,72, PP2,1970-10-17,2022-09-30,26,Miroslaw Mietus
240354,2019,10142.174863387978,8943,PILA,PL,+53:07:48,+016:45:00,72, PP2,1970-10-17,2022-09-30,26,Miroslaw Mietus
240354,2020,10156.07182320442,8943,PILA,PL,+53:07:48,+016:45:00,72, PP2,1970-10-17,2022-09-30,26,Miroslaw Mietus
240354,2021,10153.741758241758,8943,PILA,PL,+53:07:48,+016:45:00,72, PP2,1970-10-17,2022-09-30,26,Miroslaw Mietus
240366,2017,10143.846153846154,2023,KETRZYN,PL,+54:04:12,+021:22:12,108, PP2,1966-01-02,2022-09-30,26,Miroslaw Mietus
240366,2018,10166.081967213115,2023,KETRZYN,PL,+54:04:12,+021:22:12,108, PP2,1966-01-02,2022-09-30,26,Miroslaw Mietus
240366,2019,10140.677595628415,2023,KETRZYN,PL,+54:04:12,+021:22:12,108, PP2,1966-01-02,2022-09-30,26,Miroslaw Mietus
240366,2020,10152.945355191257,2023,KETRZYN,PL,+54:04:12,+021:22:12,108, PP2,1966-01-02,2022-09-30,26,Miroslaw Mietus
240366,2021,10148.786885245901,2023,KETRZYN,PL,+54:04:12,+021:22:12,108, PP2,1966-01-02,2022-09-30,26,Miroslaw Mietus
240398,2017,10159.207650273223,8959,KOZIENCE,PL,+51:33:53,+021:32:34,123, PP2,1977-01-02,2022-09-30,26,Miroslaw Mietus
240398,2018,10170.72131147541,8959,KOZIENCE,PL,+51:33:53,+021:32:34,123, PP2,1977-01-02,2022-09-30,26,Miroslaw Mietus
240398,2019,10151.896174863388,8959,KOZIENCE,PL,+51:33:53,+021:32:34,123, PP2,1977-01-02,2022-09-30,26,Miroslaw Mietus
240398,2020,10167.295081967213,8959,KOZIENCE,PL,+51:33:53,+021:32:34,123, PP2,1977-01-02,2022-09-30,26,Miroslaw Mietus
240398,2021,10161.409836065573,8959,KOZIENCE,PL,+51:33:53,+021:32:34,123, PP2,1977-01-02,2022-09-30,26,Miroslaw Mietus
240897,2017,10161.081967213115,2032,KALISZ,PL,+51:43:48,+018:04:48,140, PP2,1966-01-02,2022-09-30,26,Miroslaw Mietus
240897,2018,10167.48087431694,2032,KALISZ,PL,+51:43:48,+018:04:48,140, PP2,1966-01-02,2022-09-30,26,Miroslaw Mietus
240897,2019,10149.196721311475,2032,KALISZ,PL,+51:43:48,+018:04:48,140, PP2,1966-01-02,2022-09-30,26,Miroslaw Mietus
240897,2020,10164.306010928962,2032,KALISZ,PL,+51:43:48,+018:04:48,140, PP2,1966-01-02,2022-09-30,26,Miroslaw Mietus
240897,2021,10160.234972677596,2032,KALISZ,PL,+51:43:48,+018:04:48,140, PP2,1966-01-02,2022-09-30,26,Miroslaw Mietus
240899,2017,10160.825136612022,2033,LODZ,PL,+51:43:48,+019:24:00,187, PP2,1965-11-02,2022-09-30,26,Miroslaw Mietus
240899,2018,10169.781420765028,2033,LODZ,PL,+51:43:48,+019:24:00,187, PP2,1965-11-02,2022-09-30,26,Miroslaw Mietus
240899,2019,10151.699453551913,2033,LODZ,PL,+51:43:48,+019:24:00,187, PP2,1965-11-02,2022-09-30,26,Miroslaw Mietus
240899,2020,10166.96174863388,2033,LODZ,PL,+51:43:48,+019:24:00,187, PP2,1965-11-02,2022-09-30,26,Miroslaw Mietus
240899,2021,10161.530054644809,2033,LODZ,PL,+51:43:48,+019:24:00,187, PP2,1965-11-02,2022-09-30,26,Miroslaw Mietus
912105,2017,10145.71978021978,2022,KOSZALIN,PL,+54:12:00,+016:08:59,34,PP11,1980-01-01,2020-02-29,,
912105,2018,10161.560439560439,2022,KOSZALIN,PL,+54:12:00,+016:08:59,34,PP11,1980-01-01,2020-02-29,,
912105,2019,10138.945054945056,2022,KOSZALIN,PL,+54:12:00,+016:08:59,34,PP11,1980-01-01,2020-02-29,,
912105,2020,10152.005464480875,2022,KOSZALIN,PL,+54:12:00,+016:08:59,34,PP11,1980-01-01,2020-02-29,,
912105,2021,10147.194805194806,2022,KOSZALIN,PL,+54:12:00,+016:08:59,34,PP11,1980-01-01,2020-02-29,,
912115,2017,10141.054945054944,25148,USTKA,PL,+54:35:00,+016:52:00,11,PP11,1980-01-22,2020-02-29,,
912115,2018,10160.472527472528,25148,USTKA,PL,+54:35:00,+016:52:00,11,PP11,1980-01-22,2020-02-29,,
912115,2019,10135.516483516483,25148,USTKA,PL,+54:35:00,+016:52:00,11,PP11,1980-01-22,2020-02-29,,
912115,2020,10148.016393442624,25148,USTKA,PL,+54:35:00,+016:52:00,11,PP11,1980-01-22,2020-02-29,,
912115,2021,10142.78205128205,25148,USTKA,PL,+54:35:00,+016:52:00,11,PP11,1980-01-22,2020-02-29,,
912120,2017,10141.060439560439,332,LEBA,PL,+54:45:00,+017:32:00,6,PP11,1980-01-01,2020-02-29,,
912120,2018,10161.983516483517,332,LEBA,PL,+54:45:00,+017:32:00,6,PP11,1980-01-01,2020-02-29,,
912120,2019,10135.170329670329,332,LEBA,PL,+54:45:00,+017:32:00,6,PP11,1980-01-01,2020-02-29,,
912120,2020,10147.579234972678,332,LEBA,PL,+54:45:00,+017:32:00,6,PP11,1980-01-01,2020-02-29,,
912120,2021,10143.551282051281,332,LEBA,PL,+54:45:00,+017:32:00,6,PP11,1980-01-01,2020-02-29,,
912125,2017,10140.39010989011,25149,LEBORK,PL,+54:33:00,+017:45:00,41,PP11,1980-01-22,2020-02-29,,
912125,2018,10160.655737704918,25149,LEBORK,PL,+54:33:00,+017:45:00,41,PP11,1980-01-22,2020-02-29,,
912125,2019,10135.608695652174,25149,LEBORK,PL,+54:33:00,+017:45:00,41,PP11,1980-01-22,2020-02-29,,
912125,2020,10147.718232044199,25149,LEBORK,PL,+54:33:00,+017:45:00,41,PP11,1980-01-22,2020-02-29,,
912125,2021,10143.467532467532,25149,LEBORK,PL,+54:33:00,+017:45:00,41,PP11,1980-01-22,2020-02-29,,
912135,2017,10141.945054945056,205,HEL,PL,+54:36:00,+018:49:00,3,PP11,1980-01-01,2020-02-29,,
912135,2018,10163.532967032967,205,HEL,PL,+54:36:00,+018:49:00,3,PP11,1980-01-01,2020-02-29,,
912135,2019,10136.637362637362,205,HEL,PL,+54:36:00,+018:49:00,3,PP11,1980-01-01,2020-02-29,,
912135,2020,10150.08743169399,205,HEL,PL,+54:36:00,+018:49:00,3,PP11,1980-01-01,2020-02-29,,
912135,2021,10143.0,205,HEL,PL,+54:36:00,+018:49:00,3,PP11,1980-01-01,2020-02-29,,
912185,2017,10145.956284153006,2023,KETRZYN,PL,+54:04:00,+021:22:00,110,PP11,1980-01-01,2020-02-29,,
912185,2018,10166.15934065934,2023,KETRZYN,PL,+54:04:00,+021:22:00,110,PP11,1980-01-01,2020-02-29,,
912185,2019,10140.884615384615,2023,KETRZYN,PL,+54:04:00,+021:22:00,110,PP11,1980-01-01,2020-02-29,,
912185,2020,10154.459016393443,2023,KETRZYN,PL,+54:04:00,+021:22:00,110,PP11,1980-01-01,2020-02-29,,
912185,2021,10145.171052631578,2023,KETRZYN,PL,+54:04:00,+021:22:00,110,PP11,1980-01-01,2020-02-29,,
912195,2017,10146.410958904109,2024,SUWALKI,PL,+54:08:00,+022:57:00,186,PP11,1980-01-01,2020-02-29,,
912195,2018,10168.194520547946,2024,SUWALKI,PL,+54:08:00,+022:57:00,186,PP11,1980-01-01,2020-02-29,,
912195,2019,10143.109589041096,2024,SUWALKI,PL,+54:08:00,+022:57:00,186,PP11,1980-01-01,2020-02-29,,
912195,2020,10156.035519125682,2024,SUWALKI,PL,+54:08:00,+022:57:00,186,PP11,1980-01-01,2020-02-29,,
912195,2021,10151.454794520549,2024,SUWALKI,PL,+54:08:00,+022:57:00,186,PP11,1980-01-01,2020-02-29,,
912200,2017,10149.027322404372,696,SWINOUJSCIE,PL,+53:55:00,+014:14:00,5,PP11,1980-01-07,2020-02-29,,
912200,2018,10160.945652173914,696,SWINOUJSCIE,PL,+53:55:00,+014:14:00,5,PP11,1980-01-07,2020-02-29,,
912200,2019,10139.423076923076,696,SWINOUJSCIE,PL,+53:55:00,+014:14:00,5,PP11,1980-01-07,2020-02-29,,
912200,2020,10152.032786885246,696,SWINOUJSCIE,PL,+53:55:00,+014:14:00,5,PP11,1980-01-07,2020-02-29,,
912200,2021,10147.461538461539,696,SWINOUJSCIE,PL,+53:55:00,+014:14:00,5,PP11,1980-01-07,2020-02-29,,
912205,2017,10151.516483516483,208,SZCZECIN,PL,+53:24:00,+014:37:00,7,PP11,1980-01-01,2020-02-29,,
912205,2018,10161.527472527472,208,SZCZECIN,PL,+53:24:00,+014:37:00,7,PP11,1980-01-01,2020-02-29,,
912205,2019,10142.39010989011,208,SZCZECIN,PL,+53:24:00,+014:37:00,7,PP11,1980-01-01,2020-02-29,,
912205,2020,10155.639344262296,208,SZCZECIN,PL,+53:24:00,+014:37:00,7,PP11,1980-01-01,2020-02-29,,
912205,2021,10149.179487179486,208,SZCZECIN,PL,+53:24:00,+014:37:00,7,PP11,1980-01-01,2020-02-29,,
912210,2017,10145.752747252747,25142,RESKO,PL,+53:46:00,+015:25:00,56,PP11,1980-01-13,2020-02-29,,
912210,2018,10155.425076452599,25142,RESKO,PL,+53:46:00,+015:25:00,56,PP11,1980-01-13,2020-02-29,,
912210,2019,10143.005102040815,25142,RESKO,PL,+53:46:00,+015:25:00,56,PP11,1980-01-13,2020-02-29,,
912210,2020,10154.320652173914,25142,RESKO,PL,+53:46:00,+015:25:00,56,PP11,1980-01-13,2020-02-29,,
912210,2021,10148.857142857143,25142,RESKO,PL,+53:46:00,+015:25:00,56,PP11,1980-01-13,2020-02-29,,
912230,2017,10153.39010989011,8943,PILA,PL,+53:08:00,+016:45:00,73,PP11,1980-02-17,2020-02-29,,
912230,2018,10164.021857923497,8943,PILA,PL,+53:08:00,+016:45:00,73,PP11,1980-02-17,2020-02-29,,
912230,2019,10144.258241758242,8943,PILA,PL,+53:08:00,+016:45:00,73,PP11,1980-02-17,2020-02-29,,
912230,2020,10158.070652173914,8943,PILA,PL,+53:08:00,+016:45:00,73,PP11,1980-02-17,2020-02-29,,
912230,2021,10150.848101265823,8943,PILA,PL,+53:08:00,+016:45:00,73,PP11,1980-02-17,2020-02-29,,
912235,2017,10150.604395604396,2026,CHOJNICE,PL,+53:43:00,+017:33:00,172,PP11,1980-01-01,2020-02-29,,
912235,2018,10165.747252747253,2026,CHOJNICE,PL,+53:43:00,+017:33:00,172,PP11,1980-01-01,2020-02-29,,
912235,2019,10143.972527472528,2026,CHOJNICE,PL,+53:43:00,+017:33:00,172,PP11,1980-01-01,2020-02-29,,
912235,2020,10157.84699453552,2026,CHOJNICE,PL,+53:43:00,+017:33:00,172,PP11,1980-01-01,2020-02-29,,
912235,2021,10150.376623376624,2026,CHOJNICE,PL,+53:43:00,+017:33:00,172,PP11,1980-01-01,2020-02-29,,
912250,2017,10154.351648351649,2027,TORUN,PL,+53:03:00,+018:35:00,72,PP11,1980-01-01,2020-02-29,,
912250,2018,10165.791208791208,2027,TORUN,PL,+53:03:00,+018:35:00,72,PP11,1980-01-01,2020-02-29,,
912250,2019,10145.983516483517,2027,TORUN,PL,+53:03:00,+018:35:00,72,PP11,1980-01-01,2020-02-29,,
912250,2020,10159.896174863388,2027,TORUN,PL,+53:03:00,+018:35:00,72,PP11,1980-01-01,2020-02-29,,
912250,2021,10150.684210526315,2027,TORUN,PL,+53:03:00,+018:35:00,72,PP11,1980-01-01,2020-02-29,,
912270,2017,10154.78021978022,2028,MLAWA,PL,+53:06:00,+020:21:00,149,PP11,1980-01-01,2020-02-29,,
912270,2018,10167.906593406593,2028,MLAWA,PL,+53:06:00,+020:21:00,149,PP11,1980-01-01,2020-02-29,,
912270,2019,10146.357142857143,2028,MLAWA,PL,+53:06:00,+020:21:00,149,PP11,1980-01-01,2020-02-29,,
912270,2020,10160.814207650274,2028,MLAWA,PL,+53:06:00,+020:21:00,149,PP11,1980-01-01,2020-02-29,,
912270,2021,10150.802631578947,2028,MLAWA,PL,+53:06:00,+020:21:00,149,PP11,1980-01-01,2020-02-29,,
912272,2017,10148.818681318682,752,OLSZTYN,PL,+53:46:00,+020:25:00,137,PP11,1980-01-22,2020-02-29,,
912272,2018,10167.274725274725,752,OLSZTYN,PL,+53:46:00,+020:25:00,137,PP11,1980-01-22,2020-02-29,,
912272,2019,10143.516483516483,752,OLSZTYN,PL,+53:46:00,+020:25:00,137,PP11,1980-01-22,2020-02-29,,
912272,2020,10157.081967213115,752,OLSZTYN,PL,+53:46:00,+020:25:00,137,PP11,1980-01-22,2020-02-29,,
912272,2021,10146.857142857143,752,OLSZTYN,PL,+53:46:00,+020:25:00,137,PP11,1980-01-22,2020-02-29,,
912280,2017,10150.60989010989,25145,MIKOLAJKI,PL,+53:47:00,+021:35:00,132,PP11,1980-01-22,2020-02-29,,
912280,2018,10168.807692307691,25145,MIKOLAJKI,PL,+53:47:00,+021:35:00,132,PP11,1980-01-22,2020-02-29,,
912280,2019,10143.796703296703,25145,MIKOLAJKI,PL,+53:47:00,+021:35:00,132,PP11,1980-01-22,2020-02-29,,
912280,2020,10157.672131147541,25145,MIKOLAJKI,PL,+53:47:00,+021:35:00,132,PP11,1980-01-22,2020-02-29,,
912280,2021,10147.48051948052,25145,MIKOLAJKI,PL,+53:47:00,+021:35:00,132,PP11,1980-01-22,2020-02-29,,
912295,2017,10154.752747252747,204,BIALYSTOK,PL,+53:06:00,+023:10:00,151,PP11,1980-01-01,2020-02-29,,
912295,2018,10169.846153846154,204,BIALYSTOK,PL,+53:06:00,+023:10:00,151,PP11,1980-01-01,2020-02-29,,
912295,2019,10147.565934065935,204,BIALYSTOK,PL,+53:06:00,+023:10:00,151,PP11,1980-01-01,2020-02-29,,
912295,2020,10161.819672131147,204,BIALYSTOK,PL,+53:06:00,+023:10:00,151,PP11,1980-01-01,2020-02-29,,
912295,2021,10145.51948051948,204,BIALYSTOK,PL,+53:06:00,+023:10:00,151,PP11,1980-01-01,2020-02-29,,
912300,2017,10155.395604395604,2029,GORZOW WLKP,PL,+52:45:00,+015:17:00,73,PP11,1980-01-01,2020-02-29,,
912300,2018,10162.57142857143,2029,GORZOW WLKP,PL,+52:45:00,+015:17:00,73,PP11,1980-01-01,2020-02-29,,
912300,2019,10146.538461538461,2029,GORZOW WLKP,PL,+52:45:00,+015:17:00,73,PP11,1980-01-01,2020-02-29,,
912300,2020,10160.535519125682,2029,GORZOW WLKP,PL,+52:45:00,+015:17:00,73,PP11,1980-01-01,2020-02-29,,
912300,2021,10155.675324675325,2029,GORZOW WLKP,PL,+52:45:00,+015:17:00,73,PP11,1980-01-01,2020-02-29,,
912345,2017,10158.989010989011,206,KOLO,PL,+52:12:00,+018:40:00,117,PP11,1980-01-22,2020-02-29,,
912345,2017,10158.989010989011,25140,KOLO,PL,+52:12:00,+018:40:00,117,PP11,1980-01-22,2020-02-29,,
912345,2018,10165.604395604396,206,KOLO,PL,+52:12:00,+018:40:00,117,PP11,1980-01-22,2020-02-29,,
912345,2018,10165.604395604396,25140,KOLO,PL,+52:12:00,+018:40:00,117,PP11,1980-01-22,2020-02-29,,
912345,2019,10148.71978021978,206,KOLO,PL,+52:12:00,+018:40:00,117,PP11,1980-01-22,2020-02-29,,
912345,2019,10148.71978021978,25140,KOLO,PL,+52:12:00,+018:40:00,117,PP11,1980-01-22,2020-02-29,,
912345,2020,10163.447513812154,206,KOLO,PL,+52:12:00,+018:40:00,117,PP11,1980-01-22,2020-02-29,,
912345,2020,10163.447513812154,25140,KOLO,PL,+52:12:00,+018:40:00,117,PP11,1980-01-22,2020-02-29,,
912345,2021,10154.5,206,KOLO,PL,+52:12:00,+018:40:00,117,PP11,1980-01-22,2020-02-29,,
912345,2021,10154.5,25140,KOLO,PL,+52:12:00,+018:40:00,117,PP11,1980-01-22,2020-02-29,,
912360,2017,10156.103825136612,25141,PLOCK,PL,+52:35:00,+019:44:00,109,PP11,1980-01-01,2020-02-29,,
912360,2018,10166.311475409837,25141,PLOCK,PL,+52:35:00,+019:44:00,109,PP11,1980-01-01,2020-02-29,,
912360,2019,10147.891304347826,25141,PLOCK,PL,+52:35:00,+019:44:00,109,PP11,1980-01-01,2020-02-29,,
912360,2020,10160.968085106382,25141,PLOCK,PL,+52:35:00,+019:44:00,109,PP11,1980-01-01,2020-02-29,,
912360,2021,10151.597402597403,25141,PLOCK,PL,+52:35:00,+019:44:00,109,PP11,1980-01-01,2020-02-29,,
912375,2017,10159.208791208792,209,WARSZAWA-OKECIE,PL,+52:10:00,+020:58:00,106,PP11,1980-01-01,2020-02-29,,
912375,2018,10167.45054945055,209,WARSZAWA-OKECIE,PL,+52:10:00,+020:58:00,106,PP11,1980-01-01,2020-02-29,,
912375,2019,10150.137362637362,209,WARSZAWA-OKECIE,PL,+52:10:00,+020:58:00,106,PP11,1980-01-01,2020-02-29,,
912375,2020,10164.502732240437,209,WARSZAWA-OKECIE,PL,+52:10:00,+020:58:00,106,PP11,1980-01-01,2020-02-29,,
912375,2021,10151.181818181818,209,WARSZAWA-OKECIE,PL,+52:10:00,+020:58:00,106,PP11,1980-01-01,2020-02-29,,
912385,2017,10159.043956043955,333,SIEDLCE,PL,+52:15:00,+022:15:00,155,PP11,1980-01-01,2020-02-29,,
912385,2018,10169.615384615385,333,SIEDLCE,PL,+52:15:00,+022:15:00,155,PP11,1980-01-01,2020-02-29,,
912385,2019,10151.038461538461,333,SIEDLCE,PL,+52:15:00,+022:15:00,155,PP11,1980-01-01,2020-02-29,,
912385,2020,10165.781420765028,333,SIEDLCE,PL,+52:15:00,+022:15:00,155,PP11,1980-01-01,2020-02-29,,
912385,2021,10154.051948051949,333,SIEDLCE,PL,+52:15:00,+022:15:00,155,PP11,1980-01-01,2020-02-29,,
912399,2017,10160.032967032967,922,TERESPOL,PL,+52:04:00,+023:37:00,137,PP11,1980-05-25,2020-02-29,,
912399,2018,10170.752747252747,922,TERESPOL,PL,+52:04:00,+023:37:00,137,PP11,1980-05-25,2020-02-29,,
912399,2019,10151.516483516483,922,TERESPOL,PL,+52:04:00,+023:37:00,137,PP11,1980-05-25,2020-02-29,,
912399,2020,10166.983516483517,922,TERESPOL,PL,+52:04:00,+023:37:00,137,PP11,1980-05-25,2020-02-29,,
912399,2021,10151.636363636364,922,TERESPOL,PL,+52:04:00,+023:37:00,137,PP11,1980-05-25,2020-02-29,,
912400,2017,10162.785714285714,2031,ZIELONA GORA,PL,+51:56:00,+015:32:00,192,PP11,1980-01-01,2020-02-29,,
912400,2018,10164.10989010989,2031,ZIELONA GORA,PL,+51:56:00,+015:32:00,192,PP11,1980-01-01,2020-02-29,,
912400,2019,10150.351648351649,2031,ZIELONA GORA,PL,+51:56:00,+015:32:00,192,PP11,1980-01-01,2020-02-29,,
912400,2020,10164.74863387978,2031,ZIELONA GORA,PL,+51:56:00,+015:32:00,192,PP11,1980-01-01,2020-02-29,,
912400,2021,10159.276315789473,2031,ZIELONA GORA,PL,+51:56:00,+015:32:00,192,PP11,1980-01-01,2020-02-29,,
912415,2017,10166.285714285714,25138,LEGNICA,PL,+51:12:00,+016:12:00,124,PP11,1980-01-22,2020-02-29,,
912415,2018,10165.863387978143,25138,LEGNICA,PL,+51:12:00,+016:12:00,124,PP11,1980-01-22,2020-02-29,,
912415,2019,10154.005494505494,25138,LEGNICA,PL,+51:12:00,+016:12:00,124,PP11,1980-01-22,2020-02-29,,
912415,2020,10168.393442622952,25138,LEGNICA,PL,+51:12:00,+016:12:00,124,PP11,1980-01-22,2020-02-29,,
912415,2021,10162.181818181818,25138,LEGNICA,PL,+51:12:00,+016:12:00,124,PP11,1980-01-22,2020-02-29,,
912418,2017,10163.813186813188,923,LESZNO,PL,+51:50:00,+016:32:00,92,PP11,1980-09-10,2020-02-29,,
912418,2018,10164.708791208792,923,LESZNO,PL,+51:50:00,+016:32:00,92,PP11,1980-09-10,2020-02-29,,
912418,2019,10150.497267759563,923,LESZNO,PL,+51:50:00,+016:32:00,92,PP11,1980-09-10,2020-02-29,,
912418,2020,10165.565934065935,923,LESZNO,PL,+51:50:00,+016:32:00,92,PP11,1980-09-10,2020-02-29,,
912418,2021,10158.884615384615,923,LESZNO,PL,+51:50:00,+016:32:00,92,PP11,1980-09-10,2020-02-29,,
912424,2017,10167.670329670329,210,WROCLAW II,PL,+51:06:00,+016:53:00,124,PP11,1980-01-01,2020-02-29,,
912424,2018,10165.791208791208,210,WROCLAW II,PL,+51:06:00,+016:53:00,124,PP11,1980-01-01,2020-02-29,,
912424,2019,10154.15934065934,210,WROCLAW II,PL,+51:06:00,+016:53:00,124,PP11,1980-01-01,2020-02-29,,
912424,2020,10168.978142076503,210,WROCLAW II,PL,+51:06:00,+016:53:00,124,PP11,1980-01-01,2020-02-29,,
912424,2021,10162.486842105263,210,WROCLAW II,PL,+51:06:00,+016:53:00,124,PP11,1980-01-01,2020-02-29,,
912435,2017,10162.692307692309,2032,KALISZ,PL,+51:47:00,+018:04:59,140,PP11,1980-01-01,2020-02-29,,
912435,2018,10166.186813186812,2032,KALISZ,PL,+51:47:00,+018:04:59,140,PP11,1980-01-01,2020-02-29,,
912435,2019,10151.236263736264,2032,KALISZ,PL,+51:47:00,+018:04:59,140,PP11,1980-01-01,2020-02-29,,
912435,2020,10165.857923497268,2032,KALISZ,PL,+51:47:00,+018:04:59,140,PP11,1980-01-01,2020-02-29,,
912435,2021,10157.298701298701,2032,KALISZ,PL,+51:47:00,+018:04:59,140,PP11,1980-01-01,2020-02-29,,
912455,2017,10168.102702702703,924,WIELUN,PL,+51:13:00,+018:34:00,201,PP11,1980-01-22,2020-02-29,,
912455,2018,10166.934065934065,924,WIELUN,PL,+51:13:00,+018:34:00,201,PP11,1980-01-22,2020-02-29,,
912455,2019,10153.587912087913,924,WIELUN,PL,+51:13:00,+018:34:00,201,PP11,1980-01-22,2020-02-29,,
912455,2020,10168.475409836066,924,WIELUN,PL,+51:13:00,+018:34:00,201,PP11,1980-01-22,2020-02-29,,
912455,2021,10160.421052631578,924,WIELUN,PL,+51:13:00,+018:34:00,201,PP11,1980-01-22,2020-02-29,,
912465,2017,10163.527472527472,2033,LODZ,PL,+51:44:00,+019:24:00,190,PP11,1980-01-01,2020-02-29,,
912465,2018,10168.412087912087,2033,LODZ,PL,+51:44:00,+019:24:00,190,PP11,1980-01-01,2020-02-29,,
912465,2019,10153.087912087913,2033,LODZ,PL,+51:44:00,+019:24:00,190,PP11,1980-01-01,2020-02-29,,
912465,2020,10168.15300546448,2033,LODZ,PL,+51:44:00,+019:24:00,190,PP11,1980-01-01,2020-02-29,,
912465,2021,10157.842105263158,2033,LODZ,PL,+51:44:00,+019:24:00,190,PP11,1980-01-01,2020-02-29,,
912469,2017,10165.73076923077,926,SULEJOW,PL,+51:21:00,+019:52:00,189,PP11,1980-03-01,2020-02-29,,
912469,2018,10169.038461538461,926,SULEJOW,PL,+51:21:00,+019:52:00,189,PP11,1980-03-01,2020-02-29,,
912469,2019,10153.598901098901,926,SULEJOW,PL,+51:21:00,+019:52:00,189,PP11,1980-03-01,2020-02-29,,
912469,2020,10169.543956043955,926,SULEJOW,PL,+51:21:00,+019:52:00,189,PP11,1980-03-01,2020-02-29,,
912469,2021,10159.131578947368,926,SULEJOW,PL,+51:21:00,+019:52:00,189,PP11,1980-03-01,2020-02-29,,
912488,2017,10162.71978021978,8959,KOZIENICE,PL,+51:34:00,+021:33:00,126,PP11,1980-09-10,2020-02-29,,
912488,2018,10169.456043956045,8959,KOZIENICE,PL,+51:34:00,+021:33:00,126,PP11,1980-09-10,2020-02-29,,
912488,2019,10152.258241758242,8959,KOZIENICE,PL,+51:34:00,+021:33:00,126,PP11,1980-09-10,2020-02-29,,
912488,2020,10167.686813186812,8959,KOZIENICE,PL,+51:34:00,+021:33:00,126,PP11,1980-09-10,2020-02-29,,
912488,2021,10155.578947368422,8959,KOZIENICE,PL,+51:34:00,+021:33:00,126,PP11,1980-09-10,2020-02-29,,
912495,2017,10166.494505494506,25139,LUBLIN RADAWIEC,PL,+51:13:00,+022:24:00,240,PP11,1980-01-01,2020-02-29,,
912495,2018,10171.785714285714,25139,LUBLIN RADAWIEC,PL,+51:13:00,+022:24:00,240,PP11,1980-01-01,2020-02-29,,
912495,2019,10155.648351648351,25139,LUBLIN RADAWIEC,PL,+51:13:00,+022:24:00,240,PP11,1980-01-01,2020-02-29,,
912495,2020,10170.284153005465,25139,LUBLIN RADAWIEC,PL,+51:13:00,+022:24:00,240,PP11,1980-01-01,2020-02-29,,
912495,2021,10155.558441558442,25139,LUBLIN RADAWIEC,PL,+51:13:00,+022:24:00,240,PP11,1980-01-01,2020-02-29,,
912497,2017,10163.192307692309,927,WLODAWA,PL,+51:33:00,+023:32:00,179,PP11,1980-01-02,2020-02-29,,
912497,2018,10171.236263736264,927,WLODAWA,PL,+51:33:00,+023:32:00,179,PP11,1980-01-02,2020-02-29,,
912497,2019,10153.439560439561,927,WLODAWA,PL,+51:33:00,+023:32:00,179,PP11,1980-01-02,2020-02-29,,
912497,2020,10168.36612021858,927,WLODAWA,PL,+51:33:00,+023:32:00,179,PP11,1980-01-02,2020-02-29,,
912497,2021,10153.714285714286,927,WLODAWA,PL,+51:33:00,+023:32:00,179,PP11,1980-01-02,2020-02-29,,
912520,2017,10177.208791208792,2036,KLODZKO,PL,+50:26:00,+016:37:00,357,PP11,1980-01-01,2020-02-29,,
912520,2018,10172.247252747253,2036,KLODZKO,PL,+50:26:00,+016:37:00,357,PP11,1980-01-01,2020-02-29,,
912520,2019,10163.593406593407,2036,KLODZKO,PL,+50:26:00,+016:37:00,357,PP11,1980-01-01,2020-02-29,,
912520,2020,10178.88524590164,2036,KLODZKO,PL,+50:26:00,+016:37:00,357,PP11,1980-01-01,2020-02-29,,
912520,2021,10171.657894736842,2036,KLODZKO,PL,+50:26:00,+016:37:00,357,PP11,1980-01-01,2020-02-29,,
912540,2017,10174.77049180328,928,RACIBORZ,PL,+50:03:00,+018:12:00,206,PP11,1980-09-10,2020-02-29,,
912540,2018,10170.901098901099,928,RACIBORZ,PL,+50:03:00,+018:12:00,206,PP11,1980-09-10,2020-02-29,,
912540,2019,10161.868131868132,928,RACIBORZ,PL,+50:03:00,+018:12:00,206,PP11,1980-09-10,2020-02-29,,
912540,2020,10176.736263736264,928,RACIBORZ,PL,+50:03:00,+018:12:00,206,PP11,1980-09-10,2020-02-29,,
912540,2021,10168.565789473685,928,RACIBORZ,PL,+50:03:00,+018:12:00,206,PP11,1980-09-10,2020-02-29,,
912560,2017,10174.412087912087,2037,KATOWICE,PL,+50:14:00,+019:02:00,284,PP11,1980-01-01,2020-02-29,,
912560,2017,10174.412087912087,25132,KATOWICE,PL,+50:14:00,+019:02:00,284,PP11,1980-01-01,2020-02-29,,
912560,2018,10171.313186813188,2037,KATOWICE,PL,+50:14:00,+019:02:00,284,PP11,1980-01-01,2020-02-29,,
912560,2018,10171.313186813188,25132,KATOWICE,PL,+50:14:00,+019:02:00,284,PP11,1980-01-01,2020-02-29,,
912560,2019,10160.76923076923,2037,KATOWICE,PL,+50:14:00,+019:02:00,284,PP11,1980-01-01,2020-02-29,,
912560,2019,10160.76923076923,25132,KATOWICE,PL,+50:14:00,+019:02:00,284,PP11,1980-01-01,2020-02-29,,
912560,2020,10176.043956043955,2037,KATOWICE,PL,+50:14:00,+019:02:00,284,PP11,1980-01-01,2020-02-29,,
912560,2020,10176.043956043955,25132,KATOWICE,PL,+50:14:00,+019:02:00,284,PP11,1980-01-01,2020-02-29,,
912560,2021,10166.684210526315,2037,KATOWICE,PL,+50:14:00,+019:02:00,284,PP11,1980-01-01,2020-02-29,,
912560,2021,10166.684210526315,25132,KATOWICE,PL,+50:14:00,+019:02:00,284,PP11,1980-01-01,2020-02-29,,
912566,2017,10173.945054945056,929,KRAKOW,PL,+50:05:00,+019:48:00,237,PP11,1980-01-01,2020-02-29,,
912566,2017,10173.945054945056,25133,KRAKOW,PL,+50:05:00,+019:48:00,237,PP11,1980-01-01,2020-02-29,,
912566,2018,10171.197802197803,929,KRAKOW,PL,+50:05:00,+019:48:00,237,PP11,1980-01-01,2020-02-29,,
912566,2018,10171.197802197803,25133,KRAKOW,PL,+50:05:00,+019:48:00,237,PP11,1980-01-01,2020-02-29,,
912566,2019,10161.521978021978,929,KRAKOW,PL,+50:05:00,+019:48:00,237,PP11,1980-01-01,2020-02-29,,
912566,2019,10161.521978021978,25133,KRAKOW,PL,+50:05:00,+019:48:00,237,PP11,1980-01-01,2020-02-29,,
912566,2020,10177.934426229509,929,KRAKOW,PL,+50:05:00,+019:48:00,237,PP11,1980-01-01,2020-02-29,,
912566,2020,10177.934426229509,25133,KRAKOW,PL,+50:05:00,+019:48:00,237,PP11,1980-01-01,2020-02-29,,
912566,2021,10169.141025641025,929,KRAKOW,PL,+50:05:00,+019:48:00,237,PP11,1980-01-01,2020-02-29,,
912566,2021,10169.141025641025,25133,KRAKOW,PL,+50:05:00,+019:48:00,237,PP11,1980-01-01,2020-02-29,,
912570,2017,10170.395604395604,2038,KIELCE,PL,+50:49:00,+020:42:00,261,PP11,1980-01-01,2020-02-29,,
912570,2018,10171.642857142857,2038,KIELCE,PL,+50:49:00,+020:42:00,261,PP11,1980-01-01,2020-02-29,,
912570,2019,10159.082417582418,2038,KIELCE,PL,+50:49:00,+020:42:00,261,PP11,1980-01-01,2020-02-29,,
912570,2020,10174.289617486338,2038,KIELCE,PL,+50:49:00,+020:42:00,261,PP11,1980-01-01,2020-02-29,,
912570,2021,10163.077922077922,2038,KIELCE,PL,+50:49:00,+020:42:00,261,PP11,1980-01-01,2020-02-29,,
912575,2017,10173.0,25134,TARNOW,PL,+50:02:00,+020:59:00,209,PP11,1980-01-01,2020-02-29,,
912575,2018,10170.605405405406,25134,TARNOW,PL,+50:02:00,+020:59:00,209,PP11,1980-01-01,2020-02-29,,
912575,2019,10160.398907103825,25134,TARNOW,PL,+50:02:00,+020:59:00,209,PP11,1980-01-01,2020-02-29,,
912575,2020,10176.36612021858,25134,TARNOW,PL,+50:02:00,+020:59:00,209,PP11,1980-01-01,2020-02-29,,
912575,2021,10165.974025974027,25134,TARNOW,PL,+50:02:00,+020:59:00,209,PP11,1980-01-01,2020-02-29,,
912580,2017,10172.324175824177,207,RZESZOW-JASIONKA,PL,+50:06:00,+022:03:00,201,PP11,1980-02-11,2020-02-29,,
912580,2018,10172.857142857143,207,RZESZOW-JASIONKA,PL,+50:06:00,+022:03:00,201,PP11,1980-02-11,2020-02-29,,
912580,2019,10160.670329670329,207,RZESZOW-JASIONKA,PL,+50:06:00,+022:03:00,201,PP11,1980-02-11,2020-02-29,,
912580,2020,10175.273224043716,207,RZESZOW-JASIONKA,PL,+50:06:00,+022:03:00,201,PP11,1980-02-11,2020-02-29,,
912580,2021,10163.078947368422,207,RZESZOW-JASIONKA,PL,+50:06:00,+022:03:00,201,PP11,1980-02-11,2020-02-29,,
912600,2017,10175.802197802197,930,BIELSKO-BIALA,PL,+49:48:00,+019:00:00,399,PP11,1980-01-22,2020-02-29,,
912600,2018,10171.763736263736,930,BIELSKO-BIALA,PL,+49:48:00,+019:00:00,399,PP11,1980-01-22,2020-02-29,,
912600,2019,10162.791208791208,930,BIELSKO-BIALA,PL,+49:48:00,+019:00:00,399,PP11,1980-01-22,2020-02-29,,
912600,2020,10178.551912568306,930,BIELSKO-BIALA,PL,+49:48:00,+019:00:00,399,PP11,1980-01-22,2020-02-29,,
912600,2021,10169.805194805194,930,BIELSKO-BIALA,PL,+49:48:00,+019:00:00,399,PP11,1980-01-22,2020-02-29,,
912660,2017,10175.901639344262,932,NOWY SACZ,PL,+49:37:00,+020:42:00,295,PP11,1980-01-22,2020-02-29,,
912660,2018,10174.021857923497,932,NOWY SACZ,PL,+49:37:00,+020:42:00,295,PP11,1980-01-22,2020-02-29,,
912660,2019,10164.181318681318,932,NOWY SACZ,PL,+49:37:00,+020:42:00,295,PP11,1980-01-22,2020-02-29,,
912660,2020,10178.75,932,NOWY SACZ,PL,+49:37:00,+020:42:00,295,PP11,1980-01-22,2020-02-29,,
912660,2021,10167.881578947368,932,NOWY SACZ,PL,+49:37:00,+020:42:00,295,PP11,1980-01-22,2020-02-29,,
912690,2017,10178.884615384615,933,LESKO,PL,+49:28:00,+022:21:00,422,PP11,1980-09-10,2020-02-29,,
912690,2018,10176.587912087913,933,LESKO,PL,+49:28:00,+022:21:00,422,PP11,1980-09-10,2020-02-29,,
912690,2019,10165.34065934066,933,LESKO,PL,+49:28:00,+022:21:00,422,PP11,1980-09-10,2020-02-29,,
912690,2020,10178.664835164835,933,LESKO,PL,+49:28:00,+022:21:00,422,PP11,1980-09-10,2020-02-29,,
912690,2021,10166.417721518987,933,LESKO,PL,+49:28:00,+022:21:00,422,PP11,1980-09-10,2020-02-29,,
