SOUID,DATE,CC,STAID,SOUNAME,CN,LAT,LON,HGHT,ELEI,BEGIN,END,PARID,PARNAME
236775,2017,4.876712328767123,24860,PSZCZYNA,PL,+50:00:00,+018:55:00,261, CC3,1956-01-01,2022-08-31,26,Miroslaw Mietus
236775,2018,4.564383561643836,24860,PSZCZYNA,PL,+50:00:00,+018:55:00,261, CC3,1956-01-01,2022-08-31,26,Miroslaw Mietus
236775,2019,4.526027397260274,24860,PSZCZYNA,PL,+50:00:00,+018:55:00,261, CC3,1956-01-01,2022-08-31,26,Miroslaw Mietus
236775,2020,4.459016393442623,24860,PSZCZYNA,PL,+50:00:00,+018:55:00,261, CC3,1956-01-01,2022-08-31,26,Miroslaw Mietus
236775,2021,4.668493150684932,24860,PSZCZYNA,PL,+50:00:00,+018:55:00,261, CC3,1956-01-01,2022-08-31,26,Miroslaw Mietus
236967,2017,5.120547945205479,24876,JABLONKA,PL,+49:28:00,+019:42:00,671, CC3,1961-01-01,2022-08-31,26,Miroslaw Mietus
236967,2018,5.123287671232877,24876,JABLONKA,PL,+49:28:00,+019:42:00,671, CC3,1961-01-01,2022-08-31,26,Miroslaw Mietus
236967,2019,4.942465753424657,24876,JABLONKA,PL,+49:28:00,+019:42:00,671, CC3,1961-01-01,2022-08-31,26,Miroslaw Mietus
236967,2020,4.73224043715847,24876,JABLONKA,PL,+49:28:00,+019:42:00,671, CC3,1961-01-01,2022-08-31,26,Miroslaw Mietus
236967,2021,5.002739726027397,24876,JABLONKA,PL,+49:28:00,+019:42:00,671, CC3,1961-01-01,2022-08-31,26,Miroslaw Mietus
237075,2017,5.553424657534246,24885,LAZY,PL,+49:58:00,+020:30:00,251, CC3,1989-01-01,2022-08-31,26,Miroslaw Mietus
237075,2017,5.553424657534246,24911,LAZY,PL,+49:58:00,+020:30:00,251, CC3,1989-01-01,2022-08-31,26,Miroslaw Mietus
237075,2018,5.298630136986302,24885,LAZY,PL,+49:58:00,+020:30:00,251, CC3,1989-01-01,2022-08-31,26,Miroslaw Mietus
237075,2018,5.298630136986302,24911,LAZY,PL,+49:58:00,+020:30:00,251, CC3,1989-01-01,2022-08-31,26,Miroslaw Mietus
237075,2019,5.208219178082191,24885,LAZY,PL,+49:58:00,+020:30:00,251, CC3,1989-01-01,2022-08-31,26,Miroslaw Mietus
237075,2019,5.208219178082191,24911,LAZY,PL,+49:58:00,+020:30:00,251, CC3,1989-01-01,2022-08-31,26,Miroslaw Mietus
237075,2020,5.0109289617486334,24885,LAZY,PL,+49:58:00,+020:30:00,251, CC3,1989-01-01,2022-08-31,26,Miroslaw Mietus
237075,2020,5.0109289617486334,24911,LAZY,PL,+49:58:00,+020:30:00,251, CC3,1989-01-01,2022-08-31,26,Miroslaw Mietus
237123,2017,5.287671232876712,24889,LIMANOWA,PL,+49:41:00,+020:26:00,587, CC3,1952-01-01,2022-08-31,26,Miroslaw Mietus
237123,2018,5.112328767123287,24889,LIMANOWA,PL,+49:41:00,+020:26:00,587, CC3,1952-01-01,2022-08-31,26,Miroslaw Mietus
237123,2019,4.96986301369863,24889,LIMANOWA,PL,+49:41:00,+020:26:00,587, CC3,1952-01-01,2022-08-31,26,Miroslaw Mietus
237123,2020,4.8497267759562845,24889,LIMANOWA,PL,+49:41:00,+020:26:00,587, CC3,1952-01-01,2022-08-31,26,Miroslaw Mietus
237123,2021,5.213698630136986,24889,LIMANOWA,PL,+49:41:00,+020:26:00,587, CC3,1952-01-01,2022-08-31,26,Miroslaw Mietus
237147,2017,4.764383561643836,24891,LACKO,PL,+49:33:34,+020:26:22,516, CC3,1956-01-01,2022-08-31,26,Miroslaw Mietus
237147,2018,4.627397260273972,24891,LACKO,PL,+49:33:34,+020:26:22,516, CC3,1956-01-01,2022-08-31,26,Miroslaw Mietus
237147,2019,4.265753424657534,24891,LACKO,PL,+49:33:34,+020:26:22,516, CC3,1956-01-01,2022-08-31,26,Miroslaw Mietus
237147,2020,4.0710382513661205,24891,LACKO,PL,+49:33:34,+020:26:22,516, CC3,1956-01-01,2022-08-31,26,Miroslaw Mietus
237147,2021,4.304109589041096,24891,LACKO,PL,+49:33:34,+020:26:22,516, CC3,1956-01-01,2022-08-31,26,Miroslaw Mietus
237207,2017,4.909589041095891,24896,KRYNICA,PL,+49:25:00,+020:58:00,702, CC3,1961-01-01,2022-08-31,26,Miroslaw Mietus
237207,2017,4.909589041095891,24907,KRYNICA,PL,+49:25:00,+020:58:00,702, CC3,1961-01-01,2022-08-31,26,Miroslaw Mietus
237207,2018,4.904109589041096,24896,KRYNICA,PL,+49:25:00,+020:58:00,702, CC3,1961-01-01,2022-08-31,26,Miroslaw Mietus
237207,2018,4.904109589041096,24907,KRYNICA,PL,+49:25:00,+020:58:00,702, CC3,1961-01-01,2022-08-31,26,Miroslaw Mietus
237207,2019,4.739726027397261,24896,KRYNICA,PL,+49:25:00,+020:58:00,702, CC3,1961-01-01,2022-08-31,26,Miroslaw Mietus
237207,2019,4.739726027397261,24907,KRYNICA,PL,+49:25:00,+020:58:00,702, CC3,1961-01-01,2022-08-31,26,Miroslaw Mietus
237207,2020,4.775956284153006,24896,KRYNICA,PL,+49:25:00,+020:58:00,702, CC3,1961-01-01,2022-08-31,26,Miroslaw Mietus
237207,2020,4.775956284153006,24907,KRYNICA,PL,+49:25:00,+020:58:00,702, CC3,1961-01-01,2022-08-31,26,Miroslaw Mietus
237207,2021,4.791780821917809,24896,KRYNICA,PL,+49:25:00,+020:58:00,702, CC3,1961-01-01,2022-08-31,26,Miroslaw Mietus
237207,2021,4.791780821917809,24907,KRYNICA,PL,+49:25:00,+020:58:00,702, CC3,1961-01-01,2022-08-31,26,Miroslaw Mietus
237279,2017,4.991780821917808,24894,PIWNICZNA,PL,+49:25:31,+020:43:23,684, CC3,2008-07-01,2022-08-31,26,Miroslaw Mietus
237279,2017,4.991780821917808,24902,PIWNICZNA,PL,+49:25:31,+020:43:23,684, CC3,2008-07-01,2022-08-31,26,Miroslaw Mietus
237279,2018,4.580821917808219,24894,PIWNICZNA,PL,+49:25:31,+020:43:23,684, CC3,2008-07-01,2022-08-31,26,Miroslaw Mietus
237279,2018,4.580821917808219,24902,PIWNICZNA,PL,+49:25:31,+020:43:23,684, CC3,2008-07-01,2022-08-31,26,Miroslaw Mietus
237279,2019,4.06027397260274,24894,PIWNICZNA,PL,+49:25:31,+020:43:23,684, CC3,2008-07-01,2022-08-31,26,Miroslaw Mietus
237279,2019,4.06027397260274,24902,PIWNICZNA,PL,+49:25:31,+020:43:23,684, CC3,2008-07-01,2022-08-31,26,Miroslaw Mietus
237279,2020,4.226775956284153,24894,PIWNICZNA,PL,+49:25:31,+020:43:23,684, CC3,2008-07-01,2022-08-31,26,Miroslaw Mietus
237279,2020,4.226775956284153,24902,PIWNICZNA,PL,+49:25:31,+020:43:23,684, CC3,2008-07-01,2022-08-31,26,Miroslaw Mietus
237279,2021,4.380821917808219,24894,PIWNICZNA,PL,+49:25:31,+020:43:23,684, CC3,2008-07-01,2022-08-31,26,Miroslaw Mietus
237279,2021,4.380821917808219,24902,PIWNICZNA,PL,+49:25:31,+020:43:23,684, CC3,2008-07-01,2022-08-31,26,Miroslaw Mietus
237291,2017,4.8295165394402035,24880,PORONIN,PL,+49:19:49,+020:02:06,848, CC3,2010-01-01,2022-08-31,26,Miroslaw Mietus
237291,2017,4.8295165394402035,24903,PORONIN,PL,+49:19:49,+020:02:06,848, CC3,2010-01-01,2022-08-31,26,Miroslaw Mietus
237291,2017,4.8295165394402035,1383,PORONIN,PL,+49:19:49,+020:02:06,848, CC3,2010-01-01,2022-08-31,26,Miroslaw Mietus
237291,2018,4.942558746736292,24880,PORONIN,PL,+49:19:49,+020:02:06,848, CC3,2010-01-01,2022-08-31,26,Miroslaw Mietus
237291,2018,4.942558746736292,24903,PORONIN,PL,+49:19:49,+020:02:06,848, CC3,2010-01-01,2022-08-31,26,Miroslaw Mietus
237291,2018,4.942558746736292,1383,PORONIN,PL,+49:19:49,+020:02:06,848, CC3,2010-01-01,2022-08-31,26,Miroslaw Mietus
237291,2019,4.551724137931035,24880,PORONIN,PL,+49:19:49,+020:02:06,848, CC3,2010-01-01,2022-08-31,26,Miroslaw Mietus
237291,2019,4.551724137931035,24903,PORONIN,PL,+49:19:49,+020:02:06,848, CC3,2010-01-01,2022-08-31,26,Miroslaw Mietus
237291,2019,4.551724137931035,1383,PORONIN,PL,+49:19:49,+020:02:06,848, CC3,2010-01-01,2022-08-31,26,Miroslaw Mietus
237291,2020,4.536649214659686,24880,PORONIN,PL,+49:19:49,+020:02:06,848, CC3,2010-01-01,2022-08-31,26,Miroslaw Mietus
237291,2020,4.536649214659686,24903,PORONIN,PL,+49:19:49,+020:02:06,848, CC3,2010-01-01,2022-08-31,26,Miroslaw Mietus
237291,2020,4.536649214659686,1383,PORONIN,PL,+49:19:49,+020:02:06,848, CC3,2010-01-01,2022-08-31,26,Miroslaw Mietus
237291,2021,4.765333333333333,24880,PORONIN,PL,+49:19:49,+020:02:06,848, CC3,2010-01-01,2022-08-31,26,Miroslaw Mietus
237291,2021,4.765333333333333,24903,PORONIN,PL,+49:19:49,+020:02:06,848, CC3,2010-01-01,2022-08-31,26,Miroslaw Mietus
237291,2021,4.765333333333333,1383,PORONIN,PL,+49:19:49,+020:02:06,848, CC3,2010-01-01,2022-08-31,26,Miroslaw Mietus
237303,2017,5.553424657534246,24904,MSZANA DOLNA,PL,+49:39:49,+020:03:16,537, CC3,2013-01-01,2022-08-31,26,Miroslaw Mietus
237303,2017,5.553424657534246,24908,MSZANA DOLNA,PL,+49:39:49,+020:03:16,537, CC3,2013-01-01,2022-08-31,26,Miroslaw Mietus
237303,2018,5.178082191780822,24904,MSZANA DOLNA,PL,+49:39:49,+020:03:16,537, CC3,2013-01-01,2022-08-31,26,Miroslaw Mietus
237303,2018,5.178082191780822,24908,MSZANA DOLNA,PL,+49:39:49,+020:03:16,537, CC3,2013-01-01,2022-08-31,26,Miroslaw Mietus
237303,2019,5.208333333333333,24904,MSZANA DOLNA,PL,+49:39:49,+020:03:16,537, CC3,2013-01-01,2022-08-31,26,Miroslaw Mietus
237303,2019,5.208333333333333,24908,MSZANA DOLNA,PL,+49:39:49,+020:03:16,537, CC3,2013-01-01,2022-08-31,26,Miroslaw Mietus
237303,2020,5.098360655737705,24904,MSZANA DOLNA,PL,+49:39:49,+020:03:16,537, CC3,2013-01-01,2022-08-31,26,Miroslaw Mietus
237303,2020,5.098360655737705,24908,MSZANA DOLNA,PL,+49:39:49,+020:03:16,537, CC3,2013-01-01,2022-08-31,26,Miroslaw Mietus
237303,2021,5.282913165266106,24904,MSZANA DOLNA,PL,+49:39:49,+020:03:16,537, CC3,2013-01-01,2022-08-31,26,Miroslaw Mietus
237303,2021,5.282913165266106,24908,MSZANA DOLNA,PL,+49:39:49,+020:03:16,537, CC3,2013-01-01,2022-08-31,26,Miroslaw Mietus
237471,2017,4.96986301369863,24918,DYNOW,PL,+49:50:00,+022:14:00,284, CC3,1951-01-01,2022-08-31,26,Miroslaw Mietus
237471,2018,4.912328767123288,24918,DYNOW,PL,+49:50:00,+022:14:00,284, CC3,1951-01-01,2022-08-31,26,Miroslaw Mietus
237471,2019,4.733516483516484,24918,DYNOW,PL,+49:50:00,+022:14:00,284, CC3,1951-01-01,2022-08-31,26,Miroslaw Mietus
237471,2020,4.603825136612022,24918,DYNOW,PL,+49:50:00,+022:14:00,284, CC3,1951-01-01,2022-08-31,26,Miroslaw Mietus
237471,2021,4.8931506849315065,24918,DYNOW,PL,+49:50:00,+022:14:00,284, CC3,1951-01-01,2022-08-31,26,Miroslaw Mietus
237507,2017,5.460490463215259,24921,SOLINA-JAWOR,PL,+49:24:00,+022:28:00,441, CC3,1981-01-01,2022-08-31,26,Miroslaw Mietus
237507,2017,5.460490463215259,933,SOLINA-JAWOR,PL,+49:24:00,+022:28:00,441, CC3,1981-01-01,2022-08-31,26,Miroslaw Mietus
237507,2018,5.449315068493151,24921,SOLINA-JAWOR,PL,+49:24:00,+022:28:00,441, CC3,1981-01-01,2022-08-31,26,Miroslaw Mietus
237507,2018,5.449315068493151,933,SOLINA-JAWOR,PL,+49:24:00,+022:28:00,441, CC3,1981-01-01,2022-08-31,26,Miroslaw Mietus
237507,2019,5.452316076294278,24921,SOLINA-JAWOR,PL,+49:24:00,+022:28:00,441, CC3,1981-01-01,2022-08-31,26,Miroslaw Mietus
237507,2019,5.452316076294278,933,SOLINA-JAWOR,PL,+49:24:00,+022:28:00,441, CC3,1981-01-01,2022-08-31,26,Miroslaw Mietus
237507,2020,5.117486338797814,24921,SOLINA-JAWOR,PL,+49:24:00,+022:28:00,441, CC3,1981-01-01,2022-08-31,26,Miroslaw Mietus
237507,2020,5.117486338797814,933,SOLINA-JAWOR,PL,+49:24:00,+022:28:00,441, CC3,1981-01-01,2022-08-31,26,Miroslaw Mietus
237507,2021,5.4,24921,SOLINA-JAWOR,PL,+49:24:00,+022:28:00,441, CC3,1981-01-01,2022-08-31,26,Miroslaw Mietus
237507,2021,5.4,933,SOLINA-JAWOR,PL,+49:24:00,+022:28:00,441, CC3,1981-01-01,2022-08-31,26,Miroslaw Mietus
237519,2017,5.2684931506849315,24922,KOMANCZA,PL,+49:20:00,+022:04:00,569, CC3,1956-01-01,2022-08-31,26,Miroslaw Mietus
237519,2018,5.03013698630137,24922,KOMANCZA,PL,+49:20:00,+022:04:00,569, CC3,1956-01-01,2022-08-31,26,Miroslaw Mietus
237519,2019,5.021917808219178,24922,KOMANCZA,PL,+49:20:00,+022:04:00,569, CC3,1956-01-01,2022-08-31,26,Miroslaw Mietus
237519,2020,4.9289617486338795,24922,KOMANCZA,PL,+49:20:00,+022:04:00,569, CC3,1956-01-01,2022-08-31,26,Miroslaw Mietus
237519,2021,5.0,24922,KOMANCZA,PL,+49:20:00,+022:04:00,569, CC3,1956-01-01,2022-08-31,26,Miroslaw Mietus
237927,2017,6.038356164383561,24956,DRONIOWICE,PL,+50:41:46,+018:48:32,284, CC3,2003-11-01,2022-08-31,26,Miroslaw Mietus
237927,2017,6.038356164383561,24958,DRONIOWICE,PL,+50:41:46,+018:48:32,284, CC3,2003-11-01,2022-08-31,26,Miroslaw Mietus
237927,2018,5.512328767123288,24956,DRONIOWICE,PL,+50:41:46,+018:48:32,284, CC3,2003-11-01,2022-08-31,26,Miroslaw Mietus
237927,2018,5.512328767123288,24958,DRONIOWICE,PL,+50:41:46,+018:48:32,284, CC3,2003-11-01,2022-08-31,26,Miroslaw Mietus
237927,2019,5.8054794520547945,24956,DRONIOWICE,PL,+50:41:46,+018:48:32,284, CC3,2003-11-01,2022-08-31,26,Miroslaw Mietus
237927,2019,5.8054794520547945,24958,DRONIOWICE,PL,+50:41:46,+018:48:32,284, CC3,2003-11-01,2022-08-31,26,Miroslaw Mietus
237927,2020,5.775956284153006,24956,DRONIOWICE,PL,+50:41:46,+018:48:32,284, CC3,2003-11-01,2022-08-31,26,Miroslaw Mietus
237927,2020,5.775956284153006,24958,DRONIOWICE,PL,+50:41:46,+018:48:32,284, CC3,2003-11-01,2022-08-31,26,Miroslaw Mietus
237927,2021,5.879452054794521,24956,DRONIOWICE,PL,+50:41:46,+018:48:32,284, CC3,2003-11-01,2022-08-31,26,Miroslaw Mietus
237927,2021,5.879452054794521,24958,DRONIOWICE,PL,+50:41:46,+018:48:32,284, CC3,2003-11-01,2022-08-31,26,Miroslaw Mietus
238119,2017,4.562091503267974,24972,BORUSOWA,PL,+50:17:00,+020:48:00,176, CC3,1961-01-01,2022-08-31,26,Miroslaw Mietus
238119,2018,4.276712328767124,24972,BORUSOWA,PL,+50:17:00,+020:48:00,176, CC3,1961-01-01,2022-08-31,26,Miroslaw Mietus
238119,2019,4.126027397260274,24972,BORUSOWA,PL,+50:17:00,+020:48:00,176, CC3,1961-01-01,2022-08-31,26,Miroslaw Mietus
238119,2020,4.398907103825136,24972,BORUSOWA,PL,+50:17:00,+020:48:00,176, CC3,1961-01-01,2022-08-31,26,Miroslaw Mietus
238119,2021,4.425149700598802,24972,BORUSOWA,PL,+50:17:00,+020:48:00,176, CC3,1961-01-01,2022-08-31,26,Miroslaw Mietus
238179,2017,5.126027397260274,24977,STASZOW,PL,+50:36:00,+021:11:00,249, CC3,1961-01-01,2022-08-31,26,Miroslaw Mietus
238179,2018,4.798319327731092,24977,STASZOW,PL,+50:36:00,+021:11:00,249, CC3,1961-01-01,2022-08-31,26,Miroslaw Mietus
238179,2019,4.8054794520547945,24977,STASZOW,PL,+50:36:00,+021:11:00,249, CC3,1961-01-01,2022-08-31,26,Miroslaw Mietus
238179,2020,4.848066298342541,24977,STASZOW,PL,+50:36:00,+021:11:00,249, CC3,1961-01-01,2022-08-31,26,Miroslaw Mietus
238179,2021,5.021917808219178,24977,STASZOW,PL,+50:36:00,+021:11:00,249, CC3,1961-01-01,2022-08-31,26,Miroslaw Mietus
238191,2017,4.556164383561644,24978,CHORZELOW,PL,+50:21:00,+021:27:00,161, CC3,1961-01-01,2022-08-31,26,Miroslaw Mietus
238191,2018,4.315068493150685,24978,CHORZELOW,PL,+50:21:00,+021:27:00,161, CC3,1961-01-01,2022-08-31,26,Miroslaw Mietus
238191,2019,4.301369863013699,24978,CHORZELOW,PL,+50:21:00,+021:27:00,161, CC3,1961-01-01,2022-08-31,26,Miroslaw Mietus
238191,2020,4.136612021857924,24978,CHORZELOW,PL,+50:21:00,+021:27:00,161, CC3,1961-01-01,2022-08-31,26,Miroslaw Mietus
238191,2021,4.405479452054794,24978,CHORZELOW,PL,+50:21:00,+021:27:00,161, CC3,1961-01-01,2022-08-31,26,Miroslaw Mietus
238359,2017,6.052054794520548,24991,CIESZANOW,PL,+50:14:01,+023:07:05,231, CC3,2004-01-01,2022-08-31,26,Miroslaw Mietus
238359,2017,6.052054794520548,24992,CIESZANOW,PL,+50:14:01,+023:07:05,231, CC3,2004-01-01,2022-08-31,26,Miroslaw Mietus
238359,2017,6.052054794520548,24993,CIESZANOW,PL,+50:14:01,+023:07:05,231, CC3,2004-01-01,2022-08-31,26,Miroslaw Mietus
238359,2018,5.786301369863014,24991,CIESZANOW,PL,+50:14:01,+023:07:05,231, CC3,2004-01-01,2022-08-31,26,Miroslaw Mietus
238359,2018,5.786301369863014,24992,CIESZANOW,PL,+50:14:01,+023:07:05,231, CC3,2004-01-01,2022-08-31,26,Miroslaw Mietus
238359,2018,5.786301369863014,24993,CIESZANOW,PL,+50:14:01,+023:07:05,231, CC3,2004-01-01,2022-08-31,26,Miroslaw Mietus
238359,2019,5.8931506849315065,24991,CIESZANOW,PL,+50:14:01,+023:07:05,231, CC3,2004-01-01,2022-08-31,26,Miroslaw Mietus
238359,2019,5.8931506849315065,24992,CIESZANOW,PL,+50:14:01,+023:07:05,231, CC3,2004-01-01,2022-08-31,26,Miroslaw Mietus
238359,2019,5.8931506849315065,24993,CIESZANOW,PL,+50:14:01,+023:07:05,231, CC3,2004-01-01,2022-08-31,26,Miroslaw Mietus
238359,2020,5.961748633879782,24991,CIESZANOW,PL,+50:14:01,+023:07:05,231, CC3,2004-01-01,2022-08-31,26,Miroslaw Mietus
238359,2020,5.961748633879782,24992,CIESZANOW,PL,+50:14:01,+023:07:05,231, CC3,2004-01-01,2022-08-31,26,Miroslaw Mietus
238359,2020,5.961748633879782,24993,CIESZANOW,PL,+50:14:01,+023:07:05,231, CC3,2004-01-01,2022-08-31,26,Miroslaw Mietus
238359,2021,6.076923076923077,24991,CIESZANOW,PL,+50:14:01,+023:07:05,231, CC3,2004-01-01,2022-08-31,26,Miroslaw Mietus
238359,2021,6.076923076923077,24992,CIESZANOW,PL,+50:14:01,+023:07:05,231, CC3,2004-01-01,2022-08-31,26,Miroslaw Mietus
238359,2021,6.076923076923077,24993,CIESZANOW,PL,+50:14:01,+023:07:05,231, CC3,2004-01-01,2022-08-31,26,Miroslaw Mietus
238635,2017,5.7970149253731345,25015,SKIERNIEWICE,PL,+51:58:00,+020:10:00,130, CC3,1951-01-01,2022-08-31,26,Miroslaw Mietus
238635,2018,4.904109589041096,25015,SKIERNIEWICE,PL,+51:58:00,+020:10:00,130, CC3,1951-01-01,2022-08-31,26,Miroslaw Mietus
238635,2019,5.134246575342465,25015,SKIERNIEWICE,PL,+51:58:00,+020:10:00,130, CC3,1951-01-01,2022-08-31,26,Miroslaw Mietus
238635,2020,5.224043715846994,25015,SKIERNIEWICE,PL,+51:58:00,+020:10:00,130, CC3,1951-01-01,2022-08-31,26,Miroslaw Mietus
238635,2021,5.457534246575342,25015,SKIERNIEWICE,PL,+51:58:00,+020:10:00,130, CC3,1951-01-01,2022-08-31,26,Miroslaw Mietus
238671,2017,5.712328767123288,25018,JARCZEW,PL,+51:49:00,+021:59:00,181, CC3,1975-01-01,2022-08-31,26,Miroslaw Mietus
238671,2018,4.997260273972603,25018,JARCZEW,PL,+51:49:00,+021:59:00,181, CC3,1975-01-01,2022-08-31,26,Miroslaw Mietus
238671,2019,5.131506849315069,25018,JARCZEW,PL,+51:49:00,+021:59:00,181, CC3,1975-01-01,2022-08-31,26,Miroslaw Mietus
238671,2020,5.30327868852459,25018,JARCZEW,PL,+51:49:00,+021:59:00,181, CC3,1975-01-01,2022-08-31,26,Miroslaw Mietus
238671,2021,5.383561643835616,25018,JARCZEW,PL,+51:49:00,+021:59:00,181, CC3,1975-01-01,2022-08-31,26,Miroslaw Mietus
238827,2017,4.583561643835616,25031,GORZYN,PL,+52:34:00,+015:54:00,79, CC3,1961-01-01,2022-08-31,26,Miroslaw Mietus
238827,2018,4.065753424657534,25031,GORZYN,PL,+52:34:00,+015:54:00,79, CC3,1961-01-01,2022-08-31,26,Miroslaw Mietus
238827,2019,4.038356164383561,25031,GORZYN,PL,+52:34:00,+015:54:00,79, CC3,1961-01-01,2022-08-31,26,Miroslaw Mietus
238827,2020,4.073770491803279,25031,GORZYN,PL,+52:34:00,+015:54:00,79, CC3,1961-01-01,2022-08-31,26,Miroslaw Mietus
238827,2021,4.567123287671233,25031,GORZYN,PL,+52:34:00,+015:54:00,79, CC3,1961-01-01,2022-08-31,26,Miroslaw Mietus
238911,2017,4.578082191780822,25038,WIELICHOWO,PL,+52:07:00,+016:21:00,72, CC3,1951-01-01,2022-08-31,26,Miroslaw Mietus
238911,2018,3.863013698630137,25038,WIELICHOWO,PL,+52:07:00,+016:21:00,72, CC3,1951-01-01,2022-08-31,26,Miroslaw Mietus
238911,2019,3.8438356164383563,25038,WIELICHOWO,PL,+52:07:00,+016:21:00,72, CC3,1951-01-01,2022-08-31,26,Miroslaw Mietus
238911,2020,3.92896174863388,25038,WIELICHOWO,PL,+52:07:00,+016:21:00,72, CC3,1951-01-01,2022-08-31,26,Miroslaw Mietus
238911,2021,4.446575342465754,25038,WIELICHOWO,PL,+52:07:00,+016:21:00,72, CC3,1951-01-01,2022-08-31,26,Miroslaw Mietus
238983,2018,3.718562874251497,25044,KOLUDA WIELKA,PL,+52:44:00,+018:09:00,76, CC3,1951-01-01,2022-08-31,26,Miroslaw Mietus
238983,2019,4.3829201101928374,25044,KOLUDA WIELKA,PL,+52:44:00,+018:09:00,76, CC3,1951-01-01,2022-08-31,26,Miroslaw Mietus
238983,2020,4.540983606557377,25044,KOLUDA WIELKA,PL,+52:44:00,+018:09:00,76, CC3,1951-01-01,2022-08-31,26,Miroslaw Mietus
238983,2021,4.6876712328767125,25044,KOLUDA WIELKA,PL,+52:44:00,+018:09:00,76, CC3,1951-01-01,2022-08-31,26,Miroslaw Mietus
239091,2017,5.36986301369863,25053,WARSZAWA-BIELANY,PL,+52:17:00,+020:58:00,91, CC3,1951-01-01,2022-08-31,26,Miroslaw Mietus
239091,2018,4.210958904109589,25053,WARSZAWA-BIELANY,PL,+52:17:00,+020:58:00,91, CC3,1951-01-01,2022-08-31,26,Miroslaw Mietus
239091,2019,4.402739726027397,25053,WARSZAWA-BIELANY,PL,+52:17:00,+020:58:00,91, CC3,1951-01-01,2022-08-31,26,Miroslaw Mietus
239091,2020,4.812680115273775,25053,WARSZAWA-BIELANY,PL,+52:17:00,+020:58:00,91, CC3,1951-01-01,2022-08-31,26,Miroslaw Mietus
239091,2021,4.745205479452054,25053,WARSZAWA-BIELANY,PL,+52:17:00,+020:58:00,91, CC3,1951-01-01,2022-08-31,26,Miroslaw Mietus
239103,2017,5.579379562043796,25053,WARSZAWA-FILTRY,PL,+52:13:10,+020:59:57,91, CC3,2004-01-01,2022-08-31,26,Miroslaw Mietus
239103,2017,5.579379562043796,25054,WARSZAWA-FILTRY,PL,+52:13:10,+020:59:57,91, CC3,2004-01-01,2022-08-31,26,Miroslaw Mietus
239103,2017,5.579379562043796,25152,WARSZAWA-FILTRY,PL,+52:13:10,+020:59:57,91, CC3,2004-01-01,2022-08-31,26,Miroslaw Mietus
239103,2017,5.579379562043796,9040,WARSZAWA-FILTRY,PL,+52:13:10,+020:59:57,91, CC3,2004-01-01,2022-08-31,26,Miroslaw Mietus
239103,2017,5.579379562043796,209,WARSZAWA-FILTRY,PL,+52:13:10,+020:59:57,91, CC3,2004-01-01,2022-08-31,26,Miroslaw Mietus
239103,2018,4.638356164383562,25053,WARSZAWA-FILTRY,PL,+52:13:10,+020:59:57,91, CC3,2004-01-01,2022-08-31,26,Miroslaw Mietus
239103,2018,4.638356164383562,25054,WARSZAWA-FILTRY,PL,+52:13:10,+020:59:57,91, CC3,2004-01-01,2022-08-31,26,Miroslaw Mietus
239103,2018,4.638356164383562,25152,WARSZAWA-FILTRY,PL,+52:13:10,+020:59:57,91, CC3,2004-01-01,2022-08-31,26,Miroslaw Mietus
239103,2018,4.638356164383562,9040,WARSZAWA-FILTRY,PL,+52:13:10,+020:59:57,91, CC3,2004-01-01,2022-08-31,26,Miroslaw Mietus
239103,2018,4.638356164383562,209,WARSZAWA-FILTRY,PL,+52:13:10,+020:59:57,91, CC3,2004-01-01,2022-08-31,26,Miroslaw Mietus
239103,2019,4.8931506849315065,25053,WARSZAWA-FILTRY,PL,+52:13:10,+020:59:57,91, CC3,2004-01-01,2022-08-31,26,Miroslaw Mietus
239103,2019,4.8931506849315065,25054,WARSZAWA-FILTRY,PL,+52:13:10,+020:59:57,91, CC3,2004-01-01,2022-08-31,26,Miroslaw Mietus
239103,2019,4.8931506849315065,25152,WARSZAWA-FILTRY,PL,+52:13:10,+020:59:57,91, CC3,2004-01-01,2022-08-31,26,Miroslaw Mietus
239103,2019,4.8931506849315065,9040,WARSZAWA-FILTRY,PL,+52:13:10,+020:59:57,91, CC3,2004-01-01,2022-08-31,26,Miroslaw Mietus
239103,2019,4.8931506849315065,209,WARSZAWA-FILTRY,PL,+52:13:10,+020:59:57,91, CC3,2004-01-01,2022-08-31,26,Miroslaw Mietus
239103,2020,4.967770814682185,25053,WARSZAWA-FILTRY,PL,+52:13:10,+020:59:57,91, CC3,2004-01-01,2022-08-31,26,Miroslaw Mietus
239103,2020,4.967770814682185,25054,WARSZAWA-FILTRY,PL,+52:13:10,+020:59:57,91, CC3,2004-01-01,2022-08-31,26,Miroslaw Mietus
239103,2020,4.967770814682185,25152,WARSZAWA-FILTRY,PL,+52:13:10,+020:59:57,91, CC3,2004-01-01,2022-08-31,26,Miroslaw Mietus
239103,2020,4.967770814682185,9040,WARSZAWA-FILTRY,PL,+52:13:10,+020:59:57,91, CC3,2004-01-01,2022-08-31,26,Miroslaw Mietus
239103,2020,4.967770814682185,209,WARSZAWA-FILTRY,PL,+52:13:10,+020:59:57,91, CC3,2004-01-01,2022-08-31,26,Miroslaw Mietus
239103,2021,5.208219178082191,25053,WARSZAWA-FILTRY,PL,+52:13:10,+020:59:57,91, CC3,2004-01-01,2022-08-31,26,Miroslaw Mietus
239103,2021,5.208219178082191,25054,WARSZAWA-FILTRY,PL,+52:13:10,+020:59:57,91, CC3,2004-01-01,2022-08-31,26,Miroslaw Mietus
239103,2021,5.208219178082191,25152,WARSZAWA-FILTRY,PL,+52:13:10,+020:59:57,91, CC3,2004-01-01,2022-08-31,26,Miroslaw Mietus
239103,2021,5.208219178082191,9040,WARSZAWA-FILTRY,PL,+52:13:10,+020:59:57,91, CC3,2004-01-01,2022-08-31,26,Miroslaw Mietus
239103,2021,5.208219178082191,209,WARSZAWA-FILTRY,PL,+52:13:10,+020:59:57,91, CC3,2004-01-01,2022-08-31,26,Miroslaw Mietus
239175,2017,6.778082191780822,25060,PULTUSK,PL,+52:04:04,+021:00:06,109, CC3,1951-01-01,2022-08-31,26,Miroslaw Mietus
239175,2018,5.967123287671233,25060,PULTUSK,PL,+52:04:04,+021:00:06,109, CC3,1951-01-01,2022-08-31,26,Miroslaw Mietus
239175,2019,5.994520547945205,25060,PULTUSK,PL,+52:04:04,+021:00:06,109, CC3,1951-01-01,2022-08-31,26,Miroslaw Mietus
239175,2020,5.743169398907104,25060,PULTUSK,PL,+52:04:04,+021:00:06,109, CC3,1951-01-01,2022-08-31,26,Miroslaw Mietus
239175,2021,5.942465753424657,25060,PULTUSK,PL,+52:04:04,+021:00:06,109, CC3,1951-01-01,2022-08-31,26,Miroslaw Mietus
239223,2017,5.835616438356165,25064,SZEPIETOWO,PL,+52:51:00,+022:33:00,152, CC3,1951-01-01,2022-08-31,26,Miroslaw Mietus
239223,2018,5.101369863013699,25064,SZEPIETOWO,PL,+52:51:00,+022:33:00,152, CC3,1951-01-01,2022-08-31,26,Miroslaw Mietus
239223,2019,5.126027397260274,25064,SZEPIETOWO,PL,+52:51:00,+022:33:00,152, CC3,1951-01-01,2022-08-31,26,Miroslaw Mietus
239223,2020,5.437158469945355,25064,SZEPIETOWO,PL,+52:51:00,+022:33:00,152, CC3,1951-01-01,2022-08-31,26,Miroslaw Mietus
239223,2021,5.498630136986302,25064,SZEPIETOWO,PL,+52:51:00,+022:33:00,152, CC3,1951-01-01,2022-08-31,26,Miroslaw Mietus
239595,2017,5.46027397260274,25095,BIEBRZA-PIENCZYKOWEK,PL,+53:39:00,+022:36:00,128, CC3,1956-01-01,2022-08-31,26,Miroslaw Mietus
239595,2018,4.468493150684932,25095,BIEBRZA-PIENCZYKOWEK,PL,+53:39:00,+022:36:00,128, CC3,1956-01-01,2022-08-31,26,Miroslaw Mietus
239595,2019,4.576923076923077,25095,BIEBRZA-PIENCZYKOWEK,PL,+53:39:00,+022:36:00,128, CC3,1956-01-01,2022-08-31,26,Miroslaw Mietus
239595,2020,4.314207650273224,25095,BIEBRZA-PIENCZYKOWEK,PL,+53:39:00,+022:36:00,128, CC3,1956-01-01,2022-08-31,26,Miroslaw Mietus
239595,2021,4.482191780821918,25095,BIEBRZA-PIENCZYKOWEK,PL,+53:39:00,+022:36:00,128, CC3,1956-01-01,2022-08-31,26,Miroslaw Mietus
239667,2017,5.227397260273973,25101,ROZANYSTOK,PL,+53:38:00,+023:24:00,152, CC3,1961-01-01,2022-08-31,26,Miroslaw Mietus
239667,2018,4.435616438356164,25101,ROZANYSTOK,PL,+53:38:00,+023:24:00,152, CC3,1961-01-01,2022-08-31,26,Miroslaw Mietus
239667,2019,4.392265193370166,25101,ROZANYSTOK,PL,+53:38:00,+023:24:00,152, CC3,1961-01-01,2022-08-31,26,Miroslaw Mietus
239835,2017,5.671232876712328,25115,GDANSK-REBIECHOWO,PL,+54:23:00,+018:28:00,145, CC3,1991-01-01,2022-08-31,26,Miroslaw Mietus
239835,2017,5.671232876712328,25150,GDANSK-REBIECHOWO,PL,+54:23:00,+018:28:00,145, CC3,1991-01-01,2022-08-31,26,Miroslaw Mietus
239835,2018,5.073972602739726,25115,GDANSK-REBIECHOWO,PL,+54:23:00,+018:28:00,145, CC3,1991-01-01,2022-08-31,26,Miroslaw Mietus
239835,2018,5.073972602739726,25150,GDANSK-REBIECHOWO,PL,+54:23:00,+018:28:00,145, CC3,1991-01-01,2022-08-31,26,Miroslaw Mietus
239835,2019,5.265753424657534,25115,GDANSK-REBIECHOWO,PL,+54:23:00,+018:28:00,145, CC3,1991-01-01,2022-08-31,26,Miroslaw Mietus
239835,2019,5.265753424657534,25150,GDANSK-REBIECHOWO,PL,+54:23:00,+018:28:00,145, CC3,1991-01-01,2022-08-31,26,Miroslaw Mietus
239835,2020,5.245901639344262,25115,GDANSK-REBIECHOWO,PL,+54:23:00,+018:28:00,145, CC3,1991-01-01,2022-08-31,26,Miroslaw Mietus
239835,2020,5.245901639344262,25150,GDANSK-REBIECHOWO,PL,+54:23:00,+018:28:00,145, CC3,1991-01-01,2022-08-31,26,Miroslaw Mietus
239835,2021,5.279452054794521,25115,GDANSK-REBIECHOWO,PL,+54:23:00,+018:28:00,145, CC3,1991-01-01,2022-08-31,26,Miroslaw Mietus
239835,2021,5.279452054794521,25150,GDANSK-REBIECHOWO,PL,+54:23:00,+018:28:00,145, CC3,1991-01-01,2022-08-31,26,Miroslaw Mietus
239847,2017,4.879452054794521,25116,GDANSK-SWIBNO,PL,+54:20:00,+018:56:00,0, CC3,1951-01-01,2022-09-30,26,Miroslaw Mietus
239847,2018,4.331506849315068,25116,GDANSK-SWIBNO,PL,+54:20:00,+018:56:00,0, CC3,1951-01-01,2022-09-30,26,Miroslaw Mietus
239847,2019,4.580821917808219,25116,GDANSK-SWIBNO,PL,+54:20:00,+018:56:00,0, CC3,1951-01-01,2022-09-30,26,Miroslaw Mietus
239847,2020,4.64207650273224,25116,GDANSK-SWIBNO,PL,+54:20:00,+018:56:00,0, CC3,1951-01-01,2022-09-30,26,Miroslaw Mietus
239847,2021,3.0,25116,GDANSK-SWIBNO,PL,+54:20:00,+018:56:00,0, CC3,1951-01-01,2022-09-30,26,Miroslaw Mietus
239919,2017,5.482191780821918,25122,LIDZBARK WARMINSKI,PL,+54:08:00,+020:36:00,99, CC3,1951-01-01,2022-08-31,26,Miroslaw Mietus
239919,2018,4.706849315068493,25122,LIDZBARK WARMINSKI,PL,+54:08:00,+020:36:00,99, CC3,1951-01-01,2022-08-31,26,Miroslaw Mietus
239919,2019,4.758904109589041,25122,LIDZBARK WARMINSKI,PL,+54:08:00,+020:36:00,99, CC3,1951-01-01,2022-08-31,26,Miroslaw Mietus
239919,2020,4.98087431693989,25122,LIDZBARK WARMINSKI,PL,+54:08:00,+020:36:00,99, CC3,1951-01-01,2022-08-31,26,Miroslaw Mietus
239919,2021,5.03013698630137,25122,LIDZBARK WARMINSKI,PL,+54:08:00,+020:36:00,99, CC3,1951-01-01,2022-08-31,26,Miroslaw Mietus
239955,2017,5.961643835616439,25125,OLECKO,PL,+54:03:00,+022:29:00,173, CC3,1961-01-01,2022-08-31,26,Miroslaw Mietus
239955,2018,5.276712328767124,25125,OLECKO,PL,+54:03:00,+022:29:00,173, CC3,1961-01-01,2022-08-31,26,Miroslaw Mietus
239955,2019,5.473972602739726,25125,OLECKO,PL,+54:03:00,+022:29:00,173, CC3,1961-01-01,2022-08-31,26,Miroslaw Mietus
239955,2020,5.614754098360656,25125,OLECKO,PL,+54:03:00,+022:29:00,173, CC3,1961-01-01,2022-08-31,26,Miroslaw Mietus
239955,2021,5.816438356164384,25125,OLECKO,PL,+54:03:00,+022:29:00,173, CC3,1961-01-01,2022-08-31,26,Miroslaw Mietus
239967,2017,5.468493150684932,25126,KASPROWY WIERCH,PL,+49:13:57,+019:58:55,1348, CC3,1951-01-01,2022-09-30,26,Miroslaw Mietus
239967,2018,5.421917808219178,25126,KASPROWY WIERCH,PL,+49:13:57,+019:58:55,1348, CC3,1951-01-01,2022-09-30,26,Miroslaw Mietus
239967,2019,5.506849315068493,25126,KASPROWY WIERCH,PL,+49:13:57,+019:58:55,1348, CC3,1951-01-01,2022-09-30,26,Miroslaw Mietus
239967,2020,5.032786885245901,25126,KASPROWY WIERCH,PL,+49:13:57,+019:58:55,1348, CC3,1951-01-01,2022-09-30,26,Miroslaw Mietus
239967,2021,5.421917808219178,25126,KASPROWY WIERCH,PL,+49:13:57,+019:58:55,1348, CC3,1951-01-01,2022-09-30,26,Miroslaw Mietus
239991,2017,5.3988919667590025,25128,JELENIA GORA,PL,+50:54:01,+015:47:20,427, CC3,1951-01-01,2022-09-30,26,Miroslaw Mietus
239991,2018,4.751381215469613,25128,JELENIA GORA,PL,+50:54:01,+015:47:20,427, CC3,1951-01-01,2022-09-30,26,Miroslaw Mietus
239991,2019,4.8402203856749315,25128,JELENIA GORA,PL,+50:54:01,+015:47:20,427, CC3,1951-01-01,2022-09-30,26,Miroslaw Mietus
239991,2020,4.6464088397790055,25128,JELENIA GORA,PL,+50:54:01,+015:47:20,427, CC3,1951-01-01,2022-09-30,26,Miroslaw Mietus
239991,2021,0.013888888888888888,25128,JELENIA GORA,PL,+50:54:01,+015:47:20,427, CC3,1951-01-01,2022-09-30,26,Miroslaw Mietus
240003,2017,5.813698630136987,24932,SNIEZKA,PL,+50:44:10,+015:44:22,958, CC3,1951-01-01,2022-09-30,26,Miroslaw Mietus
240003,2017,5.813698630136987,25129,SNIEZKA,PL,+50:44:10,+015:44:22,958, CC3,1951-01-01,2022-09-30,26,Miroslaw Mietus
240003,2018,5.394520547945206,24932,SNIEZKA,PL,+50:44:10,+015:44:22,958, CC3,1951-01-01,2022-09-30,26,Miroslaw Mietus
240003,2018,5.394520547945206,25129,SNIEZKA,PL,+50:44:10,+015:44:22,958, CC3,1951-01-01,2022-09-30,26,Miroslaw Mietus
240003,2019,5.6438356164383565,24932,SNIEZKA,PL,+50:44:10,+015:44:22,958, CC3,1951-01-01,2022-09-30,26,Miroslaw Mietus
240003,2019,5.6438356164383565,25129,SNIEZKA,PL,+50:44:10,+015:44:22,958, CC3,1951-01-01,2022-09-30,26,Miroslaw Mietus
240003,2020,5.398907103825136,24932,SNIEZKA,PL,+50:44:10,+015:44:22,958, CC3,1951-01-01,2022-09-30,26,Miroslaw Mietus
240003,2020,5.398907103825136,25129,SNIEZKA,PL,+50:44:10,+015:44:22,958, CC3,1951-01-01,2022-09-30,26,Miroslaw Mietus
240003,2021,5.7315068493150685,24932,SNIEZKA,PL,+50:44:10,+015:44:22,958, CC3,1951-01-01,2022-09-30,26,Miroslaw Mietus
240003,2021,5.7315068493150685,25129,SNIEZKA,PL,+50:44:10,+015:44:22,958, CC3,1951-01-01,2022-09-30,26,Miroslaw Mietus
240015,2017,5.263013698630137,25130,OPOLE,PL,+50:37:37,+017:58:08,163, CC3,1951-01-01,2022-09-30,26,Miroslaw Mietus
240015,2018,4.642857142857143,25130,OPOLE,PL,+50:37:37,+017:58:08,163, CC3,1951-01-01,2022-09-30,26,Miroslaw Mietus
240015,2019,4.824657534246575,25130,OPOLE,PL,+50:37:37,+017:58:08,163, CC3,1951-01-01,2022-09-30,26,Miroslaw Mietus
240015,2020,4.73224043715847,25130,OPOLE,PL,+50:37:37,+017:58:08,163, CC3,1951-01-01,2022-09-30,26,Miroslaw Mietus
240015,2021,5.019178082191781,25130,OPOLE,PL,+50:37:37,+017:58:08,163, CC3,1951-01-01,2022-09-30,26,Miroslaw Mietus
240027,2017,0.0,25131,CZOSTOCHOWA,PL,+50:48:45,+019:05:33,266, CC3,1951-01-01,2022-09-30,26,Miroslaw Mietus
240027,2018,0.0,25131,CZOSTOCHOWA,PL,+50:48:45,+019:05:33,266, CC3,1951-01-01,2022-09-30,26,Miroslaw Mietus
240027,2019,0.0,25131,CZOSTOCHOWA,PL,+50:48:45,+019:05:33,266, CC3,1951-01-01,2022-09-30,26,Miroslaw Mietus
240027,2020,0.0,25131,CZOSTOCHOWA,PL,+50:48:45,+019:05:33,266, CC3,1951-01-01,2022-09-30,26,Miroslaw Mietus
240027,2021,0.0,25131,CZOSTOCHOWA,PL,+50:48:45,+019:05:33,266, CC3,1951-01-01,2022-09-30,26,Miroslaw Mietus
240039,2017,5.181318681318682,25132,KATOWICE-MUCHOWIEC,PL,+50:14:26,+019:01:58,281, CC3,1951-01-01,2022-09-30,26,Miroslaw Mietus
240039,2018,4.9088397790055245,25132,KATOWICE-MUCHOWIEC,PL,+50:14:26,+019:01:58,281, CC3,1951-01-01,2022-09-30,26,Miroslaw Mietus
240039,2019,4.980716253443526,25132,KATOWICE-MUCHOWIEC,PL,+50:14:26,+019:01:58,281, CC3,1951-01-01,2022-09-30,26,Miroslaw Mietus
240039,2020,4.904109589041096,25132,KATOWICE-MUCHOWIEC,PL,+50:14:26,+019:01:58,281, CC3,1951-01-01,2022-09-30,26,Miroslaw Mietus
240039,2021,0.02197802197802198,25132,KATOWICE-MUCHOWIEC,PL,+50:14:26,+019:01:58,281, CC3,1951-01-01,2022-09-30,26,Miroslaw Mietus
240051,2017,4.9393939393939394,25133,KRAKOW-BALICE,PL,+50:04:49,+019:48:07,234, CC3,1951-01-01,2022-09-30,26,Miroslaw Mietus
240051,2018,4.56353591160221,25133,KRAKOW-BALICE,PL,+50:04:49,+019:48:07,234, CC3,1951-01-01,2022-09-30,26,Miroslaw Mietus
240051,2019,4.643646408839779,25133,KRAKOW-BALICE,PL,+50:04:49,+019:48:07,234, CC3,1951-01-01,2022-09-30,26,Miroslaw Mietus
240051,2020,4.560109289617486,25133,KRAKOW-BALICE,PL,+50:04:49,+019:48:07,234, CC3,1951-01-01,2022-09-30,26,Miroslaw Mietus
240051,2021,4.769230769230769,25133,KRAKOW-BALICE,PL,+50:04:49,+019:48:07,234, CC3,1951-01-01,2022-09-30,26,Miroslaw Mietus
240063,2017,0.0,25134,TARNOW,PL,+50:01:48,+020:59:04,207, CC3,1951-01-01,2022-09-30,26,Miroslaw Mietus
240063,2018,0.0,25134,TARNOW,PL,+50:01:48,+020:59:04,207, CC3,1951-01-01,2022-09-30,26,Miroslaw Mietus
240063,2019,0.0,25134,TARNOW,PL,+50:01:48,+020:59:04,207, CC3,1951-01-01,2022-09-30,26,Miroslaw Mietus
240063,2020,0.0,25134,TARNOW,PL,+50:01:48,+020:59:04,207, CC3,1951-01-01,2022-09-30,26,Miroslaw Mietus
240063,2021,0.0,25134,TARNOW,PL,+50:01:48,+020:59:04,207, CC3,1951-01-01,2022-09-30,26,Miroslaw Mietus
240075,2017,0.0,25135,SANDOMIERZ,PL,+50:41:48,+021:42:57,143, CC3,1951-01-01,2022-09-30,26,Miroslaw Mietus
240075,2018,0.0,25135,SANDOMIERZ,PL,+50:41:48,+021:42:57,143, CC3,1951-01-01,2022-09-30,26,Miroslaw Mietus
240075,2019,0.0,25135,SANDOMIERZ,PL,+50:41:48,+021:42:57,143, CC3,1951-01-01,2022-09-30,26,Miroslaw Mietus
240075,2020,0.0,25135,SANDOMIERZ,PL,+50:41:48,+021:42:57,143, CC3,1951-01-01,2022-09-30,26,Miroslaw Mietus
240075,2021,0.0,25135,SANDOMIERZ,PL,+50:41:48,+021:42:57,143, CC3,1951-01-01,2022-09-30,26,Miroslaw Mietus
240087,2017,0.0,25136,ZAMOSC,PL,+50:41:52,+023:12:23,258, CC3,1951-01-01,2022-09-30,26,Miroslaw Mietus
240087,2018,0.0,25136,ZAMOSC,PL,+50:41:52,+023:12:23,258, CC3,1951-01-01,2022-09-30,26,Miroslaw Mietus
240087,2019,0.0,25136,ZAMOSC,PL,+50:41:52,+023:12:23,258, CC3,1951-01-01,2022-09-30,26,Miroslaw Mietus
240087,2020,0.0,25136,ZAMOSC,PL,+50:41:52,+023:12:23,258, CC3,1951-01-01,2022-09-30,26,Miroslaw Mietus
240087,2021,0.0,25136,ZAMOSC,PL,+50:41:52,+023:12:23,258, CC3,1951-01-01,2022-09-30,26,Miroslaw Mietus
240111,2017,0.0,25138,LEGNICA,PL,+51:11:33,+016:12:27,134, CC3,1951-01-01,2022-09-30,26,Miroslaw Mietus
240111,2018,0.0,25138,LEGNICA,PL,+51:11:33,+016:12:27,134, CC3,1951-01-01,2022-09-30,26,Miroslaw Mietus
240111,2019,0.0,25138,LEGNICA,PL,+51:11:33,+016:12:27,134, CC3,1951-01-01,2022-09-30,26,Miroslaw Mietus
240111,2020,0.0,25138,LEGNICA,PL,+51:11:33,+016:12:27,134, CC3,1951-01-01,2022-09-30,26,Miroslaw Mietus
240111,2021,0.0,25138,LEGNICA,PL,+51:11:33,+016:12:27,134, CC3,1951-01-01,2022-09-30,26,Miroslaw Mietus
240123,2017,5.123287671232877,25139,LUBLIN-RADAWIEC,PL,+51:13:01,+022:23:37,228, CC3,1951-01-01,2022-09-30,26,Miroslaw Mietus
240123,2018,4.515068493150685,25139,LUBLIN-RADAWIEC,PL,+51:13:01,+022:23:37,228, CC3,1951-01-01,2022-09-30,26,Miroslaw Mietus
240123,2019,4.8076923076923075,25139,LUBLIN-RADAWIEC,PL,+51:13:01,+022:23:37,228, CC3,1951-01-01,2022-09-30,26,Miroslaw Mietus
240123,2020,4.825136612021858,25139,LUBLIN-RADAWIEC,PL,+51:13:01,+022:23:37,228, CC3,1951-01-01,2022-09-30,26,Miroslaw Mietus
240123,2021,4.358904109589041,25139,LUBLIN-RADAWIEC,PL,+51:13:01,+022:23:37,228, CC3,1951-01-01,2022-09-30,26,Miroslaw Mietus
240135,2017,0.0,25140,KOLO,PL,+52:12:01,+018:39:41,113, CC3,1951-01-01,2020-12-31,26,Miroslaw Mietus
240135,2017,0.0,206,KOLO,PL,+52:12:01,+018:39:41,113, CC3,1951-01-01,2020-12-31,26,Miroslaw Mietus
240135,2018,0.0,25140,KOLO,PL,+52:12:01,+018:39:41,113, CC3,1951-01-01,2020-12-31,26,Miroslaw Mietus
240135,2018,0.0,206,KOLO,PL,+52:12:01,+018:39:41,113, CC3,1951-01-01,2020-12-31,26,Miroslaw Mietus
240135,2019,0.0,25140,KOLO,PL,+52:12:01,+018:39:41,113, CC3,1951-01-01,2020-12-31,26,Miroslaw Mietus
240135,2019,0.0,206,KOLO,PL,+52:12:01,+018:39:41,113, CC3,1951-01-01,2020-12-31,26,Miroslaw Mietus
240135,2020,0.0,25140,KOLO,PL,+52:12:01,+018:39:41,113, CC3,1951-01-01,2020-12-31,26,Miroslaw Mietus
240135,2020,0.0,206,KOLO,PL,+52:12:01,+018:39:41,113, CC3,1951-01-01,2020-12-31,26,Miroslaw Mietus
240147,2017,0.0,25141,PLOCK,PL,+52:35:18,+019:43:33,87, CC3,1951-01-01,2022-09-30,26,Miroslaw Mietus
240147,2018,0.0,25141,PLOCK,PL,+52:35:18,+019:43:33,87, CC3,1951-01-01,2022-09-30,26,Miroslaw Mietus
240147,2019,0.0,25141,PLOCK,PL,+52:35:18,+019:43:33,87, CC3,1951-01-01,2022-09-30,26,Miroslaw Mietus
240147,2020,0.0,25141,PLOCK,PL,+52:35:18,+019:43:33,87, CC3,1951-01-01,2022-09-30,26,Miroslaw Mietus
240147,2021,0.0,25141,PLOCK,PL,+52:35:18,+019:43:33,87, CC3,1951-01-01,2022-09-30,26,Miroslaw Mietus
240159,2018,0.0,25142,RESKO-SMOLSKO,PL,+53:46:18,+015:24:53,66, CC3,1951-01-01,2022-09-30,26,Miroslaw Mietus
240159,2019,0.0,25142,RESKO-SMOLSKO,PL,+53:46:18,+015:24:53,66, CC3,1951-01-01,2022-09-30,26,Miroslaw Mietus
240159,2020,0.0,25142,RESKO-SMOLSKO,PL,+53:46:18,+015:24:53,66, CC3,1951-01-01,2022-09-30,26,Miroslaw Mietus
240159,2021,0.0,25142,RESKO-SMOLSKO,PL,+53:46:18,+015:24:53,66, CC3,1951-01-01,2022-09-30,26,Miroslaw Mietus
240195,2017,5.35068493150685,25145,MIKOLAJKI,PL,+53:47:22,+021:35:19,144, CC3,1952-01-01,2022-09-30,26,Miroslaw Mietus
240195,2018,4.512328767123288,25145,MIKOLAJKI,PL,+53:47:22,+021:35:19,144, CC3,1952-01-01,2022-09-30,26,Miroslaw Mietus
240195,2019,4.695890410958904,25145,MIKOLAJKI,PL,+53:47:22,+021:35:19,144, CC3,1952-01-01,2022-09-30,26,Miroslaw Mietus
240195,2020,4.898907103825136,25145,MIKOLAJKI,PL,+53:47:22,+021:35:19,144, CC3,1952-01-01,2022-09-30,26,Miroslaw Mietus
240195,2021,3.9753424657534246,25145,MIKOLAJKI,PL,+53:47:22,+021:35:19,144, CC3,1952-01-01,2022-09-30,26,Miroslaw Mietus
240219,2017,0.0,25147,KOLOBRZEG-DZWIRZYNO,PL,+54:09:30,+015:23:20,1, CC3,1951-01-01,2022-09-30,26,Miroslaw Mietus
240219,2018,2.8328767123287673,25147,KOLOBRZEG-DZWIRZYNO,PL,+54:09:30,+015:23:20,1, CC3,1951-01-01,2022-09-30,26,Miroslaw Mietus
240219,2019,4.693150684931507,25147,KOLOBRZEG-DZWIRZYNO,PL,+54:09:30,+015:23:20,1, CC3,1951-01-01,2022-09-30,26,Miroslaw Mietus
240219,2020,4.680327868852459,25147,KOLOBRZEG-DZWIRZYNO,PL,+54:09:30,+015:23:20,1, CC3,1951-01-01,2022-09-30,26,Miroslaw Mietus
240219,2021,4.997260273972603,25147,KOLOBRZEG-DZWIRZYNO,PL,+54:09:30,+015:23:20,1, CC3,1951-01-01,2022-09-30,26,Miroslaw Mietus
240231,2017,5.101369863013699,25148,USTKA,PL,+54:35:18,+016:51:15,18, CC3,1951-01-01,2022-09-30,26,Miroslaw Mietus
240231,2018,4.3561643835616435,25148,USTKA,PL,+54:35:18,+016:51:15,18, CC3,1951-01-01,2022-09-30,26,Miroslaw Mietus
240231,2019,4.717808219178083,25148,USTKA,PL,+54:35:18,+016:51:15,18, CC3,1951-01-01,2022-09-30,26,Miroslaw Mietus
240231,2020,4.628415300546448,25148,USTKA,PL,+54:35:18,+016:51:15,18, CC3,1951-01-01,2022-09-30,26,Miroslaw Mietus
240231,2021,0.019178082191780823,25148,USTKA,PL,+54:35:18,+016:51:15,18, CC3,1951-01-01,2022-09-30,26,Miroslaw Mietus
240243,2017,0.0,25149,LEBORK,PL,+54:33:11,+017:43:25,45, CC3,1951-01-01,2022-09-30,26,Miroslaw Mietus
240243,2018,0.0,25149,LEBORK,PL,+54:33:11,+017:43:25,45, CC3,1951-01-01,2022-09-30,26,Miroslaw Mietus
240243,2019,0.0,25149,LEBORK,PL,+54:33:11,+017:43:25,45, CC3,1951-01-01,2022-09-30,26,Miroslaw Mietus
240243,2020,0.0,25149,LEBORK,PL,+54:33:11,+017:43:25,45, CC3,1951-01-01,2022-09-30,26,Miroslaw Mietus
240243,2021,0.0,25149,LEBORK,PL,+54:33:11,+017:43:25,45, CC3,1951-01-01,2022-09-30,26,Miroslaw Mietus
240267,2017,5.534246575342466,25151,ELBLAG-MILEJEWO,PL,+54:13:23,+019:32:37,151, CC3,1951-01-01,2022-09-30,26,Miroslaw Mietus
240267,2018,4.789041095890411,25151,ELBLAG-MILEJEWO,PL,+54:13:23,+019:32:37,151, CC3,1951-01-01,2022-09-30,26,Miroslaw Mietus
240267,2019,5.1068493150684935,25151,ELBLAG-MILEJEWO,PL,+54:13:23,+019:32:37,151, CC3,1951-01-01,2022-09-30,26,Miroslaw Mietus
240267,2020,5.0683060109289615,25151,ELBLAG-MILEJEWO,PL,+54:13:23,+019:32:37,151, CC3,1951-01-01,2022-09-30,26,Miroslaw Mietus
240267,2021,5.178082191780822,25151,ELBLAG-MILEJEWO,PL,+54:13:23,+019:32:37,151, CC3,1951-01-01,2022-09-30,26,Miroslaw Mietus
240290,2017,5.454794520547945,2022,KOSZALIN,PL,+54:12:16,+016:09:19,33, CC3,1951-01-01,2022-09-30,26,Miroslaw Mietus
240290,2018,4.536986301369863,2022,KOSZALIN,PL,+54:12:16,+016:09:19,33, CC3,1951-01-01,2022-09-30,26,Miroslaw Mietus
240290,2019,5.027397260273973,2022,KOSZALIN,PL,+54:12:16,+016:09:19,33, CC3,1951-01-01,2022-09-30,26,Miroslaw Mietus
240290,2020,4.9863387978142075,2022,KOSZALIN,PL,+54:12:16,+016:09:19,33, CC3,1951-01-01,2022-09-30,26,Miroslaw Mietus
240290,2021,5.2904109589041095,2022,KOSZALIN,PL,+54:12:16,+016:09:19,33, CC3,1951-01-01,2022-09-30,26,Miroslaw Mietus
240350,2017,0.0,25076,PILA,PL,+53:07:48,+016:45:00,72, CC3,1970-10-12,2022-09-30,26,Miroslaw Mietus
240350,2017,0.0,8943,PILA,PL,+53:07:48,+016:45:00,72, CC3,1970-10-12,2022-09-30,26,Miroslaw Mietus
240350,2018,0.0,25076,PILA,PL,+53:07:48,+016:45:00,72, CC3,1970-10-12,2022-09-30,26,Miroslaw Mietus
240350,2018,0.0,8943,PILA,PL,+53:07:48,+016:45:00,72, CC3,1970-10-12,2022-09-30,26,Miroslaw Mietus
240350,2019,0.0,25076,PILA,PL,+53:07:48,+016:45:00,72, CC3,1970-10-12,2022-09-30,26,Miroslaw Mietus
240350,2019,0.0,8943,PILA,PL,+53:07:48,+016:45:00,72, CC3,1970-10-12,2022-09-30,26,Miroslaw Mietus
240350,2020,0.0,25076,PILA,PL,+53:07:48,+016:45:00,72, CC3,1970-10-12,2022-09-30,26,Miroslaw Mietus
240350,2020,0.0,8943,PILA,PL,+53:07:48,+016:45:00,72, CC3,1970-10-12,2022-09-30,26,Miroslaw Mietus
240350,2021,0.0,25076,PILA,PL,+53:07:48,+016:45:00,72, CC3,1970-10-12,2022-09-30,26,Miroslaw Mietus
240350,2021,0.0,8943,PILA,PL,+53:07:48,+016:45:00,72, CC3,1970-10-12,2022-09-30,26,Miroslaw Mietus
240362,2017,0.0,2023,KETRZYN,PL,+54:04:12,+021:22:12,108, CC3,1966-01-01,2022-09-30,26,Miroslaw Mietus
240362,2018,0.0,2023,KETRZYN,PL,+54:04:12,+021:22:12,108, CC3,1966-01-01,2022-09-30,26,Miroslaw Mietus
240362,2019,0.0,2023,KETRZYN,PL,+54:04:12,+021:22:12,108, CC3,1966-01-01,2022-09-30,26,Miroslaw Mietus
240362,2020,0.0,2023,KETRZYN,PL,+54:04:12,+021:22:12,108, CC3,1966-01-01,2022-09-30,26,Miroslaw Mietus
240362,2021,0.0,2023,KETRZYN,PL,+54:04:12,+021:22:12,108, CC3,1966-01-01,2022-09-30,26,Miroslaw Mietus
240394,2017,5.3123287671232875,8959,KOZIENCE,PL,+51:33:53,+021:32:34,123, CC3,1977-01-01,2022-09-30,26,Miroslaw Mietus
240394,2018,4.681318681318682,8959,KOZIENCE,PL,+51:33:53,+021:32:34,123, CC3,1977-01-01,2022-09-30,26,Miroslaw Mietus
240394,2019,4.892857142857143,8959,KOZIENCE,PL,+51:33:53,+021:32:34,123, CC3,1977-01-01,2022-09-30,26,Miroslaw Mietus
240394,2020,4.8931506849315065,8959,KOZIENCE,PL,+51:33:53,+021:32:34,123, CC3,1977-01-01,2022-09-30,26,Miroslaw Mietus
240394,2021,5.0054945054945055,8959,KOZIENCE,PL,+51:33:53,+021:32:34,123, CC3,1977-01-01,2022-09-30,26,Miroslaw Mietus
240406,2017,1.8684931506849316,25156,KROSNO,PL,+49:42:25,+021:46:09,326, CC3,1985-01-01,2022-09-30,26,Miroslaw Mietus
240406,2017,1.8684931506849316,8969,KROSNO,PL,+49:42:25,+021:46:09,326, CC3,1985-01-01,2022-09-30,26,Miroslaw Mietus
240406,2018,4.810958904109589,25156,KROSNO,PL,+49:42:25,+021:46:09,326, CC3,1985-01-01,2022-09-30,26,Miroslaw Mietus
240406,2018,4.810958904109589,8969,KROSNO,PL,+49:42:25,+021:46:09,326, CC3,1985-01-01,2022-09-30,26,Miroslaw Mietus
240406,2019,4.8273972602739725,25156,KROSNO,PL,+49:42:25,+021:46:09,326, CC3,1985-01-01,2022-09-30,26,Miroslaw Mietus
240406,2019,4.8273972602739725,8969,KROSNO,PL,+49:42:25,+021:46:09,326, CC3,1985-01-01,2022-09-30,26,Miroslaw Mietus
240406,2020,4.808743169398907,25156,KROSNO,PL,+49:42:25,+021:46:09,326, CC3,1985-01-01,2022-09-30,26,Miroslaw Mietus
240406,2020,4.808743169398907,8969,KROSNO,PL,+49:42:25,+021:46:09,326, CC3,1985-01-01,2022-09-30,26,Miroslaw Mietus
240406,2021,4.950684931506849,25156,KROSNO,PL,+49:42:25,+021:46:09,326, CC3,1985-01-01,2022-09-30,26,Miroslaw Mietus
240406,2021,4.950684931506849,8969,KROSNO,PL,+49:42:25,+021:46:09,326, CC3,1985-01-01,2022-09-30,26,Miroslaw Mietus
240709,2017,4.934246575342466,9161,KROSCIENKO,PL,+49:27:00,+020:25:48,452, CC3,1957-01-01,2022-08-31,26,Miroslaw Mietus
240709,2018,4.906849315068493,9161,KROSCIENKO,PL,+49:27:00,+020:25:48,452, CC3,1957-01-01,2022-08-31,26,Miroslaw Mietus
240709,2019,4.512328767123288,9161,KROSCIENKO,PL,+49:27:00,+020:25:48,452, CC3,1957-01-01,2022-08-31,26,Miroslaw Mietus
240709,2020,4.273224043715847,9161,KROSCIENKO,PL,+49:27:00,+020:25:48,452, CC3,1957-01-01,2022-08-31,26,Miroslaw Mietus
240709,2021,4.331506849315068,9161,KROSCIENKO,PL,+49:27:00,+020:25:48,452, CC3,1957-01-01,2022-08-31,26,Miroslaw Mietus
240714,2017,4.942465753424657,24974,KRAKOW OBS. ASTRONOMICZNE,PL,+50:04:12,+019:58:12,206, CC3,1951-01-01,2022-08-31,26,Miroslaw Mietus
240714,2017,4.942465753424657,9113,KRAKOW OBS. ASTRONOMICZNE,PL,+50:04:12,+019:58:12,206, CC3,1951-01-01,2022-08-31,26,Miroslaw Mietus
240714,2018,4.717808219178083,24974,KRAKOW OBS. ASTRONOMICZNE,PL,+50:04:12,+019:58:12,206, CC3,1951-01-01,2022-08-31,26,Miroslaw Mietus
240714,2018,4.717808219178083,9113,KRAKOW OBS. ASTRONOMICZNE,PL,+50:04:12,+019:58:12,206, CC3,1951-01-01,2022-08-31,26,Miroslaw Mietus
240714,2019,4.632876712328767,24974,KRAKOW OBS. ASTRONOMICZNE,PL,+50:04:12,+019:58:12,206, CC3,1951-01-01,2022-08-31,26,Miroslaw Mietus
240714,2019,4.632876712328767,9113,KRAKOW OBS. ASTRONOMICZNE,PL,+50:04:12,+019:58:12,206, CC3,1951-01-01,2022-08-31,26,Miroslaw Mietus
240714,2020,4.7349726775956285,24974,KRAKOW OBS. ASTRONOMICZNE,PL,+50:04:12,+019:58:12,206, CC3,1951-01-01,2022-08-31,26,Miroslaw Mietus
240714,2020,4.7349726775956285,9113,KRAKOW OBS. ASTRONOMICZNE,PL,+50:04:12,+019:58:12,206, CC3,1951-01-01,2022-08-31,26,Miroslaw Mietus
240714,2021,5.019178082191781,24974,KRAKOW OBS. ASTRONOMICZNE,PL,+50:04:12,+019:58:12,206, CC3,1951-01-01,2022-08-31,26,Miroslaw Mietus
240714,2021,5.019178082191781,9113,KRAKOW OBS. ASTRONOMICZNE,PL,+50:04:12,+019:58:12,206, CC3,1951-01-01,2022-08-31,26,Miroslaw Mietus
240715,2017,5.257534246575342,1207,PULAWY,PL,+51:25:00,+021:58:00,142, CC3,1951-01-01,2022-08-31,26,Miroslaw Mietus
240715,2018,4.701369863013698,1207,PULAWY,PL,+51:25:00,+021:58:00,142, CC3,1951-01-01,2022-08-31,26,Miroslaw Mietus
240715,2019,4.978082191780822,1207,PULAWY,PL,+51:25:00,+021:58:00,142, CC3,1951-01-01,2022-08-31,26,Miroslaw Mietus
240715,2020,5.016393442622951,1207,PULAWY,PL,+51:25:00,+021:58:00,142, CC3,1951-01-01,2022-08-31,26,Miroslaw Mietus
240715,2021,5.1726027397260275,1207,PULAWY,PL,+51:25:00,+021:58:00,142, CC3,1951-01-01,2022-08-31,26,Miroslaw Mietus
240718,2017,5.046575342465753,930,BIELSKO-BIALA,PL,+49:48:26,+019:00:01,396, CC3,1951-01-01,2022-09-30,26,Miroslaw Mietus
240718,2018,4.706849315068493,930,BIELSKO-BIALA,PL,+49:48:26,+019:00:01,396, CC3,1951-01-01,2022-09-30,26,Miroslaw Mietus
240718,2019,4.798898071625344,930,BIELSKO-BIALA,PL,+49:48:26,+019:00:01,396, CC3,1951-01-01,2022-09-30,26,Miroslaw Mietus
240718,2020,4.704918032786885,930,BIELSKO-BIALA,PL,+49:48:26,+019:00:01,396, CC3,1951-01-01,2022-09-30,26,Miroslaw Mietus
240718,2021,0.01643835616438356,930,BIELSKO-BIALA,PL,+49:48:26,+019:00:01,396, CC3,1951-01-01,2022-09-30,26,Miroslaw Mietus
240719,2017,5.116809116809117,24880,ZAKOPANE,PL,+49:18:00,+019:57:00,857, CC3,1951-01-01,2022-09-30,26,Miroslaw Mietus
240719,2017,5.116809116809117,24881,ZAKOPANE,PL,+49:18:00,+019:57:00,857, CC3,1951-01-01,2022-09-30,26,Miroslaw Mietus
240719,2017,5.116809116809117,24903,ZAKOPANE,PL,+49:18:00,+019:57:00,857, CC3,1951-01-01,2022-09-30,26,Miroslaw Mietus
240719,2017,5.116809116809117,1383,ZAKOPANE,PL,+49:18:00,+019:57:00,857, CC3,1951-01-01,2022-09-30,26,Miroslaw Mietus
240719,2018,5.075842696629214,24880,ZAKOPANE,PL,+49:18:00,+019:57:00,857, CC3,1951-01-01,2022-09-30,26,Miroslaw Mietus
240719,2018,5.075842696629214,24881,ZAKOPANE,PL,+49:18:00,+019:57:00,857, CC3,1951-01-01,2022-09-30,26,Miroslaw Mietus
240719,2018,5.075842696629214,24903,ZAKOPANE,PL,+49:18:00,+019:57:00,857, CC3,1951-01-01,2022-09-30,26,Miroslaw Mietus
240719,2018,5.075842696629214,1383,ZAKOPANE,PL,+49:18:00,+019:57:00,857, CC3,1951-01-01,2022-09-30,26,Miroslaw Mietus
240719,2019,5.03899721448468,24880,ZAKOPANE,PL,+49:18:00,+019:57:00,857, CC3,1951-01-01,2022-09-30,26,Miroslaw Mietus
240719,2019,5.03899721448468,24881,ZAKOPANE,PL,+49:18:00,+019:57:00,857, CC3,1951-01-01,2022-09-30,26,Miroslaw Mietus
240719,2019,5.03899721448468,24903,ZAKOPANE,PL,+49:18:00,+019:57:00,857, CC3,1951-01-01,2022-09-30,26,Miroslaw Mietus
240719,2019,5.03899721448468,1383,ZAKOPANE,PL,+49:18:00,+019:57:00,857, CC3,1951-01-01,2022-09-30,26,Miroslaw Mietus
240719,2020,4.754189944134078,24880,ZAKOPANE,PL,+49:18:00,+019:57:00,857, CC3,1951-01-01,2022-09-30,26,Miroslaw Mietus
240719,2020,4.754189944134078,24881,ZAKOPANE,PL,+49:18:00,+019:57:00,857, CC3,1951-01-01,2022-09-30,26,Miroslaw Mietus
240719,2020,4.754189944134078,24903,ZAKOPANE,PL,+49:18:00,+019:57:00,857, CC3,1951-01-01,2022-09-30,26,Miroslaw Mietus
240719,2020,4.754189944134078,1383,ZAKOPANE,PL,+49:18:00,+019:57:00,857, CC3,1951-01-01,2022-09-30,26,Miroslaw Mietus
240719,2021,4.980555555555555,24880,ZAKOPANE,PL,+49:18:00,+019:57:00,857, CC3,1951-01-01,2022-09-30,26,Miroslaw Mietus
240719,2021,4.980555555555555,24881,ZAKOPANE,PL,+49:18:00,+019:57:00,857, CC3,1951-01-01,2022-09-30,26,Miroslaw Mietus
240719,2021,4.980555555555555,24903,ZAKOPANE,PL,+49:18:00,+019:57:00,857, CC3,1951-01-01,2022-09-30,26,Miroslaw Mietus
240719,2021,4.980555555555555,1383,ZAKOPANE,PL,+49:18:00,+019:57:00,857, CC3,1951-01-01,2022-09-30,26,Miroslaw Mietus
240720,2017,0.0,24909,NOWY SACZ,PL,+49:37:38,+020:41:19,292, CC3,1954-01-01,2022-09-30,26,Miroslaw Mietus
240720,2017,0.0,932,NOWY SACZ,PL,+49:37:38,+020:41:19,292, CC3,1954-01-01,2022-09-30,26,Miroslaw Mietus
240720,2018,0.0,24909,NOWY SACZ,PL,+49:37:38,+020:41:19,292, CC3,1954-01-01,2022-09-30,26,Miroslaw Mietus
240720,2018,0.0,932,NOWY SACZ,PL,+49:37:38,+020:41:19,292, CC3,1954-01-01,2022-09-30,26,Miroslaw Mietus
240720,2019,0.0,24909,NOWY SACZ,PL,+49:37:38,+020:41:19,292, CC3,1954-01-01,2022-09-30,26,Miroslaw Mietus
240720,2019,0.0,932,NOWY SACZ,PL,+49:37:38,+020:41:19,292, CC3,1954-01-01,2022-09-30,26,Miroslaw Mietus
240720,2020,0.0,24909,NOWY SACZ,PL,+49:37:38,+020:41:19,292, CC3,1954-01-01,2022-09-30,26,Miroslaw Mietus
240720,2020,0.0,932,NOWY SACZ,PL,+49:37:38,+020:41:19,292, CC3,1954-01-01,2022-09-30,26,Miroslaw Mietus
240720,2021,0.0,24909,NOWY SACZ,PL,+49:37:38,+020:41:19,292, CC3,1954-01-01,2022-09-30,26,Miroslaw Mietus
240720,2021,0.0,932,NOWY SACZ,PL,+49:37:38,+020:41:19,292, CC3,1954-01-01,2022-09-30,26,Miroslaw Mietus
240721,2017,4.8429752066115705,24921,LESKO,PL,+49:27:59,+022:20:30,420, CC3,1954-06-17,2022-09-30,26,Miroslaw Mietus
240721,2017,4.8429752066115705,933,LESKO,PL,+49:27:59,+022:20:30,420, CC3,1954-06-17,2022-09-30,26,Miroslaw Mietus
240721,2018,4.767123287671233,24921,LESKO,PL,+49:27:59,+022:20:30,420, CC3,1954-06-17,2022-09-30,26,Miroslaw Mietus
240721,2018,4.767123287671233,933,LESKO,PL,+49:27:59,+022:20:30,420, CC3,1954-06-17,2022-09-30,26,Miroslaw Mietus
240721,2019,4.8264462809917354,24921,LESKO,PL,+49:27:59,+022:20:30,420, CC3,1954-06-17,2022-09-30,26,Miroslaw Mietus
240721,2019,4.8264462809917354,933,LESKO,PL,+49:27:59,+022:20:30,420, CC3,1954-06-17,2022-09-30,26,Miroslaw Mietus
240721,2020,4.7076502732240435,24921,LESKO,PL,+49:27:59,+022:20:30,420, CC3,1954-06-17,2022-09-30,26,Miroslaw Mietus
240721,2020,4.7076502732240435,933,LESKO,PL,+49:27:59,+022:20:30,420, CC3,1954-06-17,2022-09-30,26,Miroslaw Mietus
240721,2021,3.621917808219178,24921,LESKO,PL,+49:27:59,+022:20:30,420, CC3,1954-06-17,2022-09-30,26,Miroslaw Mietus
240721,2021,3.621917808219178,933,LESKO,PL,+49:27:59,+022:20:30,420, CC3,1954-06-17,2022-09-30,26,Miroslaw Mietus
240722,2017,5.37292817679558,2036,KLODZKO,PL,+50:26:13,+016:36:51,356, CC3,1951-01-01,2022-09-30,26,Miroslaw Mietus
240722,2018,4.914835164835165,2036,KLODZKO,PL,+50:26:13,+016:36:51,356, CC3,1951-01-01,2022-09-30,26,Miroslaw Mietus
240722,2019,4.83013698630137,2036,KLODZKO,PL,+50:26:13,+016:36:51,356, CC3,1951-01-01,2022-09-30,26,Miroslaw Mietus
240722,2020,4.827868852459017,2036,KLODZKO,PL,+50:26:13,+016:36:51,356, CC3,1951-01-01,2022-09-30,26,Miroslaw Mietus
240722,2021,0.010958904109589041,2036,KLODZKO,PL,+50:26:13,+016:36:51,356, CC3,1951-01-01,2022-09-30,26,Miroslaw Mietus
240723,2017,1.8493150684931507,928,RACIBORZ,PL,+50:03:40,+018:11:27,206, CC3,1951-01-01,2022-09-30,26,Miroslaw Mietus
240723,2018,4.652054794520548,928,RACIBORZ,PL,+50:03:40,+018:11:27,206, CC3,1951-01-01,2022-09-30,26,Miroslaw Mietus
240723,2019,4.657534246575342,928,RACIBORZ,PL,+50:03:40,+018:11:27,206, CC3,1951-01-01,2022-09-30,26,Miroslaw Mietus
240723,2020,4.6502732240437155,928,RACIBORZ,PL,+50:03:40,+018:11:27,206, CC3,1951-01-01,2022-09-30,26,Miroslaw Mietus
240723,2021,2.17032967032967,928,RACIBORZ,PL,+50:03:40,+018:11:27,206, CC3,1951-01-01,2022-09-30,26,Miroslaw Mietus
240724,2017,5.18732782369146,2038,KIELCE,PL,+50:48:38,+020:41:32,260, CC3,1951-01-01,2022-09-30,26,Miroslaw Mietus
240724,2018,4.726027397260274,2038,KIELCE,PL,+50:48:38,+020:41:32,260, CC3,1951-01-01,2022-09-30,26,Miroslaw Mietus
240724,2019,4.9423076923076925,2038,KIELCE,PL,+50:48:38,+020:41:32,260, CC3,1951-01-01,2022-09-30,26,Miroslaw Mietus
240724,2020,4.718579234972678,2038,KIELCE,PL,+50:48:38,+020:41:32,260, CC3,1951-01-01,2022-09-30,26,Miroslaw Mietus
240724,2021,4.076923076923077,2038,KIELCE,PL,+50:48:38,+020:41:32,260, CC3,1951-01-01,2022-09-30,26,Miroslaw Mietus
240725,2017,4.931506849315069,207,RZESZOW JASIONKA,PL,+50:06:39,+022:02:32,206, CC3,1952-01-01,2022-09-30,26,Miroslaw Mietus
240725,2018,4.712328767123288,207,RZESZOW JASIONKA,PL,+50:06:39,+022:02:32,206, CC3,1952-01-01,2022-09-30,26,Miroslaw Mietus
240725,2019,4.786301369863014,207,RZESZOW JASIONKA,PL,+50:06:39,+022:02:32,206, CC3,1952-01-01,2022-09-30,26,Miroslaw Mietus
240725,2020,4.562841530054645,207,RZESZOW JASIONKA,PL,+50:06:39,+022:02:32,206, CC3,1952-01-01,2022-09-30,26,Miroslaw Mietus
240725,2021,4.813698630136987,207,RZESZOW JASIONKA,PL,+50:06:39,+022:02:32,206, CC3,1952-01-01,2022-09-30,26,Miroslaw Mietus
240726,2017,5.260273972602739,2031,ZIELONA GORA,PL,+51:55:48,+015:31:29,192, CC3,1951-01-01,2022-09-30,26,Miroslaw Mietus
240726,2018,4.383561643835616,2031,ZIELONA GORA,PL,+51:55:48,+015:31:29,192, CC3,1951-01-01,2022-09-30,26,Miroslaw Mietus
240726,2019,4.6438356164383565,2031,ZIELONA GORA,PL,+51:55:48,+015:31:29,192, CC3,1951-01-01,2022-09-30,26,Miroslaw Mietus
240726,2020,4.644808743169399,2031,ZIELONA GORA,PL,+51:55:48,+015:31:29,192, CC3,1951-01-01,2022-09-30,26,Miroslaw Mietus
240726,2021,5.082191780821918,2031,ZIELONA GORA,PL,+51:55:48,+015:31:29,192, CC3,1951-01-01,2022-09-30,26,Miroslaw Mietus
240727,2017,0.0,923,LESZNO,PL,+51:50:08,+016:32:05,91, CC3,1958-01-01,2022-09-30,26,Miroslaw Mietus
240727,2018,0.0,923,LESZNO,PL,+51:50:08,+016:32:05,91, CC3,1958-01-01,2022-09-30,26,Miroslaw Mietus
240727,2019,0.0,923,LESZNO,PL,+51:50:08,+016:32:05,91, CC3,1958-01-01,2022-09-30,26,Miroslaw Mietus
240727,2020,0.0,923,LESZNO,PL,+51:50:08,+016:32:05,91, CC3,1958-01-01,2022-09-30,26,Miroslaw Mietus
240727,2021,0.0,923,LESZNO,PL,+51:50:08,+016:32:05,91, CC3,1958-01-01,2022-09-30,26,Miroslaw Mietus
240728,2017,5.32054794520548,25004,WROCLAW,PL,+51:06:12,+016:54:00,120, CC3,1951-01-01,2022-09-30,26,Miroslaw Mietus
240728,2017,5.32054794520548,210,WROCLAW,PL,+51:06:12,+016:54:00,120, CC3,1951-01-01,2022-09-30,26,Miroslaw Mietus
240728,2018,4.5917808219178085,25004,WROCLAW,PL,+51:06:12,+016:54:00,120, CC3,1951-01-01,2022-09-30,26,Miroslaw Mietus
240728,2018,4.5917808219178085,210,WROCLAW,PL,+51:06:12,+016:54:00,120, CC3,1951-01-01,2022-09-30,26,Miroslaw Mietus
240728,2019,4.846575342465753,25004,WROCLAW,PL,+51:06:12,+016:54:00,120, CC3,1951-01-01,2022-09-30,26,Miroslaw Mietus
240728,2019,4.846575342465753,210,WROCLAW,PL,+51:06:12,+016:54:00,120, CC3,1951-01-01,2022-09-30,26,Miroslaw Mietus
240728,2020,4.7076502732240435,25004,WROCLAW,PL,+51:06:12,+016:54:00,120, CC3,1951-01-01,2022-09-30,26,Miroslaw Mietus
240728,2020,4.7076502732240435,210,WROCLAW,PL,+51:06:12,+016:54:00,120, CC3,1951-01-01,2022-09-30,26,Miroslaw Mietus
240728,2021,5.065753424657534,25004,WROCLAW,PL,+51:06:12,+016:54:00,120, CC3,1951-01-01,2022-09-30,26,Miroslaw Mietus
240728,2021,5.065753424657534,210,WROCLAW,PL,+51:06:12,+016:54:00,120, CC3,1951-01-01,2022-09-30,26,Miroslaw Mietus
240729,2017,5.463013698630137,2032,KALISZ,PL,+51:43:48,+018:04:48,140, CC3,1951-01-01,2022-09-30,26,Miroslaw Mietus
240729,2018,4.550684931506849,2032,KALISZ,PL,+51:43:48,+018:04:48,140, CC3,1951-01-01,2022-09-30,26,Miroslaw Mietus
240729,2019,4.96986301369863,2032,KALISZ,PL,+51:43:48,+018:04:48,140, CC3,1951-01-01,2022-09-30,26,Miroslaw Mietus
240729,2020,4.961748633879782,2032,KALISZ,PL,+51:43:48,+018:04:48,140, CC3,1951-01-01,2022-09-30,26,Miroslaw Mietus
240729,2021,5.1726027397260275,2032,KALISZ,PL,+51:43:48,+018:04:48,140, CC3,1951-01-01,2022-09-30,26,Miroslaw Mietus
240730,2017,0.0,924,WIELUN,PL,+51:12:37,+018:33:24,199, CC3,1951-01-01,2022-09-30,26,Miroslaw Mietus
240730,2018,4.580821917808219,924,WIELUN,PL,+51:12:37,+018:33:24,199, CC3,1951-01-01,2022-09-30,26,Miroslaw Mietus
240730,2019,4.8273972602739725,924,WIELUN,PL,+51:12:37,+018:33:24,199, CC3,1951-01-01,2022-09-30,26,Miroslaw Mietus
240730,2020,4.7896174863387975,924,WIELUN,PL,+51:12:37,+018:33:24,199, CC3,1951-01-01,2022-09-30,26,Miroslaw Mietus
240730,2021,0.019178082191780823,924,WIELUN,PL,+51:12:37,+018:33:24,199, CC3,1951-01-01,2022-09-30,26,Miroslaw Mietus
240731,2017,5.405479452054794,2033,LODZ,PL,+51:43:48,+019:24:00,187, CC3,1951-01-01,2022-09-30,26,Miroslaw Mietus
240731,2018,4.580821917808219,2033,LODZ,PL,+51:43:48,+019:24:00,187, CC3,1951-01-01,2022-09-30,26,Miroslaw Mietus
240731,2019,4.964383561643835,2033,LODZ,PL,+51:43:48,+019:24:00,187, CC3,1951-01-01,2022-09-30,26,Miroslaw Mietus
240731,2020,4.9289617486338795,2033,LODZ,PL,+51:43:48,+019:24:00,187, CC3,1951-01-01,2022-09-30,26,Miroslaw Mietus
240731,2021,5.073972602739726,2033,LODZ,PL,+51:43:48,+019:24:00,187, CC3,1951-01-01,2022-09-30,26,Miroslaw Mietus
240732,2017,2.021917808219178,926,SULEJOW,PL,+51:21:12,+019:51:59,188, CC3,1961-05-01,2022-09-30,26,Miroslaw Mietus
240732,2018,4.747945205479452,926,SULEJOW,PL,+51:21:12,+019:51:59,188, CC3,1961-05-01,2022-09-30,26,Miroslaw Mietus
240732,2019,5.063013698630137,926,SULEJOW,PL,+51:21:12,+019:51:59,188, CC3,1961-05-01,2022-09-30,26,Miroslaw Mietus
240732,2020,2.7459016393442623,926,SULEJOW,PL,+51:21:12,+019:51:59,188, CC3,1961-05-01,2022-09-30,26,Miroslaw Mietus
240732,2021,0.0,926,SULEJOW,PL,+51:21:12,+019:51:59,188, CC3,1961-05-01,2022-09-30,26,Miroslaw Mietus
240733,2017,5.186301369863013,927,WLODAWA,PL,+51:33:12,+023:31:46,177, CC3,1951-01-01,2022-09-30,26,Miroslaw Mietus
240733,2018,4.635616438356164,927,WLODAWA,PL,+51:33:12,+023:31:46,177, CC3,1951-01-01,2022-09-30,26,Miroslaw Mietus
240733,2019,4.750684931506849,927,WLODAWA,PL,+51:33:12,+023:31:46,177, CC3,1951-01-01,2022-09-30,26,Miroslaw Mietus
240733,2020,4.844262295081967,927,WLODAWA,PL,+51:33:12,+023:31:46,177, CC3,1951-01-01,2022-09-30,26,Miroslaw Mietus
240733,2021,4.7972602739726025,927,WLODAWA,PL,+51:33:12,+023:31:46,177, CC3,1951-01-01,2022-09-30,26,Miroslaw Mietus
240734,2017,0.0,779,SLUBICE,PL,+52:20:55,+014:37:11,53, CC3,1951-01-01,2022-09-30,26,Miroslaw Mietus
240734,2018,4.421917808219178,779,SLUBICE,PL,+52:20:55,+014:37:11,53, CC3,1951-01-01,2022-09-30,26,Miroslaw Mietus
240734,2019,4.777472527472527,779,SLUBICE,PL,+52:20:55,+014:37:11,53, CC3,1951-01-01,2022-09-30,26,Miroslaw Mietus
240734,2020,3.2923497267759565,779,SLUBICE,PL,+52:20:55,+014:37:11,53, CC3,1951-01-01,2022-09-30,26,Miroslaw Mietus
240734,2021,0.0,779,SLUBICE,PL,+52:20:55,+014:37:11,53, CC3,1951-01-01,2022-09-30,26,Miroslaw Mietus
240735,2017,5.260273972602739,2029,GORZOW WLKP,PL,+52:44:28,+015:16:38,71, CC3,1951-01-01,2022-09-30,26,Miroslaw Mietus
240735,2018,4.457534246575342,2029,GORZOW WLKP,PL,+52:44:28,+015:16:38,71, CC3,1951-01-01,2022-09-30,26,Miroslaw Mietus
240735,2019,4.835616438356165,2029,GORZOW WLKP,PL,+52:44:28,+015:16:38,71, CC3,1951-01-01,2022-09-30,26,Miroslaw Mietus
240735,2020,4.814207650273224,2029,GORZOW WLKP,PL,+52:44:28,+015:16:38,71, CC3,1951-01-01,2022-09-30,26,Miroslaw Mietus
240735,2021,0.019178082191780823,2029,GORZOW WLKP,PL,+52:44:28,+015:16:38,71, CC3,1951-01-01,2022-09-30,26,Miroslaw Mietus
240736,2017,5.273972602739726,25140,POZNAN,PL,+52:11:59,+018:39:37,115, CC3,1951-01-01,2022-09-30,26,Miroslaw Mietus
240736,2017,5.273972602739726,206,POZNAN,PL,+52:11:59,+018:39:37,115, CC3,1951-01-01,2022-09-30,26,Miroslaw Mietus
240736,2018,4.438356164383562,25140,POZNAN,PL,+52:11:59,+018:39:37,115, CC3,1951-01-01,2022-09-30,26,Miroslaw Mietus
240736,2018,4.438356164383562,206,POZNAN,PL,+52:11:59,+018:39:37,115, CC3,1951-01-01,2022-09-30,26,Miroslaw Mietus
240736,2019,4.76986301369863,25140,POZNAN,PL,+52:11:59,+018:39:37,115, CC3,1951-01-01,2022-09-30,26,Miroslaw Mietus
240736,2019,4.76986301369863,206,POZNAN,PL,+52:11:59,+018:39:37,115, CC3,1951-01-01,2022-09-30,26,Miroslaw Mietus
240736,2020,4.7896174863387975,25140,POZNAN,PL,+52:11:59,+018:39:37,115, CC3,1951-01-01,2022-09-30,26,Miroslaw Mietus
240736,2020,4.7896174863387975,206,POZNAN,PL,+52:11:59,+018:39:37,115, CC3,1951-01-01,2022-09-30,26,Miroslaw Mietus
240736,2021,5.184065934065934,25140,POZNAN,PL,+52:11:59,+018:39:37,115, CC3,1951-01-01,2022-09-30,26,Miroslaw Mietus
240736,2021,5.184065934065934,206,POZNAN,PL,+52:11:59,+018:39:37,115, CC3,1951-01-01,2022-09-30,26,Miroslaw Mietus
240737,2017,5.153846153846154,25054,WARSZAWA-OKECIE,PL,+52:09:46,+020:57:40,107, CC3,1951-01-01,2022-09-30,26,Miroslaw Mietus
240737,2017,5.153846153846154,25060,WARSZAWA-OKECIE,PL,+52:09:46,+020:57:40,107, CC3,1951-01-01,2022-09-30,26,Miroslaw Mietus
240737,2017,5.153846153846154,25152,WARSZAWA-OKECIE,PL,+52:09:46,+020:57:40,107, CC3,1951-01-01,2022-09-30,26,Miroslaw Mietus
240737,2017,5.153846153846154,9040,WARSZAWA-OKECIE,PL,+52:09:46,+020:57:40,107, CC3,1951-01-01,2022-09-30,26,Miroslaw Mietus
240737,2017,5.153846153846154,209,WARSZAWA-OKECIE,PL,+52:09:46,+020:57:40,107, CC3,1951-01-01,2022-09-30,26,Miroslaw Mietus
240737,2018,4.427397260273972,25054,WARSZAWA-OKECIE,PL,+52:09:46,+020:57:40,107, CC3,1951-01-01,2022-09-30,26,Miroslaw Mietus
240737,2018,4.427397260273972,25060,WARSZAWA-OKECIE,PL,+52:09:46,+020:57:40,107, CC3,1951-01-01,2022-09-30,26,Miroslaw Mietus
240737,2018,4.427397260273972,25152,WARSZAWA-OKECIE,PL,+52:09:46,+020:57:40,107, CC3,1951-01-01,2022-09-30,26,Miroslaw Mietus
240737,2018,4.427397260273972,9040,WARSZAWA-OKECIE,PL,+52:09:46,+020:57:40,107, CC3,1951-01-01,2022-09-30,26,Miroslaw Mietus
240737,2018,4.427397260273972,209,WARSZAWA-OKECIE,PL,+52:09:46,+020:57:40,107, CC3,1951-01-01,2022-09-30,26,Miroslaw Mietus
240737,2019,4.671232876712328,25054,WARSZAWA-OKECIE,PL,+52:09:46,+020:57:40,107, CC3,1951-01-01,2022-09-30,26,Miroslaw Mietus
240737,2019,4.671232876712328,25060,WARSZAWA-OKECIE,PL,+52:09:46,+020:57:40,107, CC3,1951-01-01,2022-09-30,26,Miroslaw Mietus
240737,2019,4.671232876712328,25152,WARSZAWA-OKECIE,PL,+52:09:46,+020:57:40,107, CC3,1951-01-01,2022-09-30,26,Miroslaw Mietus
240737,2019,4.671232876712328,9040,WARSZAWA-OKECIE,PL,+52:09:46,+020:57:40,107, CC3,1951-01-01,2022-09-30,26,Miroslaw Mietus
240737,2019,4.671232876712328,209,WARSZAWA-OKECIE,PL,+52:09:46,+020:57:40,107, CC3,1951-01-01,2022-09-30,26,Miroslaw Mietus
240737,2020,4.718579234972678,25054,WARSZAWA-OKECIE,PL,+52:09:46,+020:57:40,107, CC3,1951-01-01,2022-09-30,26,Miroslaw Mietus
240737,2020,4.718579234972678,25060,WARSZAWA-OKECIE,PL,+52:09:46,+020:57:40,107, CC3,1951-01-01,2022-09-30,26,Miroslaw Mietus
240737,2020,4.718579234972678,25152,WARSZAWA-OKECIE,PL,+52:09:46,+020:57:40,107, CC3,1951-01-01,2022-09-30,26,Miroslaw Mietus
240737,2020,4.718579234972678,9040,WARSZAWA-OKECIE,PL,+52:09:46,+020:57:40,107, CC3,1951-01-01,2022-09-30,26,Miroslaw Mietus
240737,2020,4.718579234972678,209,WARSZAWA-OKECIE,PL,+52:09:46,+020:57:40,107, CC3,1951-01-01,2022-09-30,26,Miroslaw Mietus
240737,2021,4.882191780821918,25054,WARSZAWA-OKECIE,PL,+52:09:46,+020:57:40,107, CC3,1951-01-01,2022-09-30,26,Miroslaw Mietus
240737,2021,4.882191780821918,25060,WARSZAWA-OKECIE,PL,+52:09:46,+020:57:40,107, CC3,1951-01-01,2022-09-30,26,Miroslaw Mietus
240737,2021,4.882191780821918,25152,WARSZAWA-OKECIE,PL,+52:09:46,+020:57:40,107, CC3,1951-01-01,2022-09-30,26,Miroslaw Mietus
240737,2021,4.882191780821918,9040,WARSZAWA-OKECIE,PL,+52:09:46,+020:57:40,107, CC3,1951-01-01,2022-09-30,26,Miroslaw Mietus
240737,2021,4.882191780821918,209,WARSZAWA-OKECIE,PL,+52:09:46,+020:57:40,107, CC3,1951-01-01,2022-09-30,26,Miroslaw Mietus
240738,2017,5.238356164383561,333,SIEDLCE,PL,+52:10:52,+022:14:41,152, CC3,1951-01-01,2022-09-30,26,Miroslaw Mietus
240738,2018,4.59228650137741,333,SIEDLCE,PL,+52:10:52,+022:14:41,152, CC3,1951-01-01,2022-09-30,26,Miroslaw Mietus
240738,2019,4.8493150684931505,333,SIEDLCE,PL,+52:10:52,+022:14:41,152, CC3,1951-01-01,2022-09-30,26,Miroslaw Mietus
240738,2020,5.01912568306011,333,SIEDLCE,PL,+52:10:52,+022:14:41,152, CC3,1951-01-01,2022-09-30,26,Miroslaw Mietus
240738,2021,4.524725274725275,333,SIEDLCE,PL,+52:10:52,+022:14:41,152, CC3,1951-01-01,2022-09-30,26,Miroslaw Mietus
240739,2017,5.2554945054945055,922,TERESPOL,PL,+52:04:43,+023:37:19,133, CC3,1955-01-01,2022-09-30,26,Miroslaw Mietus
240739,2018,4.6136986301369864,922,TERESPOL,PL,+52:04:43,+023:37:19,133, CC3,1955-01-01,2022-09-30,26,Miroslaw Mietus
240739,2019,4.747252747252747,922,TERESPOL,PL,+52:04:43,+023:37:19,133, CC3,1955-01-01,2022-09-30,26,Miroslaw Mietus
240739,2020,4.939890710382514,922,TERESPOL,PL,+52:04:43,+023:37:19,133, CC3,1955-01-01,2022-09-30,26,Miroslaw Mietus
240739,2021,3.915068493150685,922,TERESPOL,PL,+52:04:43,+023:37:19,133, CC3,1955-01-01,2022-09-30,26,Miroslaw Mietus
240740,2017,4.380821917808219,696,SWINOUJSCIE,PL,+53:55:24,+014:14:32,5, CC3,1951-01-01,2022-09-30,26,Miroslaw Mietus
240740,2018,3.5534246575342467,696,SWINOUJSCIE,PL,+53:55:24,+014:14:32,5, CC3,1951-01-01,2022-09-30,26,Miroslaw Mietus
240740,2019,4.035616438356165,696,SWINOUJSCIE,PL,+53:55:24,+014:14:32,5, CC3,1951-01-01,2022-09-30,26,Miroslaw Mietus
240740,2020,3.9836065573770494,696,SWINOUJSCIE,PL,+53:55:24,+014:14:32,5, CC3,1951-01-01,2022-09-30,26,Miroslaw Mietus
240740,2021,1.4465753424657535,696,SWINOUJSCIE,PL,+53:55:24,+014:14:32,5, CC3,1951-01-01,2022-09-30,26,Miroslaw Mietus
240741,2017,4.926027397260274,208,SZCZECIN,PL,+53:23:43,+014:37:22,1, CC3,1951-01-01,2022-09-30,26,Miroslaw Mietus
240741,2018,4.041095890410959,208,SZCZECIN,PL,+53:23:43,+014:37:22,1, CC3,1951-01-01,2022-09-30,26,Miroslaw Mietus
240741,2019,4.504109589041096,208,SZCZECIN,PL,+53:23:43,+014:37:22,1, CC3,1951-01-01,2022-09-30,26,Miroslaw Mietus
240741,2020,4.4863387978142075,208,SZCZECIN,PL,+53:23:43,+014:37:22,1, CC3,1951-01-01,2022-09-30,26,Miroslaw Mietus
240741,2021,4.895890410958904,208,SZCZECIN,PL,+53:23:43,+014:37:22,1, CC3,1951-01-01,2022-09-30,26,Miroslaw Mietus
240742,2017,5.397260273972603,2026,CHOJNICE,PL,+53:42:55,+017:31:57,164, CC3,1951-01-01,2022-09-30,26,Miroslaw Mietus
240742,2018,4.638356164383562,2026,CHOJNICE,PL,+53:42:55,+017:31:57,164, CC3,1951-01-01,2022-09-30,26,Miroslaw Mietus
240742,2019,5.005479452054795,2026,CHOJNICE,PL,+53:42:55,+017:31:57,164, CC3,1951-01-01,2022-09-30,26,Miroslaw Mietus
240742,2020,4.9316939890710385,2026,CHOJNICE,PL,+53:42:55,+017:31:57,164, CC3,1951-01-01,2022-09-30,26,Miroslaw Mietus
240742,2021,3.6246575342465754,2026,CHOJNICE,PL,+53:42:55,+017:31:57,164, CC3,1951-01-01,2022-09-30,26,Miroslaw Mietus
240743,2017,5.239010989010989,2027,TORUN,PL,+53:02:31,+018:35:44,69, CC3,1951-01-01,2022-09-30,26,Miroslaw Mietus
240743,2018,4.3708791208791204,2027,TORUN,PL,+53:02:31,+018:35:44,69, CC3,1951-01-01,2022-09-30,26,Miroslaw Mietus
240743,2019,4.758904109589041,2027,TORUN,PL,+53:02:31,+018:35:44,69, CC3,1951-01-01,2022-09-30,26,Miroslaw Mietus
240743,2020,4.775956284153006,2027,TORUN,PL,+53:02:31,+018:35:44,69, CC3,1951-01-01,2022-09-30,26,Miroslaw Mietus
240743,2021,4.931506849315069,2027,TORUN,PL,+53:02:31,+018:35:44,69, CC3,1951-01-01,2022-09-30,26,Miroslaw Mietus
240744,2017,5.487671232876712,2028,MLAWA,PL,+53:06:15,+020:21:40,147, CC3,1961-01-01,2022-09-30,26,Miroslaw Mietus
240744,2018,4.638356164383562,2028,MLAWA,PL,+53:06:15,+020:21:40,147, CC3,1961-01-01,2022-09-30,26,Miroslaw Mietus
240744,2019,4.887671232876713,2028,MLAWA,PL,+53:06:15,+020:21:40,147, CC3,1961-01-01,2022-09-30,26,Miroslaw Mietus
240744,2020,4.994535519125683,2028,MLAWA,PL,+53:06:15,+020:21:40,147, CC3,1961-01-01,2022-09-30,26,Miroslaw Mietus
240744,2021,5.16986301369863,2028,MLAWA,PL,+53:06:15,+020:21:40,147, CC3,1961-01-01,2022-09-30,26,Miroslaw Mietus
240745,2017,2.03021978021978,752,OLSZTYN,PL,+53:46:07,+020:25:17,133, CC3,1951-01-01,2022-09-30,26,Miroslaw Mietus
240745,2018,4.565934065934066,752,OLSZTYN,PL,+53:46:07,+020:25:17,133, CC3,1951-01-01,2022-09-30,26,Miroslaw Mietus
240745,2019,4.742465753424658,752,OLSZTYN,PL,+53:46:07,+020:25:17,133, CC3,1951-01-01,2022-09-30,26,Miroslaw Mietus
240745,2020,2.6684931506849314,752,OLSZTYN,PL,+53:46:07,+020:25:17,133, CC3,1951-01-01,2022-09-30,26,Miroslaw Mietus
240745,2021,0.0,752,OLSZTYN,PL,+53:46:07,+020:25:17,133, CC3,1951-01-01,2022-09-30,26,Miroslaw Mietus
240746,2017,5.451790633608815,204,BIALYSTOK,PL,+53:06:26,+023:09:44,148, CC3,1951-01-01,2022-09-30,26,Miroslaw Mietus
240746,2018,4.56353591160221,204,BIALYSTOK,PL,+53:06:26,+023:09:44,148, CC3,1951-01-01,2022-09-30,26,Miroslaw Mietus
240746,2019,4.622589531680441,204,BIALYSTOK,PL,+53:06:26,+023:09:44,148, CC3,1951-01-01,2022-09-30,26,Miroslaw Mietus
240746,2020,4.878787878787879,204,BIALYSTOK,PL,+53:06:26,+023:09:44,148, CC3,1951-01-01,2022-09-30,26,Miroslaw Mietus
240746,2021,4.958448753462604,204,BIALYSTOK,PL,+53:06:26,+023:09:44,148, CC3,1951-01-01,2022-09-30,26,Miroslaw Mietus
240747,2017,5.304109589041096,332,LEBA,PL,+54:45:13,+017:32:05,2, CC3,1951-01-01,2022-09-30,26,Miroslaw Mietus
240747,2018,4.5917808219178085,332,LEBA,PL,+54:45:13,+017:32:05,2, CC3,1951-01-01,2022-09-30,26,Miroslaw Mietus
240747,2019,4.942465753424657,332,LEBA,PL,+54:45:13,+017:32:05,2, CC3,1951-01-01,2022-09-30,26,Miroslaw Mietus
240747,2020,4.855191256830601,332,LEBA,PL,+54:45:13,+017:32:05,2, CC3,1951-01-01,2022-09-30,26,Miroslaw Mietus
240747,2021,5.0,332,LEBA,PL,+54:45:13,+017:32:05,2, CC3,1951-01-01,2022-09-30,26,Miroslaw Mietus
240748,2017,5.010958904109589,205,HEL,PL,+54:36:13,+018:48:43,1, CC3,1951-01-01,2022-09-30,26,Miroslaw Mietus
240748,2018,4.424657534246576,205,HEL,PL,+54:36:13,+018:48:43,1, CC3,1951-01-01,2022-09-30,26,Miroslaw Mietus
240748,2019,4.63013698630137,205,HEL,PL,+54:36:13,+018:48:43,1, CC3,1951-01-01,2022-09-30,26,Miroslaw Mietus
240748,2020,4.592896174863388,205,HEL,PL,+54:36:13,+018:48:43,1, CC3,1951-01-01,2022-09-30,26,Miroslaw Mietus
240748,2021,4.635616438356164,205,HEL,PL,+54:36:13,+018:48:43,1, CC3,1951-01-01,2022-09-30,26,Miroslaw Mietus
240749,2017,5.323287671232877,396,ELBLAG,PL,+54:13:24,+019:32:37,189, CC3,1951-01-01,2022-09-30,26,Miroslaw Mietus
240749,2018,4.575342465753424,396,ELBLAG,PL,+54:13:24,+019:32:37,189, CC3,1951-01-01,2022-09-30,26,Miroslaw Mietus
240749,2019,4.676712328767123,396,ELBLAG,PL,+54:13:24,+019:32:37,189, CC3,1951-01-01,2022-09-30,26,Miroslaw Mietus
240749,2020,4.8224043715847,396,ELBLAG,PL,+54:13:24,+019:32:37,189, CC3,1951-01-01,2022-09-30,26,Miroslaw Mietus
240749,2021,3.536986301369863,396,ELBLAG,PL,+54:13:24,+019:32:37,189, CC3,1951-01-01,2022-09-30,26,Miroslaw Mietus
912230,2018,6.0,25076,PILA,PL,+53:08:00,+016:45:00,73, CC7,1980-02-17,2020-02-29,,
912230,2018,6.0,8943,PILA,PL,+53:08:00,+016:45:00,73, CC7,1980-02-17,2020-02-29,,
912230,2020,3.5,25076,PILA,PL,+53:08:00,+016:45:00,73, CC7,1980-02-17,2020-02-29,,
912230,2020,3.5,8943,PILA,PL,+53:08:00,+016:45:00,73, CC7,1980-02-17,2020-02-29,,
912230,2021,0.0,25076,PILA,PL,+53:08:00,+016:45:00,73, CC7,1980-02-17,2020-02-29,,
912230,2021,0.0,8943,PILA,PL,+53:08:00,+016:45:00,73, CC7,1980-02-17,2020-02-29,,
912250,2017,8.0,2027,TORUN,PL,+53:03:00,+018:35:00,72, CC7,1980-01-01,2020-02-29,,
912250,2018,7.0,2027,TORUN,PL,+53:03:00,+018:35:00,72, CC7,1980-01-01,2020-02-29,,
912272,2017,5.0,752,OLSZTYN,PL,+53:46:00,+020:25:00,137, CC7,1980-01-22,2020-02-29,,
912272,2018,2.0,752,OLSZTYN,PL,+53:46:00,+020:25:00,137, CC7,1980-01-22,2020-02-29,,
912272,2020,2.0,752,OLSZTYN,PL,+53:46:00,+020:25:00,137, CC7,1980-01-22,2020-02-29,,
912295,2017,5.0,204,BIALYSTOK,PL,+53:06:00,+023:10:00,151, CC7,1980-01-01,2020-02-29,,
912295,2018,4.0,204,BIALYSTOK,PL,+53:06:00,+023:10:00,151, CC7,1980-01-01,2020-02-29,,
912295,2019,3.0,204,BIALYSTOK,PL,+53:06:00,+023:10:00,151, CC7,1980-01-01,2020-02-29,,
912295,2020,3.3333333333333335,204,BIALYSTOK,PL,+53:06:00,+023:10:00,151, CC7,1980-01-01,2020-02-29,,
912295,2021,3.5,204,BIALYSTOK,PL,+53:06:00,+023:10:00,151, CC7,1980-01-01,2020-02-29,,
912385,2018,4.5,333,SIEDLCE,PL,+52:15:00,+022:15:00,155, CC7,1980-01-01,2020-02-29,,
912385,2021,6.0,333,SIEDLCE,PL,+52:15:00,+022:15:00,155, CC7,1980-01-01,2020-02-29,,
912399,2017,7.0,922,TERESPOL,PL,+52:04:00,+023:37:00,137, CC7,1980-05-25,2020-02-29,,
912399,2019,4.0,922,TERESPOL,PL,+52:04:00,+023:37:00,137, CC7,1980-05-25,2020-02-29,,
912415,2017,7.0,25138,LEGNICA,PL,+51:12:00,+016:12:00,124, CC7,1980-01-22,2020-02-29,,
912415,2019,7.0,25138,LEGNICA,PL,+51:12:00,+016:12:00,124, CC7,1980-01-22,2020-02-29,,
912469,2021,5.5,926,SULEJOW,PL,+51:21:00,+019:52:00,189, CC7,1980-03-01,2020-02-29,,
912488,2018,2.0,8959,KOZIENICE,PL,+51:34:00,+021:33:00,126, CC7,1980-09-10,2020-02-29,,
912488,2019,3.0,8959,KOZIENICE,PL,+51:34:00,+021:33:00,126, CC7,1980-09-10,2020-02-29,,
912488,2020,8.0,8959,KOZIENICE,PL,+51:34:00,+021:33:00,126, CC7,1980-09-10,2020-02-29,,
912488,2021,1.0,8959,KOZIENICE,PL,+51:34:00,+021:33:00,126, CC7,1980-09-10,2020-02-29,,
912495,2019,3.0,25139,LUBLIN RADAWIEC,PL,+51:13:00,+022:24:00,240, CC7,1980-01-01,2020-02-29,,
912520,2017,6.0,2036,KLODZKO,PL,+50:26:00,+016:37:00,357, CC7,1980-01-01,2020-02-29,,
912520,2018,7.0,2036,KLODZKO,PL,+50:26:00,+016:37:00,357, CC7,1980-01-01,2020-02-29,,
912540,2021,5.0,928,RACIBORZ,PL,+50:03:00,+018:12:00,206, CC7,1980-09-10,2020-02-29,,
912560,2017,6.0,25132,KATOWICE,PL,+50:14:00,+019:02:00,284, CC7,1980-01-01,2020-02-29,,
912560,2018,3.0,25132,KATOWICE,PL,+50:14:00,+019:02:00,284, CC7,1980-01-01,2020-02-29,,
912560,2019,4.5,25132,KATOWICE,PL,+50:14:00,+019:02:00,284, CC7,1980-01-01,2020-02-29,,
912560,2020,0.0,25132,KATOWICE,PL,+50:14:00,+019:02:00,284, CC7,1980-01-01,2020-02-29,,
912560,2021,7.0,25132,KATOWICE,PL,+50:14:00,+019:02:00,284, CC7,1980-01-01,2020-02-29,,
912566,2017,2.0,25133,KRAKOW,PL,+50:05:00,+019:48:00,237, CC7,1980-01-01,2020-02-29,,
912566,2018,2.0,25133,KRAKOW,PL,+50:05:00,+019:48:00,237, CC7,1980-01-01,2020-02-29,,
912566,2019,3.6666666666666665,25133,KRAKOW,PL,+50:05:00,+019:48:00,237, CC7,1980-01-01,2020-02-29,,
912566,2021,1.0,25133,KRAKOW,PL,+50:05:00,+019:48:00,237, CC7,1980-01-01,2020-02-29,,
912570,2017,4.0,2038,KIELCE,PL,+50:49:00,+020:42:00,261, CC7,1980-01-01,2020-02-29,,
912570,2019,7.0,2038,KIELCE,PL,+50:49:00,+020:42:00,261, CC7,1980-01-01,2020-02-29,,
912570,2021,4.0,2038,KIELCE,PL,+50:49:00,+020:42:00,261, CC7,1980-01-01,2020-02-29,,
912600,2019,4.5,930,BIELSKO-BIALA,PL,+49:48:00,+019:00:00,399, CC7,1980-01-22,2020-02-29,,
912625,2017,4.714285714285714,24880,ZAKOPANE,PL,+49:18:00,+019:58:00,857, CC7,1980-03-03,2020-02-29,,
912625,2017,4.714285714285714,24881,ZAKOPANE,PL,+49:18:00,+019:58:00,857, CC7,1980-03-03,2020-02-29,,
912625,2017,4.714285714285714,24897,ZAKOPANE,PL,+49:18:00,+019:58:00,857, CC7,1980-03-03,2020-02-29,,
912625,2017,4.714285714285714,24903,ZAKOPANE,PL,+49:18:00,+019:58:00,857, CC7,1980-03-03,2020-02-29,,
912625,2017,4.714285714285714,1383,ZAKOPANE,PL,+49:18:00,+019:58:00,857, CC7,1980-03-03,2020-02-29,,
912625,2018,5.222222222222222,24880,ZAKOPANE,PL,+49:18:00,+019:58:00,857, CC7,1980-03-03,2020-02-29,,
912625,2018,5.222222222222222,24881,ZAKOPANE,PL,+49:18:00,+019:58:00,857, CC7,1980-03-03,2020-02-29,,
912625,2018,5.222222222222222,24897,ZAKOPANE,PL,+49:18:00,+019:58:00,857, CC7,1980-03-03,2020-02-29,,
912625,2018,5.222222222222222,24903,ZAKOPANE,PL,+49:18:00,+019:58:00,857, CC7,1980-03-03,2020-02-29,,
912625,2018,5.222222222222222,1383,ZAKOPANE,PL,+49:18:00,+019:58:00,857, CC7,1980-03-03,2020-02-29,,
912625,2019,2.5,24880,ZAKOPANE,PL,+49:18:00,+019:58:00,857, CC7,1980-03-03,2020-02-29,,
912625,2019,2.5,24881,ZAKOPANE,PL,+49:18:00,+019:58:00,857, CC7,1980-03-03,2020-02-29,,
912625,2019,2.5,24897,ZAKOPANE,PL,+49:18:00,+019:58:00,857, CC7,1980-03-03,2020-02-29,,
912625,2019,2.5,24903,ZAKOPANE,PL,+49:18:00,+019:58:00,857, CC7,1980-03-03,2020-02-29,,
912625,2019,2.5,1383,ZAKOPANE,PL,+49:18:00,+019:58:00,857, CC7,1980-03-03,2020-02-29,,
912625,2020,3.5,24880,ZAKOPANE,PL,+49:18:00,+019:58:00,857, CC7,1980-03-03,2020-02-29,,
912625,2020,3.5,24881,ZAKOPANE,PL,+49:18:00,+019:58:00,857, CC7,1980-03-03,2020-02-29,,
912625,2020,3.5,24897,ZAKOPANE,PL,+49:18:00,+019:58:00,857, CC7,1980-03-03,2020-02-29,,
912625,2020,3.5,24903,ZAKOPANE,PL,+49:18:00,+019:58:00,857, CC7,1980-03-03,2020-02-29,,
912625,2020,3.5,1383,ZAKOPANE,PL,+49:18:00,+019:58:00,857, CC7,1980-03-03,2020-02-29,,
912625,2021,6.2,24880,ZAKOPANE,PL,+49:18:00,+019:58:00,857, CC7,1980-03-03,2020-02-29,,
912625,2021,6.2,24881,ZAKOPANE,PL,+49:18:00,+019:58:00,857, CC7,1980-03-03,2020-02-29,,
912625,2021,6.2,24897,ZAKOPANE,PL,+49:18:00,+019:58:00,857, CC7,1980-03-03,2020-02-29,,
912625,2021,6.2,24903,ZAKOPANE,PL,+49:18:00,+019:58:00,857, CC7,1980-03-03,2020-02-29,,
912625,2021,6.2,1383,ZAKOPANE,PL,+49:18:00,+019:58:00,857, CC7,1980-03-03,2020-02-29,,
912660,2017,1.0,24909,NOWY SACZ,PL,+49:37:00,+020:42:00,295, CC7,1980-01-22,2020-02-22,,
912660,2017,1.0,932,NOWY SACZ,PL,+49:37:00,+020:42:00,295, CC7,1980-01-22,2020-02-22,,
