SOUID,DATE,TG,STAID,SOUNAME,CN,LAT,LON,HGHT,ELEI,BEGIN,END,PARID,PARNAME
100637,2017,79.45753424657535,204,BIALYSTOK,PL,+53:06:26,+023:09:44,148, TG7,1951-01-01,2022-09-30,26,Miroslaw Mietus
100637,2018,87.55342465753425,204,BIALYSTOK,PL,+53:06:26,+023:09:44,148, TG7,1951-01-01,2022-09-30,26,Miroslaw Mietus
100637,2019,92.5095890410959,204,BIALYSTOK,PL,+53:06:26,+023:09:44,148, TG7,1951-01-01,2022-09-30,26,Miroslaw Mietus
100637,2020,92.20491803278688,204,BIALYSTOK,PL,+53:06:26,+023:09:44,148, TG7,1951-01-01,2022-09-30,26,Miroslaw Mietus
100637,2021,75.74246575342465,204,BIALYSTOK,PL,+53:06:26,+023:09:44,148, TG7,1951-01-01,2022-09-30,26,Miroslaw Mietus
100641,2017,90.47945205479452,205,HEL,PL,+54:36:13,+018:48:43,1, TG7,1951-01-01,2022-09-30,26,Miroslaw Mietus
100641,2018,98.06575342465753,205,HEL,PL,+54:36:13,+018:48:43,1, TG7,1951-01-01,2022-09-30,26,Miroslaw Mietus
100641,2019,100.88767123287671,205,HEL,PL,+54:36:13,+018:48:43,1, TG7,1951-01-01,2022-09-30,26,Miroslaw Mietus
100641,2020,103.20765027322405,205,HEL,PL,+54:36:13,+018:48:43,1, TG7,1951-01-01,2022-09-30,26,Miroslaw Mietus
100641,2021,92.9972602739726,205,HEL,PL,+54:36:13,+018:48:43,1, TG7,1951-01-01,2022-09-30,26,Miroslaw Mietus
100645,2017,97.1775956284153,206,POZNAN,PL,+52:11:59,+018:39:37,115, TG7,1951-01-01,2022-09-30,26,Miroslaw Mietus
100645,2017,97.1775956284153,25140,POZNAN,PL,+52:11:59,+018:39:37,115, TG7,1951-01-01,2022-09-30,26,Miroslaw Mietus
100645,2018,108.84840425531915,206,POZNAN,PL,+52:11:59,+018:39:37,115, TG7,1951-01-01,2022-09-30,26,Miroslaw Mietus
100645,2018,108.84840425531915,25140,POZNAN,PL,+52:11:59,+018:39:37,115, TG7,1951-01-01,2022-09-30,26,Miroslaw Mietus
100645,2019,111.20821917808219,206,POZNAN,PL,+52:11:59,+018:39:37,115, TG7,1951-01-01,2022-09-30,26,Miroslaw Mietus
100645,2019,111.20821917808219,25140,POZNAN,PL,+52:11:59,+018:39:37,115, TG7,1951-01-01,2022-09-30,26,Miroslaw Mietus
100645,2020,108.38005390835579,206,POZNAN,PL,+52:11:59,+018:39:37,115, TG7,1951-01-01,2022-09-30,26,Miroslaw Mietus
100645,2020,108.38005390835579,25140,POZNAN,PL,+52:11:59,+018:39:37,115, TG7,1951-01-01,2022-09-30,26,Miroslaw Mietus
100645,2021,95.32876712328768,206,POZNAN,PL,+52:11:59,+018:39:37,115, TG7,1951-01-01,2022-09-30,26,Miroslaw Mietus
100645,2021,95.32876712328768,25140,POZNAN,PL,+52:11:59,+018:39:37,115, TG7,1951-01-01,2022-09-30,26,Miroslaw Mietus
100649,2017,93.27945205479452,207,RZESZOW JASIONKA,PL,+50:06:39,+022:02:32,206, TG7,1952-01-01,2022-09-30,26,Miroslaw Mietus
100649,2018,99.55068493150685,207,RZESZOW JASIONKA,PL,+50:06:39,+022:02:32,206, TG7,1952-01-01,2022-09-30,26,Miroslaw Mietus
100649,2019,105.12602739726027,207,RZESZOW JASIONKA,PL,+50:06:39,+022:02:32,206, TG7,1952-01-01,2022-09-30,26,Miroslaw Mietus
100649,2020,101.0464480874317,207,RZESZOW JASIONKA,PL,+50:06:39,+022:02:32,206, TG7,1952-01-01,2022-09-30,26,Miroslaw Mietus
100649,2021,88.2986301369863,207,RZESZOW JASIONKA,PL,+50:06:39,+022:02:32,206, TG7,1952-01-01,2022-09-30,26,Miroslaw Mietus
100653,2017,97.37808219178082,208,SZCZECIN,PL,+53:23:43,+014:37:22,1, TG7,1920-12-01,2022-09-30,26,Miroslaw Mietus
100653,2018,103.31232876712329,208,SZCZECIN,PL,+53:23:43,+014:37:22,1, TG7,1920-12-01,2022-09-30,26,Miroslaw Mietus
100653,2019,108.75068493150685,208,SZCZECIN,PL,+53:23:43,+014:37:22,1, TG7,1920-12-01,2022-09-30,26,Miroslaw Mietus
100653,2020,107.37158469945355,208,SZCZECIN,PL,+53:23:43,+014:37:22,1, TG7,1920-12-01,2022-09-30,26,Miroslaw Mietus
100653,2021,96.21917808219177,208,SZCZECIN,PL,+53:23:43,+014:37:22,1, TG7,1920-12-01,2022-09-30,26,Miroslaw Mietus
100657,2017,94.48219178082192,209,WARSZAWA-OKECIE,PL,+52:09:46,+020:57:40,107, TG7,1951-01-01,2022-09-30,26,Miroslaw Mietus
100657,2017,94.48219178082192,25054,WARSZAWA-OKECIE,PL,+52:09:46,+020:57:40,107, TG7,1951-01-01,2022-09-30,26,Miroslaw Mietus
100657,2017,94.48219178082192,25055,WARSZAWA-OKECIE,PL,+52:09:46,+020:57:40,107, TG7,1951-01-01,2022-09-30,26,Miroslaw Mietus
100657,2017,94.48219178082192,25060,WARSZAWA-OKECIE,PL,+52:09:46,+020:57:40,107, TG7,1951-01-01,2022-09-30,26,Miroslaw Mietus
100657,2017,94.48219178082192,25152,WARSZAWA-OKECIE,PL,+52:09:46,+020:57:40,107, TG7,1951-01-01,2022-09-30,26,Miroslaw Mietus
100657,2018,105.12602739726027,209,WARSZAWA-OKECIE,PL,+52:09:46,+020:57:40,107, TG7,1951-01-01,2022-09-30,26,Miroslaw Mietus
100657,2018,105.12602739726027,25054,WARSZAWA-OKECIE,PL,+52:09:46,+020:57:40,107, TG7,1951-01-01,2022-09-30,26,Miroslaw Mietus
100657,2018,105.12602739726027,25055,WARSZAWA-OKECIE,PL,+52:09:46,+020:57:40,107, TG7,1951-01-01,2022-09-30,26,Miroslaw Mietus
100657,2018,105.12602739726027,25060,WARSZAWA-OKECIE,PL,+52:09:46,+020:57:40,107, TG7,1951-01-01,2022-09-30,26,Miroslaw Mietus
100657,2018,105.12602739726027,25152,WARSZAWA-OKECIE,PL,+52:09:46,+020:57:40,107, TG7,1951-01-01,2022-09-30,26,Miroslaw Mietus
100657,2019,109.27397260273973,209,WARSZAWA-OKECIE,PL,+52:09:46,+020:57:40,107, TG7,1951-01-01,2022-09-30,26,Miroslaw Mietus
100657,2019,109.27397260273973,25054,WARSZAWA-OKECIE,PL,+52:09:46,+020:57:40,107, TG7,1951-01-01,2022-09-30,26,Miroslaw Mietus
100657,2019,109.27397260273973,25055,WARSZAWA-OKECIE,PL,+52:09:46,+020:57:40,107, TG7,1951-01-01,2022-09-30,26,Miroslaw Mietus
100657,2019,109.27397260273973,25060,WARSZAWA-OKECIE,PL,+52:09:46,+020:57:40,107, TG7,1951-01-01,2022-09-30,26,Miroslaw Mietus
100657,2019,109.27397260273973,25152,WARSZAWA-OKECIE,PL,+52:09:46,+020:57:40,107, TG7,1951-01-01,2022-09-30,26,Miroslaw Mietus
100657,2020,105.23224043715847,209,WARSZAWA-OKECIE,PL,+52:09:46,+020:57:40,107, TG7,1951-01-01,2022-09-30,26,Miroslaw Mietus
100657,2020,105.23224043715847,25054,WARSZAWA-OKECIE,PL,+52:09:46,+020:57:40,107, TG7,1951-01-01,2022-09-30,26,Miroslaw Mietus
100657,2020,105.23224043715847,25055,WARSZAWA-OKECIE,PL,+52:09:46,+020:57:40,107, TG7,1951-01-01,2022-09-30,26,Miroslaw Mietus
100657,2020,105.23224043715847,25060,WARSZAWA-OKECIE,PL,+52:09:46,+020:57:40,107, TG7,1951-01-01,2022-09-30,26,Miroslaw Mietus
100657,2020,105.23224043715847,25152,WARSZAWA-OKECIE,PL,+52:09:46,+020:57:40,107, TG7,1951-01-01,2022-09-30,26,Miroslaw Mietus
100657,2021,89.8082191780822,209,WARSZAWA-OKECIE,PL,+52:09:46,+020:57:40,107, TG7,1951-01-01,2022-09-30,26,Miroslaw Mietus
100657,2021,89.8082191780822,25054,WARSZAWA-OKECIE,PL,+52:09:46,+020:57:40,107, TG7,1951-01-01,2022-09-30,26,Miroslaw Mietus
100657,2021,89.8082191780822,25055,WARSZAWA-OKECIE,PL,+52:09:46,+020:57:40,107, TG7,1951-01-01,2022-09-30,26,Miroslaw Mietus
100657,2021,89.8082191780822,25060,WARSZAWA-OKECIE,PL,+52:09:46,+020:57:40,107, TG7,1951-01-01,2022-09-30,26,Miroslaw Mietus
100657,2021,89.8082191780822,25152,WARSZAWA-OKECIE,PL,+52:09:46,+020:57:40,107, TG7,1951-01-01,2022-09-30,26,Miroslaw Mietus
100661,2017,104.6,210,WROCLAW,PL,+51:06:12,+016:54:00,120, TG7,1951-01-01,2022-09-30,26,Miroslaw Mietus
100661,2017,104.6,25004,WROCLAW,PL,+51:06:12,+016:54:00,120, TG7,1951-01-01,2022-09-30,26,Miroslaw Mietus
100661,2018,113.12054794520547,210,WROCLAW,PL,+51:06:12,+016:54:00,120, TG7,1951-01-01,2022-09-30,26,Miroslaw Mietus
100661,2018,113.12054794520547,25004,WROCLAW,PL,+51:06:12,+016:54:00,120, TG7,1951-01-01,2022-09-30,26,Miroslaw Mietus
100661,2019,114.6986301369863,210,WROCLAW,PL,+51:06:12,+016:54:00,120, TG7,1951-01-01,2022-09-30,26,Miroslaw Mietus
100661,2019,114.6986301369863,25004,WROCLAW,PL,+51:06:12,+016:54:00,120, TG7,1951-01-01,2022-09-30,26,Miroslaw Mietus
100661,2020,110.33060109289617,210,WROCLAW,PL,+51:06:12,+016:54:00,120, TG7,1951-01-01,2022-09-30,26,Miroslaw Mietus
100661,2020,110.33060109289617,25004,WROCLAW,PL,+51:06:12,+016:54:00,120, TG7,1951-01-01,2022-09-30,26,Miroslaw Mietus
100661,2021,98.06575342465753,210,WROCLAW,PL,+51:06:12,+016:54:00,120, TG7,1951-01-01,2022-09-30,26,Miroslaw Mietus
100661,2021,98.06575342465753,25004,WROCLAW,PL,+51:06:12,+016:54:00,120, TG7,1951-01-01,2022-09-30,26,Miroslaw Mietus
106051,2017,91.56438356164384,2022,KOSZALIN,PL,+54:12:16,+016:09:19,33, TG7,1921-01-26,2022-09-30,26,Miroslaw Mietus
106051,2018,99.38630136986302,2022,KOSZALIN,PL,+54:12:16,+016:09:19,33, TG7,1921-01-26,2022-09-30,26,Miroslaw Mietus
106051,2019,102.92328767123287,2022,KOSZALIN,PL,+54:12:16,+016:09:19,33, TG7,1921-01-26,2022-09-30,26,Miroslaw Mietus
106051,2020,101.20218579234972,2022,KOSZALIN,PL,+54:12:16,+016:09:19,33, TG7,1921-01-26,2022-09-30,26,Miroslaw Mietus
106051,2021,91.16438356164383,2022,KOSZALIN,PL,+54:12:16,+016:09:19,33, TG7,1921-01-26,2022-09-30,26,Miroslaw Mietus
106052,2017,88.32328767123288,332,LEBA,PL,+54:45:13,+017:32:05,2, TG7,1951-01-01,2022-09-30,26,Miroslaw Mietus
106052,2018,93.95068493150686,332,LEBA,PL,+54:45:13,+017:32:05,2, TG7,1951-01-01,2022-09-30,26,Miroslaw Mietus
106052,2019,99.24175824175825,332,LEBA,PL,+54:45:13,+017:32:05,2, TG7,1951-01-01,2022-09-30,26,Miroslaw Mietus
106052,2020,98.74863387978142,332,LEBA,PL,+54:45:13,+017:32:05,2, TG7,1951-01-01,2022-09-30,26,Miroslaw Mietus
106052,2021,89.52876712328766,332,LEBA,PL,+54:45:13,+017:32:05,2, TG7,1951-01-01,2022-09-30,26,Miroslaw Mietus
106054,2017,75.4,396,ELBLAG,PL,+54:13:24,+019:32:37,189, TG7,1951-01-01,2022-09-30,26,Miroslaw Mietus
106054,2018,82.47123287671234,396,ELBLAG,PL,+54:13:24,+019:32:37,189, TG7,1951-01-01,2022-09-30,26,Miroslaw Mietus
106054,2019,88.32142857142857,396,ELBLAG,PL,+54:13:24,+019:32:37,189, TG7,1951-01-01,2022-09-30,26,Miroslaw Mietus
106054,2020,89.49726775956285,396,ELBLAG,PL,+54:13:24,+019:32:37,189, TG7,1951-01-01,2022-09-30,26,Miroslaw Mietus
106054,2021,71.58630136986301,396,ELBLAG,PL,+54:13:24,+019:32:37,189, TG7,1951-01-01,2022-09-30,26,Miroslaw Mietus
106075,2017,94.95054945054945,696,SWINOUJSCIE,PL,+53:55:24,+014:14:32,5, TG7,1951-01-01,2022-09-30,26,Miroslaw Mietus
106075,2018,100.18559556786704,696,SWINOUJSCIE,PL,+53:55:24,+014:14:32,5, TG7,1951-01-01,2022-09-30,26,Miroslaw Mietus
106075,2019,106.48493150684932,696,SWINOUJSCIE,PL,+53:55:24,+014:14:32,5, TG7,1951-01-01,2022-09-30,26,Miroslaw Mietus
106075,2020,105.00273224043715,696,SWINOUJSCIE,PL,+53:55:24,+014:14:32,5, TG7,1951-01-01,2022-09-30,26,Miroslaw Mietus
106075,2021,96.8986301369863,696,SWINOUJSCIE,PL,+53:55:24,+014:14:32,5, TG7,1951-01-01,2022-09-30,26,Miroslaw Mietus
106090,2017,82.72054794520548,2026,CHOJNICE,PL,+53:42:55,+017:31:57,164, TG7,1951-01-01,2022-09-30,26,Miroslaw Mietus
106090,2018,92.07123287671233,2026,CHOJNICE,PL,+53:42:55,+017:31:57,164, TG7,1951-01-01,2022-09-30,26,Miroslaw Mietus
106090,2019,95.00821917808219,2026,CHOJNICE,PL,+53:42:55,+017:31:57,164, TG7,1951-01-01,2022-09-30,26,Miroslaw Mietus
106090,2020,93.18579234972678,2026,CHOJNICE,PL,+53:42:55,+017:31:57,164, TG7,1951-01-01,2022-09-30,26,Miroslaw Mietus
106090,2021,80.72054794520548,2026,CHOJNICE,PL,+53:42:55,+017:31:57,164, TG7,1951-01-01,2022-09-30,26,Miroslaw Mietus
106111,2017,92.52328767123288,2027,TORUN,PL,+53:02:31,+018:35:44,69, TG7,1951-01-01,2022-09-30,26,Miroslaw Mietus
106111,2018,102.8,2027,TORUN,PL,+53:02:31,+018:35:44,69, TG7,1951-01-01,2022-09-30,26,Miroslaw Mietus
106111,2019,105.64931506849315,2027,TORUN,PL,+53:02:31,+018:35:44,69, TG7,1951-01-01,2022-09-30,26,Miroslaw Mietus
106111,2020,101.5464480874317,2027,TORUN,PL,+53:02:31,+018:35:44,69, TG7,1951-01-01,2022-09-30,26,Miroslaw Mietus
106111,2021,88.81095890410958,2027,TORUN,PL,+53:02:31,+018:35:44,69, TG7,1951-01-01,2022-09-30,26,Miroslaw Mietus
106134,2017,84.7068493150685,2028,MLAWA,PL,+53:06:15,+020:21:40,147, TG7,1961-01-01,2022-09-30,26,Miroslaw Mietus
106134,2018,94.85205479452055,2028,MLAWA,PL,+53:06:15,+020:21:40,147, TG7,1961-01-01,2022-09-30,26,Miroslaw Mietus
106134,2019,99.11506849315069,2028,MLAWA,PL,+53:06:15,+020:21:40,147, TG7,1961-01-01,2022-09-30,26,Miroslaw Mietus
106134,2020,95.86612021857924,2028,MLAWA,PL,+53:06:15,+020:21:40,147, TG7,1961-01-01,2022-09-30,26,Miroslaw Mietus
106134,2021,81.7972602739726,2028,MLAWA,PL,+53:06:15,+020:21:40,147, TG7,1961-01-01,2022-09-30,26,Miroslaw Mietus
106161,2017,83.24383561643836,752,OLSZTYN,PL,+53:46:07,+020:25:17,133, TG7,1951-01-01,2022-09-30,26,Miroslaw Mietus
106161,2018,91.72876712328767,752,OLSZTYN,PL,+53:46:07,+020:25:17,133, TG7,1951-01-01,2022-09-30,26,Miroslaw Mietus
106161,2019,96.0,752,OLSZTYN,PL,+53:46:07,+020:25:17,133, TG7,1951-01-01,2022-09-30,26,Miroslaw Mietus
106161,2020,95.33060109289617,752,OLSZTYN,PL,+53:46:07,+020:25:17,133, TG7,1951-01-01,2022-09-30,26,Miroslaw Mietus
106161,2021,81.5013698630137,752,OLSZTYN,PL,+53:46:07,+020:25:17,133, TG7,1951-01-01,2022-09-30,26,Miroslaw Mietus
106163,2017,96.79178082191781,2029,GORZOW WLKP,PL,+52:44:28,+015:16:38,71, TG7,1951-01-01,2022-09-30,26,Miroslaw Mietus
106163,2018,107.27945205479452,2029,GORZOW WLKP,PL,+52:44:28,+015:16:38,71, TG7,1951-01-01,2022-09-30,26,Miroslaw Mietus
106163,2019,109.65205479452055,2029,GORZOW WLKP,PL,+52:44:28,+015:16:38,71, TG7,1951-01-01,2022-09-30,26,Miroslaw Mietus
106163,2020,107.95901639344262,2029,GORZOW WLKP,PL,+52:44:28,+015:16:38,71, TG7,1951-01-01,2022-09-30,26,Miroslaw Mietus
106163,2021,95.64657534246575,2029,GORZOW WLKP,PL,+52:44:28,+015:16:38,71, TG7,1951-01-01,2022-09-30,26,Miroslaw Mietus
106177,2017,100.44077134986226,779,SLUBICE,PL,+52:20:55,+014:37:11,53, TG7,1951-01-01,2022-09-30,26,Miroslaw Mietus
106177,2018,109.13424657534246,779,SLUBICE,PL,+52:20:55,+014:37:11,53, TG7,1951-01-01,2022-09-30,26,Miroslaw Mietus
106177,2019,112.7095890410959,779,SLUBICE,PL,+52:20:55,+014:37:11,53, TG7,1951-01-01,2022-09-30,26,Miroslaw Mietus
106177,2020,111.16120218579235,779,SLUBICE,PL,+52:20:55,+014:37:11,53, TG7,1951-01-01,2022-09-30,26,Miroslaw Mietus
106177,2021,98.21369863013699,779,SLUBICE,PL,+52:20:55,+014:37:11,53, TG7,1951-01-01,2022-09-30,26,Miroslaw Mietus
106206,2017,86.65753424657534,333,SIEDLCE,PL,+52:10:52,+022:14:41,152, TG7,1951-01-01,2022-09-30,26,Miroslaw Mietus
106206,2018,93.16164383561645,333,SIEDLCE,PL,+52:10:52,+022:14:41,152, TG7,1951-01-01,2022-09-30,26,Miroslaw Mietus
106206,2019,99.77534246575343,333,SIEDLCE,PL,+52:10:52,+022:14:41,152, TG7,1951-01-01,2022-09-30,26,Miroslaw Mietus
106206,2020,97.37704918032787,333,SIEDLCE,PL,+52:10:52,+022:14:41,152, TG7,1951-01-01,2022-09-30,26,Miroslaw Mietus
106206,2021,82.2958904109589,333,SIEDLCE,PL,+52:10:52,+022:14:41,152, TG7,1951-01-01,2022-09-30,26,Miroslaw Mietus
106222,2017,87.58904109589041,922,TERESPOL,PL,+52:04:43,+023:37:19,133, TG7,1955-01-01,2022-09-30,26,Miroslaw Mietus
106222,2018,93.93150684931507,922,TERESPOL,PL,+52:04:43,+023:37:19,133, TG7,1955-01-01,2022-09-30,26,Miroslaw Mietus
106222,2019,101.18356164383562,922,TERESPOL,PL,+52:04:43,+023:37:19,133, TG7,1955-01-01,2022-09-30,26,Miroslaw Mietus
106222,2020,99.22131147540983,922,TERESPOL,PL,+52:04:43,+023:37:19,133, TG7,1955-01-01,2022-09-30,26,Miroslaw Mietus
106222,2021,84.05753424657534,922,TERESPOL,PL,+52:04:43,+023:37:19,133, TG7,1955-01-01,2022-09-30,26,Miroslaw Mietus
106237,2017,95.43561643835616,2031,ZIELONA GORA,PL,+51:55:48,+015:31:29,192, TG7,1951-01-01,2022-09-30,26,Miroslaw Mietus
106237,2018,107.8986301369863,2031,ZIELONA GORA,PL,+51:55:48,+015:31:29,192, TG7,1951-01-01,2022-09-30,26,Miroslaw Mietus
106237,2019,109.81369863013698,2031,ZIELONA GORA,PL,+51:55:48,+015:31:29,192, TG7,1951-01-01,2022-09-30,26,Miroslaw Mietus
106237,2020,106.87978142076503,2031,ZIELONA GORA,PL,+51:55:48,+015:31:29,192, TG7,1951-01-01,2022-09-30,26,Miroslaw Mietus
106237,2021,93.43013698630136,2031,ZIELONA GORA,PL,+51:55:48,+015:31:29,192, TG7,1951-01-01,2022-09-30,26,Miroslaw Mietus
106242,2017,95.73150684931507,923,LESZNO,PL,+51:50:08,+016:32:05,91, TG7,1958-01-01,2022-09-30,26,Miroslaw Mietus
106242,2018,105.32328767123288,923,LESZNO,PL,+51:50:08,+016:32:05,91, TG7,1958-01-01,2022-09-30,26,Miroslaw Mietus
106242,2019,107.9068493150685,923,LESZNO,PL,+51:50:08,+016:32:05,91, TG7,1958-01-01,2022-09-30,26,Miroslaw Mietus
106242,2020,105.48360655737704,923,LESZNO,PL,+51:50:08,+016:32:05,91, TG7,1958-01-01,2022-09-30,26,Miroslaw Mietus
106242,2021,93.05479452054794,923,LESZNO,PL,+51:50:08,+016:32:05,91, TG7,1958-01-01,2022-09-30,26,Miroslaw Mietus
106260,2017,92.67671232876712,924,WIELUN,PL,+51:12:37,+018:33:24,199, TG7,1951-01-01,2022-09-30,26,Miroslaw Mietus
106260,2018,104.56164383561644,924,WIELUN,PL,+51:12:37,+018:33:24,199, TG7,1951-01-01,2022-09-30,26,Miroslaw Mietus
106260,2019,107.64383561643835,924,WIELUN,PL,+51:12:37,+018:33:24,199, TG7,1951-01-01,2022-09-30,26,Miroslaw Mietus
106260,2020,102.76502732240438,924,WIELUN,PL,+51:12:37,+018:33:24,199, TG7,1951-01-01,2022-09-30,26,Miroslaw Mietus
106260,2021,90.38356164383562,924,WIELUN,PL,+51:12:37,+018:33:24,199, TG7,1951-01-01,2022-09-30,26,Miroslaw Mietus
106274,2017,88.25753424657535,926,SULEJOW,PL,+51:21:12,+019:51:59,188, TG7,1961-05-01,2022-09-30,26,Miroslaw Mietus
106274,2018,97.02191780821917,926,SULEJOW,PL,+51:21:12,+019:51:59,188, TG7,1961-05-01,2022-09-30,26,Miroslaw Mietus
106274,2019,103.35890410958905,926,SULEJOW,PL,+51:21:12,+019:51:59,188, TG7,1961-05-01,2022-09-30,26,Miroslaw Mietus
106274,2020,98.48360655737704,926,SULEJOW,PL,+51:21:12,+019:51:59,188, TG7,1961-05-01,2022-09-30,26,Miroslaw Mietus
106274,2021,84.91780821917808,926,SULEJOW,PL,+51:21:12,+019:51:59,188, TG7,1961-05-01,2022-09-30,26,Miroslaw Mietus
106289,2017,87.2027397260274,927,WLODAWA,PL,+51:33:12,+023:31:46,177, TG7,1951-01-01,2022-09-30,26,Miroslaw Mietus
106289,2018,94.4,927,WLODAWA,PL,+51:33:12,+023:31:46,177, TG7,1951-01-01,2022-09-30,26,Miroslaw Mietus
106289,2019,100.52602739726028,927,WLODAWA,PL,+51:33:12,+023:31:46,177, TG7,1951-01-01,2022-09-30,26,Miroslaw Mietus
106289,2020,98.19398907103825,927,WLODAWA,PL,+51:33:12,+023:31:46,177, TG7,1951-01-01,2022-09-30,26,Miroslaw Mietus
106289,2021,83.17534246575343,927,WLODAWA,PL,+51:33:12,+023:31:46,177, TG7,1951-01-01,2022-09-30,26,Miroslaw Mietus
106334,2017,84.77534246575343,2036,KLODZKO,PL,+50:26:13,+016:36:51,356, TG7,1951-01-01,2022-09-30,26,Miroslaw Mietus
106334,2018,95.34520547945205,2036,KLODZKO,PL,+50:26:13,+016:36:51,356, TG7,1951-01-01,2022-09-30,26,Miroslaw Mietus
106334,2019,94.87671232876713,2036,KLODZKO,PL,+50:26:13,+016:36:51,356, TG7,1951-01-01,2022-09-30,26,Miroslaw Mietus
106334,2020,91.0464480874317,2036,KLODZKO,PL,+50:26:13,+016:36:51,356, TG7,1951-01-01,2022-09-30,26,Miroslaw Mietus
106334,2021,80.8027397260274,2036,KLODZKO,PL,+50:26:13,+016:36:51,356, TG7,1951-01-01,2022-09-30,26,Miroslaw Mietus
106339,2017,97.12876712328767,928,RACIBORZ,PL,+50:03:40,+018:11:27,206, TG7,1951-01-01,2022-09-30,26,Miroslaw Mietus
106339,2018,106.72876712328767,928,RACIBORZ,PL,+50:03:40,+018:11:27,206, TG7,1951-01-01,2022-09-30,26,Miroslaw Mietus
106339,2019,108.7068493150685,928,RACIBORZ,PL,+50:03:40,+018:11:27,206, TG7,1951-01-01,2022-09-30,26,Miroslaw Mietus
106339,2020,102.39344262295081,928,RACIBORZ,PL,+50:03:40,+018:11:27,206, TG7,1951-01-01,2022-09-30,26,Miroslaw Mietus
106339,2021,92.33150684931506,928,RACIBORZ,PL,+50:03:40,+018:11:27,206, TG7,1951-01-01,2022-09-30,26,Miroslaw Mietus
106369,2017,84.84931506849315,2038,KIELCE,PL,+50:48:38,+020:41:32,260, TG7,1951-01-01,2022-09-30,26,Miroslaw Mietus
106369,2018,94.43561643835616,2038,KIELCE,PL,+50:48:38,+020:41:32,260, TG7,1951-01-01,2022-09-30,26,Miroslaw Mietus
106369,2019,97.56438356164384,2038,KIELCE,PL,+50:48:38,+020:41:32,260, TG7,1951-01-01,2022-09-30,26,Miroslaw Mietus
106369,2020,93.33333333333333,2038,KIELCE,PL,+50:48:38,+020:41:32,260, TG7,1951-01-01,2022-09-30,26,Miroslaw Mietus
106369,2021,80.6054794520548,2038,KIELCE,PL,+50:48:38,+020:41:32,260, TG7,1951-01-01,2022-09-30,26,Miroslaw Mietus
106377,2017,92.78082191780823,930,BIELSKO-BIALA,PL,+49:48:26,+019:00:01,396, TG7,1951-01-01,2022-09-30,26,Miroslaw Mietus
106377,2018,101.13698630136986,930,BIELSKO-BIALA,PL,+49:48:26,+019:00:01,396, TG7,1951-01-01,2022-09-30,26,Miroslaw Mietus
106377,2019,105.88767123287671,930,BIELSKO-BIALA,PL,+49:48:26,+019:00:01,396, TG7,1951-01-01,2022-09-30,26,Miroslaw Mietus
106377,2020,98.86065573770492,930,BIELSKO-BIALA,PL,+49:48:26,+019:00:01,396, TG7,1951-01-01,2022-09-30,26,Miroslaw Mietus
106377,2021,88.91232876712328,930,BIELSKO-BIALA,PL,+49:48:26,+019:00:01,396, TG7,1951-01-01,2022-09-30,26,Miroslaw Mietus
106397,2017,92.43406593406593,932,NOWY SACZ,PL,+49:37:38,+020:41:19,292, TG7,1954-01-01,2022-09-30,26,Miroslaw Mietus
106397,2017,92.43406593406593,24909,NOWY SACZ,PL,+49:37:38,+020:41:19,292, TG7,1954-01-01,2022-09-30,26,Miroslaw Mietus
106397,2018,99.98071625344353,932,NOWY SACZ,PL,+49:37:38,+020:41:19,292, TG7,1954-01-01,2022-09-30,26,Miroslaw Mietus
106397,2018,99.98071625344353,24909,NOWY SACZ,PL,+49:37:38,+020:41:19,292, TG7,1954-01-01,2022-09-30,26,Miroslaw Mietus
106397,2019,105.15342465753425,932,NOWY SACZ,PL,+49:37:38,+020:41:19,292, TG7,1954-01-01,2022-09-30,26,Miroslaw Mietus
106397,2019,105.15342465753425,24909,NOWY SACZ,PL,+49:37:38,+020:41:19,292, TG7,1954-01-01,2022-09-30,26,Miroslaw Mietus
106397,2020,98.73497267759562,932,NOWY SACZ,PL,+49:37:38,+020:41:19,292, TG7,1954-01-01,2022-09-30,26,Miroslaw Mietus
106397,2020,98.73497267759562,24909,NOWY SACZ,PL,+49:37:38,+020:41:19,292, TG7,1954-01-01,2022-09-30,26,Miroslaw Mietus
106397,2021,88.4986301369863,932,NOWY SACZ,PL,+49:37:38,+020:41:19,292, TG7,1954-01-01,2022-09-30,26,Miroslaw Mietus
106397,2021,88.4986301369863,24909,NOWY SACZ,PL,+49:37:38,+020:41:19,292, TG7,1954-01-01,2022-09-30,26,Miroslaw Mietus
106405,2017,83.22739726027397,933,LESKO,PL,+49:27:59,+022:20:30,420, TG7,1954-06-17,2022-09-30,26,Miroslaw Mietus
106405,2017,83.22739726027397,24921,LESKO,PL,+49:27:59,+022:20:30,420, TG7,1954-06-17,2022-09-30,26,Miroslaw Mietus
106405,2018,91.38356164383562,933,LESKO,PL,+49:27:59,+022:20:30,420, TG7,1954-06-17,2022-09-30,26,Miroslaw Mietus
106405,2018,91.38356164383562,24921,LESKO,PL,+49:27:59,+022:20:30,420, TG7,1954-06-17,2022-09-30,26,Miroslaw Mietus
106405,2019,98.27671232876712,933,LESKO,PL,+49:27:59,+022:20:30,420, TG7,1954-06-17,2022-09-30,26,Miroslaw Mietus
106405,2019,98.27671232876712,24921,LESKO,PL,+49:27:59,+022:20:30,420, TG7,1954-06-17,2022-09-30,26,Miroslaw Mietus
106405,2020,91.42896174863388,933,LESKO,PL,+49:27:59,+022:20:30,420, TG7,1954-06-17,2022-09-30,26,Miroslaw Mietus
106405,2020,91.42896174863388,24921,LESKO,PL,+49:27:59,+022:20:30,420, TG7,1954-06-17,2022-09-30,26,Miroslaw Mietus
106405,2021,80.32328767123288,933,LESKO,PL,+49:27:59,+022:20:30,420, TG7,1954-06-17,2022-09-30,26,Miroslaw Mietus
106405,2021,80.32328767123288,24921,LESKO,PL,+49:27:59,+022:20:30,420, TG7,1954-06-17,2022-09-30,26,Miroslaw Mietus
236770,2017,91.95342465753424,24860,PSZCZYNA,PL,+50:00:00,+018:55:00,261, TG7,1956-04-08,2022-08-31,26,Miroslaw Mietus
236770,2018,100.32876712328768,24860,PSZCZYNA,PL,+50:00:00,+018:55:00,261, TG7,1956-04-08,2022-08-31,26,Miroslaw Mietus
236770,2019,101.94246575342466,24860,PSZCZYNA,PL,+50:00:00,+018:55:00,261, TG7,1956-04-08,2022-08-31,26,Miroslaw Mietus
236770,2020,96.93169398907104,24860,PSZCZYNA,PL,+50:00:00,+018:55:00,261, TG7,1956-04-08,2022-08-31,26,Miroslaw Mietus
236770,2021,86.94794520547946,24860,PSZCZYNA,PL,+50:00:00,+018:55:00,261, TG7,1956-04-08,2022-08-31,26,Miroslaw Mietus
236962,2017,63.35890410958904,24876,JABLONKA,PL,+49:28:00,+019:42:00,671, TG7,1961-01-01,2022-08-31,26,Miroslaw Mietus
236962,2018,70.30684931506849,24876,JABLONKA,PL,+49:28:00,+019:42:00,671, TG7,1961-01-01,2022-08-31,26,Miroslaw Mietus
236962,2019,71.22739726027397,24876,JABLONKA,PL,+49:28:00,+019:42:00,671, TG7,1961-01-01,2022-08-31,26,Miroslaw Mietus
236962,2020,67.69125683060109,24876,JABLONKA,PL,+49:28:00,+019:42:00,671, TG7,1961-01-01,2022-08-31,26,Miroslaw Mietus
236962,2021,59.28219178082192,24876,JABLONKA,PL,+49:28:00,+019:42:00,671, TG7,1961-01-01,2022-08-31,26,Miroslaw Mietus
237070,2017,92.7013698630137,24885,LAZY,PL,+49:58:00,+020:30:00,251, TG7,1989-01-01,2022-08-31,26,Miroslaw Mietus
237070,2017,92.7013698630137,24911,LAZY,PL,+49:58:00,+020:30:00,251, TG7,1989-01-01,2022-08-31,26,Miroslaw Mietus
237070,2018,97.82191780821918,24885,LAZY,PL,+49:58:00,+020:30:00,251, TG7,1989-01-01,2022-08-31,26,Miroslaw Mietus
237070,2018,97.82191780821918,24911,LAZY,PL,+49:58:00,+020:30:00,251, TG7,1989-01-01,2022-08-31,26,Miroslaw Mietus
237070,2019,103.0027397260274,24885,LAZY,PL,+49:58:00,+020:30:00,251, TG7,1989-01-01,2022-08-31,26,Miroslaw Mietus
237070,2019,103.0027397260274,24911,LAZY,PL,+49:58:00,+020:30:00,251, TG7,1989-01-01,2022-08-31,26,Miroslaw Mietus
237070,2020,98.28415300546447,24885,LAZY,PL,+49:58:00,+020:30:00,251, TG7,1989-01-01,2022-08-31,26,Miroslaw Mietus
237070,2020,98.28415300546447,24911,LAZY,PL,+49:58:00,+020:30:00,251, TG7,1989-01-01,2022-08-31,26,Miroslaw Mietus
237118,2017,85.85205479452055,24889,LIMANOWA,PL,+49:41:00,+020:26:00,587, TG7,1952-01-01,2022-08-31,26,Miroslaw Mietus
237118,2018,93.1041095890411,24889,LIMANOWA,PL,+49:41:00,+020:26:00,587, TG7,1952-01-01,2022-08-31,26,Miroslaw Mietus
237118,2019,97.62465753424658,24889,LIMANOWA,PL,+49:41:00,+020:26:00,587, TG7,1952-01-01,2022-08-31,26,Miroslaw Mietus
237118,2020,92.31693989071039,24889,LIMANOWA,PL,+49:41:00,+020:26:00,587, TG7,1952-01-01,2022-08-31,26,Miroslaw Mietus
237118,2021,80.95616438356164,24889,LIMANOWA,PL,+49:41:00,+020:26:00,587, TG7,1952-01-01,2022-08-31,26,Miroslaw Mietus
237142,2017,85.53972602739726,24891,LACKO,PL,+49:33:34,+020:26:22,516, TG7,1956-01-01,2022-08-31,26,Miroslaw Mietus
237142,2018,91.57808219178082,24891,LACKO,PL,+49:33:34,+020:26:22,516, TG7,1956-01-01,2022-08-31,26,Miroslaw Mietus
237142,2019,96.03835616438356,24891,LACKO,PL,+49:33:34,+020:26:22,516, TG7,1956-01-01,2022-08-31,26,Miroslaw Mietus
237142,2020,91.01092896174863,24891,LACKO,PL,+49:33:34,+020:26:22,516, TG7,1956-01-01,2022-08-31,26,Miroslaw Mietus
237142,2021,80.96438356164384,24891,LACKO,PL,+49:33:34,+020:26:22,516, TG7,1956-01-01,2022-08-31,26,Miroslaw Mietus
237202,2017,67.2,24896,KRYNICA,PL,+49:25:00,+020:58:00,702, TG7,1961-01-01,2022-08-31,26,Miroslaw Mietus
237202,2017,67.2,24907,KRYNICA,PL,+49:25:00,+020:58:00,702, TG7,1961-01-01,2022-08-31,26,Miroslaw Mietus
237202,2018,74.92054794520548,24896,KRYNICA,PL,+49:25:00,+020:58:00,702, TG7,1961-01-01,2022-08-31,26,Miroslaw Mietus
237202,2018,74.92054794520548,24907,KRYNICA,PL,+49:25:00,+020:58:00,702, TG7,1961-01-01,2022-08-31,26,Miroslaw Mietus
237202,2019,77.31506849315069,24896,KRYNICA,PL,+49:25:00,+020:58:00,702, TG7,1961-01-01,2022-08-31,26,Miroslaw Mietus
237202,2019,77.31506849315069,24907,KRYNICA,PL,+49:25:00,+020:58:00,702, TG7,1961-01-01,2022-08-31,26,Miroslaw Mietus
237202,2020,73.49180327868852,24896,KRYNICA,PL,+49:25:00,+020:58:00,702, TG7,1961-01-01,2022-08-31,26,Miroslaw Mietus
237202,2020,73.49180327868852,24907,KRYNICA,PL,+49:25:00,+020:58:00,702, TG7,1961-01-01,2022-08-31,26,Miroslaw Mietus
237202,2021,62.512328767123286,24896,KRYNICA,PL,+49:25:00,+020:58:00,702, TG7,1961-01-01,2022-08-31,26,Miroslaw Mietus
237202,2021,62.512328767123286,24907,KRYNICA,PL,+49:25:00,+020:58:00,702, TG7,1961-01-01,2022-08-31,26,Miroslaw Mietus
237274,2017,81.6027397260274,24894,PIWNICZNA,PL,+49:25:31,+020:43:23,684, TG7,2008-07-01,2022-08-31,26,Miroslaw Mietus
237274,2017,81.6027397260274,24902,PIWNICZNA,PL,+49:25:31,+020:43:23,684, TG7,2008-07-01,2022-08-31,26,Miroslaw Mietus
237274,2018,88.75342465753425,24894,PIWNICZNA,PL,+49:25:31,+020:43:23,684, TG7,2008-07-01,2022-08-31,26,Miroslaw Mietus
237274,2018,88.75342465753425,24902,PIWNICZNA,PL,+49:25:31,+020:43:23,684, TG7,2008-07-01,2022-08-31,26,Miroslaw Mietus
237274,2019,90.41369863013699,24894,PIWNICZNA,PL,+49:25:31,+020:43:23,684, TG7,2008-07-01,2022-08-31,26,Miroslaw Mietus
237274,2019,90.41369863013699,24902,PIWNICZNA,PL,+49:25:31,+020:43:23,684, TG7,2008-07-01,2022-08-31,26,Miroslaw Mietus
237274,2020,86.09016393442623,24894,PIWNICZNA,PL,+49:25:31,+020:43:23,684, TG7,2008-07-01,2022-08-31,26,Miroslaw Mietus
237274,2020,86.09016393442623,24902,PIWNICZNA,PL,+49:25:31,+020:43:23,684, TG7,2008-07-01,2022-08-31,26,Miroslaw Mietus
237274,2021,74.92328767123287,24894,PIWNICZNA,PL,+49:25:31,+020:43:23,684, TG7,2008-07-01,2022-08-31,26,Miroslaw Mietus
237274,2021,74.92328767123287,24902,PIWNICZNA,PL,+49:25:31,+020:43:23,684, TG7,2008-07-01,2022-08-31,26,Miroslaw Mietus
237286,2017,57.6,24880,PORONIN,PL,+49:19:49,+020:02:06,848, TG7,2010-01-01,2022-08-31,26,Miroslaw Mietus
237286,2017,57.6,24903,PORONIN,PL,+49:19:49,+020:02:06,848, TG7,2010-01-01,2022-08-31,26,Miroslaw Mietus
237286,2018,64.35068493150685,24880,PORONIN,PL,+49:19:49,+020:02:06,848, TG7,2010-01-01,2022-08-31,26,Miroslaw Mietus
237286,2018,64.35068493150685,24903,PORONIN,PL,+49:19:49,+020:02:06,848, TG7,2010-01-01,2022-08-31,26,Miroslaw Mietus
237286,2019,65.56438356164384,24880,PORONIN,PL,+49:19:49,+020:02:06,848, TG7,2010-01-01,2022-08-31,26,Miroslaw Mietus
237286,2019,65.56438356164384,24903,PORONIN,PL,+49:19:49,+020:02:06,848, TG7,2010-01-01,2022-08-31,26,Miroslaw Mietus
237286,2020,61.295081967213115,24880,PORONIN,PL,+49:19:49,+020:02:06,848, TG7,2010-01-01,2022-08-31,26,Miroslaw Mietus
237286,2020,61.295081967213115,24903,PORONIN,PL,+49:19:49,+020:02:06,848, TG7,2010-01-01,2022-08-31,26,Miroslaw Mietus
237286,2021,50.93972602739726,24880,PORONIN,PL,+49:19:49,+020:02:06,848, TG7,2010-01-01,2022-08-31,26,Miroslaw Mietus
237286,2021,50.93972602739726,24903,PORONIN,PL,+49:19:49,+020:02:06,848, TG7,2010-01-01,2022-08-31,26,Miroslaw Mietus
237298,2017,80.96164383561644,24904,MSZANA DOLNA,PL,+49:39:49,+020:03:16,537, TG7,2013-01-01,2022-08-31,26,Miroslaw Mietus
237298,2017,80.96164383561644,24908,MSZANA DOLNA,PL,+49:39:49,+020:03:16,537, TG7,2013-01-01,2022-08-31,26,Miroslaw Mietus
237298,2018,85.95616438356164,24904,MSZANA DOLNA,PL,+49:39:49,+020:03:16,537, TG7,2013-01-01,2022-08-31,26,Miroslaw Mietus
237298,2018,85.95616438356164,24908,MSZANA DOLNA,PL,+49:39:49,+020:03:16,537, TG7,2013-01-01,2022-08-31,26,Miroslaw Mietus
237298,2019,90.03561643835616,24904,MSZANA DOLNA,PL,+49:39:49,+020:03:16,537, TG7,2013-01-01,2022-08-31,26,Miroslaw Mietus
237298,2019,90.03561643835616,24908,MSZANA DOLNA,PL,+49:39:49,+020:03:16,537, TG7,2013-01-01,2022-08-31,26,Miroslaw Mietus
237298,2020,85.20491803278688,24904,MSZANA DOLNA,PL,+49:39:49,+020:03:16,537, TG7,2013-01-01,2022-08-31,26,Miroslaw Mietus
237298,2020,85.20491803278688,24908,MSZANA DOLNA,PL,+49:39:49,+020:03:16,537, TG7,2013-01-01,2022-08-31,26,Miroslaw Mietus
237298,2021,75.24383561643836,24904,MSZANA DOLNA,PL,+49:39:49,+020:03:16,537, TG7,2013-01-01,2022-08-31,26,Miroslaw Mietus
237298,2021,75.24383561643836,24908,MSZANA DOLNA,PL,+49:39:49,+020:03:16,537, TG7,2013-01-01,2022-08-31,26,Miroslaw Mietus
237466,2017,84.88493150684931,24918,DYNOW,PL,+49:50:00,+022:14:00,284, TG7,1951-01-01,2022-08-31,26,Miroslaw Mietus
237466,2018,88.99152542372882,24918,DYNOW,PL,+49:50:00,+022:14:00,284, TG7,1951-01-01,2022-08-31,26,Miroslaw Mietus
237466,2019,96.54246575342465,24918,DYNOW,PL,+49:50:00,+022:14:00,284, TG7,1951-01-01,2022-08-31,26,Miroslaw Mietus
237466,2020,91.48087431693989,24918,DYNOW,PL,+49:50:00,+022:14:00,284, TG7,1951-01-01,2022-08-31,26,Miroslaw Mietus
237466,2021,79.69315068493151,24918,DYNOW,PL,+49:50:00,+022:14:00,284, TG7,1951-01-01,2022-08-31,26,Miroslaw Mietus
237502,2017,81.23835616438356,24921,SOLINA-JAWOR,PL,+49:24:00,+022:28:00,441, TG7,1981-01-01,2022-08-31,26,Miroslaw Mietus
237502,2018,87.58356164383562,24921,SOLINA-JAWOR,PL,+49:24:00,+022:28:00,441, TG7,1981-01-01,2022-08-31,26,Miroslaw Mietus
237502,2019,95.31780821917808,24921,SOLINA-JAWOR,PL,+49:24:00,+022:28:00,441, TG7,1981-01-01,2022-08-31,26,Miroslaw Mietus
237502,2020,89.07650273224044,24921,SOLINA-JAWOR,PL,+49:24:00,+022:28:00,441, TG7,1981-01-01,2022-08-31,26,Miroslaw Mietus
237502,2021,77.44109589041096,24921,SOLINA-JAWOR,PL,+49:24:00,+022:28:00,441, TG7,1981-01-01,2022-08-31,26,Miroslaw Mietus
237514,2017,70.97534246575343,24922,KOMANCZA,PL,+49:20:00,+022:04:00,569, TG7,1956-01-01,2022-08-31,26,Miroslaw Mietus
237514,2018,78.82739726027397,24922,KOMANCZA,PL,+49:20:00,+022:04:00,569, TG7,1956-01-01,2022-08-31,26,Miroslaw Mietus
237514,2019,85.0054794520548,24922,KOMANCZA,PL,+49:20:00,+022:04:00,569, TG7,1956-01-01,2022-08-31,26,Miroslaw Mietus
237514,2020,78.3743169398907,24922,KOMANCZA,PL,+49:20:00,+022:04:00,569, TG7,1956-01-01,2022-08-31,26,Miroslaw Mietus
237514,2021,67.37808219178082,24922,KOMANCZA,PL,+49:20:00,+022:04:00,569, TG7,1956-01-01,2022-08-31,26,Miroslaw Mietus
237922,2017,88.00821917808219,24956,DRONIOWICE,PL,+50:41:46,+018:48:32,284, TG7,2003-11-01,2022-08-31,26,Miroslaw Mietus
237922,2017,88.00821917808219,24958,DRONIOWICE,PL,+50:41:46,+018:48:32,284, TG7,2003-11-01,2022-08-31,26,Miroslaw Mietus
237922,2018,97.10684931506849,24956,DRONIOWICE,PL,+50:41:46,+018:48:32,284, TG7,2003-11-01,2022-08-31,26,Miroslaw Mietus
237922,2018,97.10684931506849,24958,DRONIOWICE,PL,+50:41:46,+018:48:32,284, TG7,2003-11-01,2022-08-31,26,Miroslaw Mietus
237922,2019,100.65205479452055,24956,DRONIOWICE,PL,+50:41:46,+018:48:32,284, TG7,2003-11-01,2022-08-31,26,Miroslaw Mietus
237922,2019,100.65205479452055,24958,DRONIOWICE,PL,+50:41:46,+018:48:32,284, TG7,2003-11-01,2022-08-31,26,Miroslaw Mietus
237922,2020,94.85792349726776,24956,DRONIOWICE,PL,+50:41:46,+018:48:32,284, TG7,2003-11-01,2022-08-31,26,Miroslaw Mietus
237922,2020,94.85792349726776,24958,DRONIOWICE,PL,+50:41:46,+018:48:32,284, TG7,2003-11-01,2022-08-31,26,Miroslaw Mietus
237922,2021,84.56986301369864,24956,DRONIOWICE,PL,+50:41:46,+018:48:32,284, TG7,2003-11-01,2022-08-31,26,Miroslaw Mietus
237922,2021,84.56986301369864,24958,DRONIOWICE,PL,+50:41:46,+018:48:32,284, TG7,2003-11-01,2022-08-31,26,Miroslaw Mietus
238114,2017,117.45098039215686,24972,BORUSOWA,PL,+50:17:00,+020:48:00,176, TG7,1961-01-01,2022-08-31,26,Miroslaw Mietus
238114,2018,100.77808219178083,24972,BORUSOWA,PL,+50:17:00,+020:48:00,176, TG7,1961-01-01,2022-08-31,26,Miroslaw Mietus
238114,2019,104.27945205479452,24972,BORUSOWA,PL,+50:17:00,+020:48:00,176, TG7,1961-01-01,2022-08-31,26,Miroslaw Mietus
238114,2020,99.30054644808743,24972,BORUSOWA,PL,+50:17:00,+020:48:00,176, TG7,1961-01-01,2022-08-31,26,Miroslaw Mietus
238114,2021,96.7005988023952,24972,BORUSOWA,PL,+50:17:00,+020:48:00,176, TG7,1961-01-01,2022-08-31,26,Miroslaw Mietus
238174,2017,86.43287671232876,24977,STASZOW,PL,+50:36:00,+021:11:00,249, TG7,1961-01-01,2022-08-31,26,Miroslaw Mietus
238174,2018,93.90958904109588,24977,STASZOW,PL,+50:36:00,+021:11:00,249, TG7,1961-01-01,2022-08-31,26,Miroslaw Mietus
238174,2019,96.97260273972603,24977,STASZOW,PL,+50:36:00,+021:11:00,249, TG7,1961-01-01,2022-08-31,26,Miroslaw Mietus
238174,2020,92.61475409836065,24977,STASZOW,PL,+50:36:00,+021:11:00,249, TG7,1961-01-01,2022-08-31,26,Miroslaw Mietus
238174,2021,81.17808219178082,24977,STASZOW,PL,+50:36:00,+021:11:00,249, TG7,1961-01-01,2022-08-31,26,Miroslaw Mietus
238186,2017,92.20547945205479,24978,CHORZELOW,PL,+50:21:00,+021:27:00,161, TG7,1961-01-01,2022-08-31,26,Miroslaw Mietus
238186,2018,97.95068493150686,24978,CHORZELOW,PL,+50:21:00,+021:27:00,161, TG7,1961-01-01,2022-08-31,26,Miroslaw Mietus
238186,2019,102.31232876712329,24978,CHORZELOW,PL,+50:21:00,+021:27:00,161, TG7,1961-01-01,2022-08-31,26,Miroslaw Mietus
238186,2020,98.0,24978,CHORZELOW,PL,+50:21:00,+021:27:00,161, TG7,1961-01-01,2022-08-31,26,Miroslaw Mietus
238186,2021,88.20821917808219,24978,CHORZELOW,PL,+50:21:00,+021:27:00,161, TG7,1961-01-01,2022-08-31,26,Miroslaw Mietus
238354,2017,87.67945205479452,24991,CIESZANOW,PL,+50:14:01,+023:07:05,231, TG7,2004-01-01,2022-08-31,26,Miroslaw Mietus
238354,2017,87.67945205479452,24992,CIESZANOW,PL,+50:14:01,+023:07:05,231, TG7,2004-01-01,2022-08-31,26,Miroslaw Mietus
238354,2017,87.67945205479452,24993,CIESZANOW,PL,+50:14:01,+023:07:05,231, TG7,2004-01-01,2022-08-31,26,Miroslaw Mietus
238354,2018,91.59726027397261,24991,CIESZANOW,PL,+50:14:01,+023:07:05,231, TG7,2004-01-01,2022-08-31,26,Miroslaw Mietus
238354,2018,91.59726027397261,24992,CIESZANOW,PL,+50:14:01,+023:07:05,231, TG7,2004-01-01,2022-08-31,26,Miroslaw Mietus
238354,2018,91.59726027397261,24993,CIESZANOW,PL,+50:14:01,+023:07:05,231, TG7,2004-01-01,2022-08-31,26,Miroslaw Mietus
238354,2019,96.9013698630137,24991,CIESZANOW,PL,+50:14:01,+023:07:05,231, TG7,2004-01-01,2022-08-31,26,Miroslaw Mietus
238354,2019,96.9013698630137,24992,CIESZANOW,PL,+50:14:01,+023:07:05,231, TG7,2004-01-01,2022-08-31,26,Miroslaw Mietus
238354,2019,96.9013698630137,24993,CIESZANOW,PL,+50:14:01,+023:07:05,231, TG7,2004-01-01,2022-08-31,26,Miroslaw Mietus
238354,2020,93.97814207650273,24991,CIESZANOW,PL,+50:14:01,+023:07:05,231, TG7,2004-01-01,2022-08-31,26,Miroslaw Mietus
238354,2020,93.97814207650273,24992,CIESZANOW,PL,+50:14:01,+023:07:05,231, TG7,2004-01-01,2022-08-31,26,Miroslaw Mietus
238354,2020,93.97814207650273,24993,CIESZANOW,PL,+50:14:01,+023:07:05,231, TG7,2004-01-01,2022-08-31,26,Miroslaw Mietus
238354,2021,80.34246575342466,24991,CIESZANOW,PL,+50:14:01,+023:07:05,231, TG7,2004-01-01,2022-08-31,26,Miroslaw Mietus
238354,2021,80.34246575342466,24992,CIESZANOW,PL,+50:14:01,+023:07:05,231, TG7,2004-01-01,2022-08-31,26,Miroslaw Mietus
238354,2021,80.34246575342466,24993,CIESZANOW,PL,+50:14:01,+023:07:05,231, TG7,2004-01-01,2022-08-31,26,Miroslaw Mietus
238594,2017,89.51506849315068,25012,PUCZNIEW,PL,+51:47:00,+019:05:00,148, TG7,1951-01-01,2022-08-31,26,Miroslaw Mietus
238594,2018,97.40547945205479,25012,PUCZNIEW,PL,+51:47:00,+019:05:00,148, TG7,1951-01-01,2022-08-31,26,Miroslaw Mietus
238594,2019,103.05205479452054,25012,PUCZNIEW,PL,+51:47:00,+019:05:00,148, TG7,1951-01-01,2022-08-31,26,Miroslaw Mietus
238594,2020,99.37978142076503,25012,PUCZNIEW,PL,+51:47:00,+019:05:00,148, TG7,1951-01-01,2022-08-31,26,Miroslaw Mietus
238594,2021,89.34520547945205,25012,PUCZNIEW,PL,+51:47:00,+019:05:00,148, TG7,1951-01-01,2022-08-31,26,Miroslaw Mietus
238630,2017,91.57534246575342,25015,SKIERNIEWICE,PL,+51:58:00,+020:10:00,130, TG7,1951-01-01,2022-08-31,26,Miroslaw Mietus
238630,2018,99.78356164383561,25015,SKIERNIEWICE,PL,+51:58:00,+020:10:00,130, TG7,1951-01-01,2022-08-31,26,Miroslaw Mietus
238630,2019,104.93424657534247,25015,SKIERNIEWICE,PL,+51:58:00,+020:10:00,130, TG7,1951-01-01,2022-08-31,26,Miroslaw Mietus
238630,2020,98.73497267759562,25015,SKIERNIEWICE,PL,+51:58:00,+020:10:00,130, TG7,1951-01-01,2022-08-31,26,Miroslaw Mietus
238630,2021,83.76164383561644,25015,SKIERNIEWICE,PL,+51:58:00,+020:10:00,130, TG7,1951-01-01,2022-08-31,26,Miroslaw Mietus
238666,2017,85.83287671232877,25018,JARCZEW,PL,+51:49:00,+021:59:00,181, TG7,1975-01-01,2022-08-31,26,Miroslaw Mietus
238666,2018,91.76712328767124,25018,JARCZEW,PL,+51:49:00,+021:59:00,181, TG7,1975-01-01,2022-08-31,26,Miroslaw Mietus
238666,2019,97.63835616438357,25018,JARCZEW,PL,+51:49:00,+021:59:00,181, TG7,1975-01-01,2022-08-31,26,Miroslaw Mietus
238666,2020,95.6639344262295,25018,JARCZEW,PL,+51:49:00,+021:59:00,181, TG7,1975-01-01,2022-08-31,26,Miroslaw Mietus
238666,2021,80.7068493150685,25018,JARCZEW,PL,+51:49:00,+021:59:00,181, TG7,1975-01-01,2022-08-31,26,Miroslaw Mietus
238822,2017,95.6109589041096,25031,GORZYN,PL,+52:34:00,+015:54:00,79, TG7,1961-01-01,2022-08-31,26,Miroslaw Mietus
238822,2018,106.97808219178083,25031,GORZYN,PL,+52:34:00,+015:54:00,79, TG7,1961-01-01,2022-08-31,26,Miroslaw Mietus
238822,2019,107.85479452054794,25031,GORZYN,PL,+52:34:00,+015:54:00,79, TG7,1961-01-01,2022-08-31,26,Miroslaw Mietus
238822,2020,107.31147540983606,25031,GORZYN,PL,+52:34:00,+015:54:00,79, TG7,1961-01-01,2022-08-31,26,Miroslaw Mietus
238822,2021,94.78356164383561,25031,GORZYN,PL,+52:34:00,+015:54:00,79, TG7,1961-01-01,2022-08-31,26,Miroslaw Mietus
238906,2017,95.34520547945205,25038,WIELICHOWO,PL,+52:07:00,+016:21:00,72, TG7,1951-01-01,2022-08-31,26,Miroslaw Mietus
238906,2018,103.9972602739726,25038,WIELICHOWO,PL,+52:07:00,+016:21:00,72, TG7,1951-01-01,2022-08-31,26,Miroslaw Mietus
238906,2019,106.30684931506849,25038,WIELICHOWO,PL,+52:07:00,+016:21:00,72, TG7,1951-01-01,2022-08-31,26,Miroslaw Mietus
238906,2020,103.25136612021858,25038,WIELICHOWO,PL,+52:07:00,+016:21:00,72, TG7,1951-01-01,2022-08-31,26,Miroslaw Mietus
238906,2021,91.3013698630137,25038,WIELICHOWO,PL,+52:07:00,+016:21:00,72, TG7,1951-01-01,2022-08-31,26,Miroslaw Mietus
238978,2017,91.26849315068493,25044,KOLUDA WIELKA,PL,+52:44:00,+018:09:00,76, TG7,1951-01-01,2022-08-31,26,Miroslaw Mietus
238978,2018,100.43013698630136,25044,KOLUDA WIELKA,PL,+52:44:00,+018:09:00,76, TG7,1951-01-01,2022-08-31,26,Miroslaw Mietus
238978,2019,103.64109589041095,25044,KOLUDA WIELKA,PL,+52:44:00,+018:09:00,76, TG7,1951-01-01,2022-08-31,26,Miroslaw Mietus
238978,2020,99.13934426229508,25044,KOLUDA WIELKA,PL,+52:44:00,+018:09:00,76, TG7,1951-01-01,2022-08-31,26,Miroslaw Mietus
238978,2021,87.85479452054794,25044,KOLUDA WIELKA,PL,+52:44:00,+018:09:00,76, TG7,1951-01-01,2022-08-31,26,Miroslaw Mietus
239074,2017,91.95890410958904,25052,LEGIONOWO,PL,+52:24:00,+020:58:00,71, TG7,1951-02-06,2022-08-31,26,Miroslaw Mietus
239074,2018,101.33424657534246,25052,LEGIONOWO,PL,+52:24:00,+020:58:00,71, TG7,1951-02-06,2022-08-31,26,Miroslaw Mietus
239074,2019,106.75616438356164,25052,LEGIONOWO,PL,+52:24:00,+020:58:00,71, TG7,1951-02-06,2022-08-31,26,Miroslaw Mietus
239074,2020,103.18852459016394,25052,LEGIONOWO,PL,+52:24:00,+020:58:00,71, TG7,1951-02-06,2022-08-31,26,Miroslaw Mietus
239074,2021,87.81095890410958,25052,LEGIONOWO,PL,+52:24:00,+020:58:00,71, TG7,1951-02-06,2022-08-31,26,Miroslaw Mietus
239086,2017,96.58356164383562,25053,WARSZAWA-BIELANY,PL,+52:17:00,+020:58:00,91, TG7,1951-01-01,2022-08-31,26,Miroslaw Mietus
239086,2017,96.58356164383562,25055,WARSZAWA-BIELANY,PL,+52:17:00,+020:58:00,91, TG7,1951-01-01,2022-08-31,26,Miroslaw Mietus
239086,2018,104.28493150684932,25053,WARSZAWA-BIELANY,PL,+52:17:00,+020:58:00,91, TG7,1951-01-01,2022-08-31,26,Miroslaw Mietus
239086,2018,104.28493150684932,25055,WARSZAWA-BIELANY,PL,+52:17:00,+020:58:00,91, TG7,1951-01-01,2022-08-31,26,Miroslaw Mietus
239086,2019,110.01095890410959,25053,WARSZAWA-BIELANY,PL,+52:17:00,+020:58:00,91, TG7,1951-01-01,2022-08-31,26,Miroslaw Mietus
239086,2019,110.01095890410959,25055,WARSZAWA-BIELANY,PL,+52:17:00,+020:58:00,91, TG7,1951-01-01,2022-08-31,26,Miroslaw Mietus
239086,2020,106.43442622950819,25053,WARSZAWA-BIELANY,PL,+52:17:00,+020:58:00,91, TG7,1951-01-01,2022-08-31,26,Miroslaw Mietus
239086,2020,106.43442622950819,25055,WARSZAWA-BIELANY,PL,+52:17:00,+020:58:00,91, TG7,1951-01-01,2022-08-31,26,Miroslaw Mietus
239086,2021,91.63835616438357,25053,WARSZAWA-BIELANY,PL,+52:17:00,+020:58:00,91, TG7,1951-01-01,2022-08-31,26,Miroslaw Mietus
239086,2021,91.63835616438357,25055,WARSZAWA-BIELANY,PL,+52:17:00,+020:58:00,91, TG7,1951-01-01,2022-08-31,26,Miroslaw Mietus
239098,2017,97.89141414141415,25054,WARSZAWA-FILTRY,PL,+52:13:10,+020:59:57,91, TG7,2004-01-01,2022-08-31,26,Miroslaw Mietus
239098,2017,97.89141414141415,25152,WARSZAWA-FILTRY,PL,+52:13:10,+020:59:57,91, TG7,2004-01-01,2022-08-31,26,Miroslaw Mietus
239098,2018,117.55389221556887,25054,WARSZAWA-FILTRY,PL,+52:13:10,+020:59:57,91, TG7,2004-01-01,2022-08-31,26,Miroslaw Mietus
239098,2018,117.55389221556887,25152,WARSZAWA-FILTRY,PL,+52:13:10,+020:59:57,91, TG7,2004-01-01,2022-08-31,26,Miroslaw Mietus
239098,2019,112.22465753424657,25054,WARSZAWA-FILTRY,PL,+52:13:10,+020:59:57,91, TG7,2004-01-01,2022-08-31,26,Miroslaw Mietus
239098,2019,112.22465753424657,25152,WARSZAWA-FILTRY,PL,+52:13:10,+020:59:57,91, TG7,2004-01-01,2022-08-31,26,Miroslaw Mietus
239098,2020,109.79508196721312,25054,WARSZAWA-FILTRY,PL,+52:13:10,+020:59:57,91, TG7,2004-01-01,2022-08-31,26,Miroslaw Mietus
239098,2020,109.79508196721312,25152,WARSZAWA-FILTRY,PL,+52:13:10,+020:59:57,91, TG7,2004-01-01,2022-08-31,26,Miroslaw Mietus
239098,2021,93.53150684931506,25054,WARSZAWA-FILTRY,PL,+52:13:10,+020:59:57,91, TG7,2004-01-01,2022-08-31,26,Miroslaw Mietus
239098,2021,93.53150684931506,25152,WARSZAWA-FILTRY,PL,+52:13:10,+020:59:57,91, TG7,2004-01-01,2022-08-31,26,Miroslaw Mietus
239170,2017,86.03561643835616,25060,PULTUSK,PL,+52:04:04,+021:00:06,109, TG7,1951-01-01,2022-08-31,26,Miroslaw Mietus
239170,2018,94.41643835616438,25060,PULTUSK,PL,+52:04:04,+021:00:06,109, TG7,1951-01-01,2022-08-31,26,Miroslaw Mietus
239170,2019,98.81369863013698,25060,PULTUSK,PL,+52:04:04,+021:00:06,109, TG7,1951-01-01,2022-08-31,26,Miroslaw Mietus
239170,2020,95.22404371584699,25060,PULTUSK,PL,+52:04:04,+021:00:06,109, TG7,1951-01-01,2022-08-31,26,Miroslaw Mietus
239170,2021,83.4876712328767,25060,PULTUSK,PL,+52:04:04,+021:00:06,109, TG7,1951-01-01,2022-08-31,26,Miroslaw Mietus
239218,2017,79.36712328767123,25064,SZEPIETOWO,PL,+52:51:00,+022:33:00,152, TG7,1951-01-01,2022-08-31,26,Miroslaw Mietus
239218,2018,88.08219178082192,25064,SZEPIETOWO,PL,+52:51:00,+022:33:00,152, TG7,1951-01-01,2022-08-31,26,Miroslaw Mietus
239218,2019,94.97260273972603,25064,SZEPIETOWO,PL,+52:51:00,+022:33:00,152, TG7,1951-01-01,2022-08-31,26,Miroslaw Mietus
239218,2020,94.87158469945355,25064,SZEPIETOWO,PL,+52:51:00,+022:33:00,152, TG7,1951-01-01,2022-08-31,26,Miroslaw Mietus
239218,2021,76.6,25064,SZEPIETOWO,PL,+52:51:00,+022:33:00,152, TG7,1951-01-01,2022-08-31,26,Miroslaw Mietus
239242,2017,77.42465753424658,25066,BIALOWIEZA,PL,+52:42:00,+023:51:00,170, TG7,1951-01-01,2022-08-31,26,Miroslaw Mietus
239242,2018,83.08767123287672,25066,BIALOWIEZA,PL,+52:42:00,+023:51:00,170, TG7,1951-01-01,2022-08-31,26,Miroslaw Mietus
239242,2019,90.18904109589042,25066,BIALOWIEZA,PL,+52:42:00,+023:51:00,170, TG7,1951-01-01,2022-08-31,26,Miroslaw Mietus
239242,2020,90.0358126721763,25066,BIALOWIEZA,PL,+52:42:00,+023:51:00,170, TG7,1951-01-01,2022-08-31,26,Miroslaw Mietus
239242,2021,75.725,25066,BIALOWIEZA,PL,+52:42:00,+023:51:00,170, TG7,1951-01-01,2022-08-31,26,Miroslaw Mietus
239590,2017,76.76712328767124,25095,BIEBRZA-PIENCZYKOWEK,PL,+53:39:00,+022:36:00,128, TG7,1956-01-01,2022-08-31,26,Miroslaw Mietus
239590,2018,82.63835616438357,25095,BIEBRZA-PIENCZYKOWEK,PL,+53:39:00,+022:36:00,128, TG7,1956-01-01,2022-08-31,26,Miroslaw Mietus
239590,2019,87.08767123287672,25095,BIEBRZA-PIENCZYKOWEK,PL,+53:39:00,+022:36:00,128, TG7,1956-01-01,2022-08-31,26,Miroslaw Mietus
239590,2020,87.12295081967213,25095,BIEBRZA-PIENCZYKOWEK,PL,+53:39:00,+022:36:00,128, TG7,1956-01-01,2022-08-31,26,Miroslaw Mietus
239590,2021,70.6986301369863,25095,BIEBRZA-PIENCZYKOWEK,PL,+53:39:00,+022:36:00,128, TG7,1956-01-01,2022-08-31,26,Miroslaw Mietus
239662,2017,77.53698630136986,25101,ROZANYSTOK,PL,+53:38:00,+023:24:00,152, TG7,1961-01-01,2022-08-31,26,Miroslaw Mietus
239662,2018,83.81917808219178,25101,ROZANYSTOK,PL,+53:38:00,+023:24:00,152, TG7,1961-01-01,2022-08-31,26,Miroslaw Mietus
239662,2019,89.13150684931507,25101,ROZANYSTOK,PL,+53:38:00,+023:24:00,152, TG7,1961-01-01,2022-08-31,26,Miroslaw Mietus
239662,2020,90.56284153005464,25101,ROZANYSTOK,PL,+53:38:00,+023:24:00,152, TG7,1961-01-01,2022-08-31,26,Miroslaw Mietus
239662,2021,73.40273972602739,25101,ROZANYSTOK,PL,+53:38:00,+023:24:00,152, TG7,1961-01-01,2022-08-31,26,Miroslaw Mietus
239830,2017,80.01095890410959,25115,GDANSK-REBIECHOWO,PL,+54:23:00,+018:28:00,145, TG7,1991-01-01,2022-08-31,26,Miroslaw Mietus
239830,2017,80.01095890410959,25150,GDANSK-REBIECHOWO,PL,+54:23:00,+018:28:00,145, TG7,1991-01-01,2022-08-31,26,Miroslaw Mietus
239830,2018,88.0931506849315,25115,GDANSK-REBIECHOWO,PL,+54:23:00,+018:28:00,145, TG7,1991-01-01,2022-08-31,26,Miroslaw Mietus
239830,2018,88.0931506849315,25150,GDANSK-REBIECHOWO,PL,+54:23:00,+018:28:00,145, TG7,1991-01-01,2022-08-31,26,Miroslaw Mietus
239830,2019,91.13698630136986,25115,GDANSK-REBIECHOWO,PL,+54:23:00,+018:28:00,145, TG7,1991-01-01,2022-08-31,26,Miroslaw Mietus
239830,2019,91.13698630136986,25150,GDANSK-REBIECHOWO,PL,+54:23:00,+018:28:00,145, TG7,1991-01-01,2022-08-31,26,Miroslaw Mietus
239830,2020,92.37978142076503,25115,GDANSK-REBIECHOWO,PL,+54:23:00,+018:28:00,145, TG7,1991-01-01,2022-08-31,26,Miroslaw Mietus
239830,2020,92.37978142076503,25150,GDANSK-REBIECHOWO,PL,+54:23:00,+018:28:00,145, TG7,1991-01-01,2022-08-31,26,Miroslaw Mietus
239830,2021,80.2986301369863,25115,GDANSK-REBIECHOWO,PL,+54:23:00,+018:28:00,145, TG7,1991-01-01,2022-08-31,26,Miroslaw Mietus
239830,2021,80.2986301369863,25150,GDANSK-REBIECHOWO,PL,+54:23:00,+018:28:00,145, TG7,1991-01-01,2022-08-31,26,Miroslaw Mietus
239842,2017,88.02465753424657,25116,GDANSK-SWIBNO,PL,+54:20:00,+018:56:00,0, TG7,1951-01-01,2022-09-30,26,Miroslaw Mietus
239842,2018,96.71780821917808,25116,GDANSK-SWIBNO,PL,+54:20:00,+018:56:00,0, TG7,1951-01-01,2022-09-30,26,Miroslaw Mietus
239842,2019,99.67945205479452,25116,GDANSK-SWIBNO,PL,+54:20:00,+018:56:00,0, TG7,1951-01-01,2022-09-30,26,Miroslaw Mietus
239842,2020,99.77868852459017,25116,GDANSK-SWIBNO,PL,+54:20:00,+018:56:00,0, TG7,1951-01-01,2022-09-30,26,Miroslaw Mietus
239842,2021,87.47123287671234,25116,GDANSK-SWIBNO,PL,+54:20:00,+018:56:00,0, TG7,1951-01-01,2022-09-30,26,Miroslaw Mietus
239914,2017,82.54246575342465,25122,LIDZBARK WARMINSKI,PL,+54:08:00,+020:36:00,99, TG7,1951-01-02,2022-08-31,26,Miroslaw Mietus
239914,2018,88.96438356164384,25122,LIDZBARK WARMINSKI,PL,+54:08:00,+020:36:00,99, TG7,1951-01-02,2022-08-31,26,Miroslaw Mietus
239914,2019,91.22739726027397,25122,LIDZBARK WARMINSKI,PL,+54:08:00,+020:36:00,99, TG7,1951-01-02,2022-08-31,26,Miroslaw Mietus
239914,2020,92.07103825136612,25122,LIDZBARK WARMINSKI,PL,+54:08:00,+020:36:00,99, TG7,1951-01-02,2022-08-31,26,Miroslaw Mietus
239914,2021,78.52602739726028,25122,LIDZBARK WARMINSKI,PL,+54:08:00,+020:36:00,99, TG7,1951-01-02,2022-08-31,26,Miroslaw Mietus
239950,2017,77.0027397260274,25125,OLECKO,PL,+54:03:00,+022:29:00,173, TG7,1961-01-01,2022-08-31,26,Miroslaw Mietus
239950,2018,86.40821917808219,25125,OLECKO,PL,+54:03:00,+022:29:00,173, TG7,1961-01-01,2022-08-31,26,Miroslaw Mietus
239950,2019,90.7095890410959,25125,OLECKO,PL,+54:03:00,+022:29:00,173, TG7,1961-01-01,2022-08-31,26,Miroslaw Mietus
239950,2020,90.81967213114754,25125,OLECKO,PL,+54:03:00,+022:29:00,173, TG7,1961-01-01,2022-08-31,26,Miroslaw Mietus
239950,2021,73.22739726027397,25125,OLECKO,PL,+54:03:00,+022:29:00,173, TG7,1961-01-01,2022-08-31,26,Miroslaw Mietus
239962,2017,1.978082191780822,25126,KASPROWY WIERCH,PL,+49:13:57,+019:58:55,1348, TG7,1951-01-01,2022-09-30,26,Miroslaw Mietus
239962,2018,13.112328767123287,25126,KASPROWY WIERCH,PL,+49:13:57,+019:58:55,1348, TG7,1951-01-01,2022-09-30,26,Miroslaw Mietus
239962,2019,12.126027397260273,25126,KASPROWY WIERCH,PL,+49:13:57,+019:58:55,1348, TG7,1951-01-01,2022-09-30,26,Miroslaw Mietus
239962,2020,13.524590163934427,25126,KASPROWY WIERCH,PL,+49:13:57,+019:58:55,1348, TG7,1951-01-01,2022-09-30,26,Miroslaw Mietus
239962,2021,-1.3232876712328767,25126,KASPROWY WIERCH,PL,+49:13:57,+019:58:55,1348, TG7,1951-01-01,2022-09-30,26,Miroslaw Mietus
239986,2017,83.98076923076923,25128,JELENIA GORA,PL,+50:54:01,+015:47:20,427, TG7,1951-01-01,2022-09-30,26,Miroslaw Mietus
239986,2018,93.62465753424658,25128,JELENIA GORA,PL,+50:54:01,+015:47:20,427, TG7,1951-01-01,2022-09-30,26,Miroslaw Mietus
239986,2019,94.61917808219178,25128,JELENIA GORA,PL,+50:54:01,+015:47:20,427, TG7,1951-01-01,2022-09-30,26,Miroslaw Mietus
239986,2020,89.39890710382514,25128,JELENIA GORA,PL,+50:54:01,+015:47:20,427, TG7,1951-01-01,2022-09-30,26,Miroslaw Mietus
239986,2021,79.12876712328767,25128,JELENIA GORA,PL,+50:54:01,+015:47:20,427, TG7,1951-01-01,2022-09-30,26,Miroslaw Mietus
239998,2017,14.397260273972602,24932,SNIEZKA,PL,+50:44:10,+015:44:22,958, TG7,1951-01-01,2022-09-30,26,Miroslaw Mietus
239998,2017,14.397260273972602,25129,SNIEZKA,PL,+50:44:10,+015:44:22,958, TG7,1951-01-01,2022-09-30,26,Miroslaw Mietus
239998,2018,22.542465753424658,24932,SNIEZKA,PL,+50:44:10,+015:44:22,958, TG7,1951-01-01,2022-09-30,26,Miroslaw Mietus
239998,2018,22.542465753424658,25129,SNIEZKA,PL,+50:44:10,+015:44:22,958, TG7,1951-01-01,2022-09-30,26,Miroslaw Mietus
239998,2019,23.04931506849315,24932,SNIEZKA,PL,+50:44:10,+015:44:22,958, TG7,1951-01-01,2022-09-30,26,Miroslaw Mietus
239998,2019,23.04931506849315,25129,SNIEZKA,PL,+50:44:10,+015:44:22,958, TG7,1951-01-01,2022-09-30,26,Miroslaw Mietus
239998,2020,22.7103825136612,24932,SNIEZKA,PL,+50:44:10,+015:44:22,958, TG7,1951-01-01,2022-09-30,26,Miroslaw Mietus
239998,2020,22.7103825136612,25129,SNIEZKA,PL,+50:44:10,+015:44:22,958, TG7,1951-01-01,2022-09-30,26,Miroslaw Mietus
239998,2021,9.405479452054795,24932,SNIEZKA,PL,+50:44:10,+015:44:22,958, TG7,1951-01-01,2022-09-30,26,Miroslaw Mietus
239998,2021,9.405479452054795,25129,SNIEZKA,PL,+50:44:10,+015:44:22,958, TG7,1951-01-01,2022-09-30,26,Miroslaw Mietus
240010,2017,98.55342465753425,25130,OPOLE,PL,+50:37:37,+017:58:08,163, TG7,1951-01-01,2022-09-30,26,Miroslaw Mietus
240010,2018,110.32602739726028,25130,OPOLE,PL,+50:37:37,+017:58:08,163, TG7,1951-01-01,2022-09-30,26,Miroslaw Mietus
240010,2019,112.18630136986302,25130,OPOLE,PL,+50:37:37,+017:58:08,163, TG7,1951-01-01,2022-09-30,26,Miroslaw Mietus
240010,2020,106.10928961748634,25130,OPOLE,PL,+50:37:37,+017:58:08,163, TG7,1951-01-01,2022-09-30,26,Miroslaw Mietus
240010,2021,95.53698630136986,25130,OPOLE,PL,+50:37:37,+017:58:08,163, TG7,1951-01-01,2022-09-30,26,Miroslaw Mietus
240022,2017,90.41917808219178,25131,CZOSTOCHOWA,PL,+50:48:45,+019:05:33,266, TG7,1951-01-01,2022-09-30,26,Miroslaw Mietus
240022,2018,101.03333333333333,25131,CZOSTOCHOWA,PL,+50:48:45,+019:05:33,266, TG7,1951-01-01,2022-09-30,26,Miroslaw Mietus
240022,2019,105.13150684931507,25131,CZOSTOCHOWA,PL,+50:48:45,+019:05:33,266, TG7,1951-01-01,2022-09-30,26,Miroslaw Mietus
240022,2020,99.6584699453552,25131,CZOSTOCHOWA,PL,+50:48:45,+019:05:33,266, TG7,1951-01-01,2022-09-30,26,Miroslaw Mietus
240022,2021,87.4931506849315,25131,CZOSTOCHOWA,PL,+50:48:45,+019:05:33,266, TG7,1951-01-01,2022-09-30,26,Miroslaw Mietus
240034,2017,92.43561643835616,2037,KATOWICE-MUCHOWIEC,PL,+50:14:26,+019:01:58,281, TG7,1951-01-01,2022-09-30,26,Miroslaw Mietus
240034,2017,92.43561643835616,25132,KATOWICE-MUCHOWIEC,PL,+50:14:26,+019:01:58,281, TG7,1951-01-01,2022-09-30,26,Miroslaw Mietus
240034,2018,102.18904109589042,2037,KATOWICE-MUCHOWIEC,PL,+50:14:26,+019:01:58,281, TG7,1951-01-01,2022-09-30,26,Miroslaw Mietus
240034,2018,102.18904109589042,25132,KATOWICE-MUCHOWIEC,PL,+50:14:26,+019:01:58,281, TG7,1951-01-01,2022-09-30,26,Miroslaw Mietus
240034,2019,104.40547945205479,2037,KATOWICE-MUCHOWIEC,PL,+50:14:26,+019:01:58,281, TG7,1951-01-01,2022-09-30,26,Miroslaw Mietus
240034,2019,104.40547945205479,25132,KATOWICE-MUCHOWIEC,PL,+50:14:26,+019:01:58,281, TG7,1951-01-01,2022-09-30,26,Miroslaw Mietus
240034,2020,98.86065573770492,2037,KATOWICE-MUCHOWIEC,PL,+50:14:26,+019:01:58,281, TG7,1951-01-01,2022-09-30,26,Miroslaw Mietus
240034,2020,98.86065573770492,25132,KATOWICE-MUCHOWIEC,PL,+50:14:26,+019:01:58,281, TG7,1951-01-01,2022-09-30,26,Miroslaw Mietus
240034,2021,88.84383561643835,2037,KATOWICE-MUCHOWIEC,PL,+50:14:26,+019:01:58,281, TG7,1951-01-01,2022-09-30,26,Miroslaw Mietus
240034,2021,88.84383561643835,25132,KATOWICE-MUCHOWIEC,PL,+50:14:26,+019:01:58,281, TG7,1951-01-01,2022-09-30,26,Miroslaw Mietus
240046,2017,91.18904109589042,929,KRAKOW-BALICE,PL,+50:04:49,+019:48:07,234, TG7,1951-01-01,2022-09-30,26,Miroslaw Mietus
240046,2017,91.18904109589042,25133,KRAKOW-BALICE,PL,+50:04:49,+019:48:07,234, TG7,1951-01-01,2022-09-30,26,Miroslaw Mietus
240046,2018,101.2931506849315,929,KRAKOW-BALICE,PL,+50:04:49,+019:48:07,234, TG7,1951-01-01,2022-09-30,26,Miroslaw Mietus
240046,2018,101.2931506849315,25133,KRAKOW-BALICE,PL,+50:04:49,+019:48:07,234, TG7,1951-01-01,2022-09-30,26,Miroslaw Mietus
240046,2019,104.61643835616438,929,KRAKOW-BALICE,PL,+50:04:49,+019:48:07,234, TG7,1951-01-01,2022-09-30,26,Miroslaw Mietus
240046,2019,104.61643835616438,25133,KRAKOW-BALICE,PL,+50:04:49,+019:48:07,234, TG7,1951-01-01,2022-09-30,26,Miroslaw Mietus
240046,2020,99.54098360655738,929,KRAKOW-BALICE,PL,+50:04:49,+019:48:07,234, TG7,1951-01-01,2022-09-30,26,Miroslaw Mietus
240046,2020,99.54098360655738,25133,KRAKOW-BALICE,PL,+50:04:49,+019:48:07,234, TG7,1951-01-01,2022-09-30,26,Miroslaw Mietus
240046,2021,89.3013698630137,929,KRAKOW-BALICE,PL,+50:04:49,+019:48:07,234, TG7,1951-01-01,2022-09-30,26,Miroslaw Mietus
240046,2021,89.3013698630137,25133,KRAKOW-BALICE,PL,+50:04:49,+019:48:07,234, TG7,1951-01-01,2022-09-30,26,Miroslaw Mietus
240058,2017,96.46849315068494,25134,TARNOW,PL,+50:01:48,+020:59:04,207, TG7,1951-01-01,2022-09-30,26,Miroslaw Mietus
240058,2018,105.775,25134,TARNOW,PL,+50:01:48,+020:59:04,207, TG7,1951-01-01,2022-09-30,26,Miroslaw Mietus
240058,2019,110.62465753424658,25134,TARNOW,PL,+50:01:48,+020:59:04,207, TG7,1951-01-01,2022-09-30,26,Miroslaw Mietus
240058,2020,104.86065573770492,25134,TARNOW,PL,+50:01:48,+020:59:04,207, TG7,1951-01-01,2022-09-30,26,Miroslaw Mietus
240058,2021,93.72328767123288,25134,TARNOW,PL,+50:01:48,+020:59:04,207, TG7,1951-01-01,2022-09-30,26,Miroslaw Mietus
240070,2017,91.17728531855956,25135,SANDOMIERZ,PL,+50:41:48,+021:42:57,143, TG7,1951-01-01,2022-09-30,26,Miroslaw Mietus
240070,2018,99.98351648351648,25135,SANDOMIERZ,PL,+50:41:48,+021:42:57,143, TG7,1951-01-01,2022-09-30,26,Miroslaw Mietus
240070,2019,104.14835164835165,25135,SANDOMIERZ,PL,+50:41:48,+021:42:57,143, TG7,1951-01-01,2022-09-30,26,Miroslaw Mietus
240070,2020,99.6986301369863,25135,SANDOMIERZ,PL,+50:41:48,+021:42:57,143, TG7,1951-01-01,2022-09-30,26,Miroslaw Mietus
240070,2021,86.67217630853995,25135,SANDOMIERZ,PL,+50:41:48,+021:42:57,143, TG7,1951-01-01,2022-09-30,26,Miroslaw Mietus
240082,2017,87.92817679558011,25136,ZAMOSC,PL,+50:41:52,+023:12:23,258, TG7,1951-01-01,2022-09-30,26,Miroslaw Mietus
240082,2018,92.54246575342465,25136,ZAMOSC,PL,+50:41:52,+023:12:23,258, TG7,1951-01-01,2022-09-30,26,Miroslaw Mietus
240082,2019,99.6054794520548,25136,ZAMOSC,PL,+50:41:52,+023:12:23,258, TG7,1951-01-01,2022-09-30,26,Miroslaw Mietus
240082,2020,96.45901639344262,25136,ZAMOSC,PL,+50:41:52,+023:12:23,258, TG7,1951-01-01,2022-09-30,26,Miroslaw Mietus
240082,2021,81.84931506849315,25136,ZAMOSC,PL,+50:41:52,+023:12:23,258, TG7,1951-01-01,2022-09-30,26,Miroslaw Mietus
240106,2017,100.45479452054795,25138,LEGNICA,PL,+51:11:33,+016:12:27,134, TG7,1951-01-01,2022-09-30,26,Miroslaw Mietus
240106,2018,109.45753424657535,25138,LEGNICA,PL,+51:11:33,+016:12:27,134, TG7,1951-01-01,2022-09-30,26,Miroslaw Mietus
240106,2019,111.74246575342465,25138,LEGNICA,PL,+51:11:33,+016:12:27,134, TG7,1951-01-01,2022-09-30,26,Miroslaw Mietus
240106,2020,108.48087431693989,25138,LEGNICA,PL,+51:11:33,+016:12:27,134, TG7,1951-01-01,2022-09-30,26,Miroslaw Mietus
240106,2021,96.75342465753425,25138,LEGNICA,PL,+51:11:33,+016:12:27,134, TG7,1951-01-01,2022-09-30,26,Miroslaw Mietus
240118,2017,84.98356164383561,25139,LUBLIN-RADAWIEC,PL,+51:13:01,+022:23:37,228, TG7,1951-01-01,2022-09-30,26,Miroslaw Mietus
240118,2018,93.88767123287671,25139,LUBLIN-RADAWIEC,PL,+51:13:01,+022:23:37,228, TG7,1951-01-01,2022-09-30,26,Miroslaw Mietus
240118,2019,98.67123287671232,25139,LUBLIN-RADAWIEC,PL,+51:13:01,+022:23:37,228, TG7,1951-01-01,2022-09-30,26,Miroslaw Mietus
240118,2020,95.74246575342465,25139,LUBLIN-RADAWIEC,PL,+51:13:01,+022:23:37,228, TG7,1951-01-01,2022-09-30,26,Miroslaw Mietus
240118,2021,81.44931506849315,25139,LUBLIN-RADAWIEC,PL,+51:13:01,+022:23:37,228, TG7,1951-01-01,2022-09-30,26,Miroslaw Mietus
240130,2017,94.0,25140,KOLO,PL,+52:12:01,+018:39:41,113, TG7,1951-01-01,2020-12-31,26,Miroslaw Mietus
240130,2018,102.68926553672317,25140,KOLO,PL,+52:12:01,+018:39:41,113, TG7,1951-01-01,2020-12-31,26,Miroslaw Mietus
240130,2019,106.85205479452055,25140,KOLO,PL,+52:12:01,+018:39:41,113, TG7,1951-01-01,2020-12-31,26,Miroslaw Mietus
240130,2020,103.14404432132964,25140,KOLO,PL,+52:12:01,+018:39:41,113, TG7,1951-01-01,2020-12-31,26,Miroslaw Mietus
240142,2017,90.633608815427,25141,PLOCK,PL,+52:35:18,+019:43:33,87, TG7,1951-01-01,2022-09-30,26,Miroslaw Mietus
240142,2018,99.91758241758242,25141,PLOCK,PL,+52:35:18,+019:43:33,87, TG7,1951-01-01,2022-09-30,26,Miroslaw Mietus
240142,2019,103.16986301369863,25141,PLOCK,PL,+52:35:18,+019:43:33,87, TG7,1951-01-01,2022-09-30,26,Miroslaw Mietus
240142,2020,99.99453551912568,25141,PLOCK,PL,+52:35:18,+019:43:33,87, TG7,1951-01-01,2022-09-30,26,Miroslaw Mietus
240142,2021,86.20821917808219,25141,PLOCK,PL,+52:35:18,+019:43:33,87, TG7,1951-01-01,2022-09-30,26,Miroslaw Mietus
240154,2018,49.56578947368421,25142,RESKO-SMOLSKO,PL,+53:46:18,+015:24:53,66, TG7,1951-01-01,2022-09-30,26,Miroslaw Mietus
240154,2019,97.85470085470085,25142,RESKO-SMOLSKO,PL,+53:46:18,+015:24:53,66, TG7,1951-01-01,2022-09-30,26,Miroslaw Mietus
240154,2020,100.73611111111111,25142,RESKO-SMOLSKO,PL,+53:46:18,+015:24:53,66, TG7,1951-01-01,2022-09-30,26,Miroslaw Mietus
240154,2021,88.60606060606061,25142,RESKO-SMOLSKO,PL,+53:46:18,+015:24:53,66, TG7,1951-01-01,2022-09-30,26,Miroslaw Mietus
240190,2017,83.08767123287672,25145,MIKOLAJKI,PL,+53:47:22,+021:35:19,144, TG7,1952-01-01,2022-09-30,26,Miroslaw Mietus
240190,2018,90.32876712328768,25145,MIKOLAJKI,PL,+53:47:22,+021:35:19,144, TG7,1952-01-01,2022-09-30,26,Miroslaw Mietus
240190,2019,95.9041095890411,25145,MIKOLAJKI,PL,+53:47:22,+021:35:19,144, TG7,1952-01-01,2022-09-30,26,Miroslaw Mietus
240190,2020,96.26229508196721,25145,MIKOLAJKI,PL,+53:47:22,+021:35:19,144, TG7,1952-01-01,2022-09-30,26,Miroslaw Mietus
240190,2021,79.97808219178083,25145,MIKOLAJKI,PL,+53:47:22,+021:35:19,144, TG7,1952-01-01,2022-09-30,26,Miroslaw Mietus
240214,2017,94.94794520547946,25147,KOLOBRZEG-DZWIRZYNO,PL,+54:09:30,+015:23:20,1, TG7,1951-01-01,2022-09-30,26,Miroslaw Mietus
240214,2018,96.12602739726027,25147,KOLOBRZEG-DZWIRZYNO,PL,+54:09:30,+015:23:20,1, TG7,1951-01-01,2022-09-30,26,Miroslaw Mietus
240214,2019,102.88493150684931,25147,KOLOBRZEG-DZWIRZYNO,PL,+54:09:30,+015:23:20,1, TG7,1951-01-01,2022-09-30,26,Miroslaw Mietus
240214,2020,101.68306010928961,25147,KOLOBRZEG-DZWIRZYNO,PL,+54:09:30,+015:23:20,1, TG7,1951-01-01,2022-09-30,26,Miroslaw Mietus
240214,2021,93.78356164383561,25147,KOLOBRZEG-DZWIRZYNO,PL,+54:09:30,+015:23:20,1, TG7,1951-01-01,2022-09-30,26,Miroslaw Mietus
240226,2017,92.42191780821918,25148,USTKA,PL,+54:35:18,+016:51:15,18, TG7,1951-01-01,2022-09-30,26,Miroslaw Mietus
240226,2018,96.12328767123287,25148,USTKA,PL,+54:35:18,+016:51:15,18, TG7,1951-01-01,2022-09-30,26,Miroslaw Mietus
240226,2019,102.32876712328768,25148,USTKA,PL,+54:35:18,+016:51:15,18, TG7,1951-01-01,2022-09-30,26,Miroslaw Mietus
240226,2020,101.8415300546448,25148,USTKA,PL,+54:35:18,+016:51:15,18, TG7,1951-01-01,2022-09-30,26,Miroslaw Mietus
240226,2021,93.22465753424657,25148,USTKA,PL,+54:35:18,+016:51:15,18, TG7,1951-01-01,2022-09-30,26,Miroslaw Mietus
240238,2017,89.87671232876713,25149,LEBORK,PL,+54:33:11,+017:43:25,45, TG7,1951-01-01,2022-09-30,26,Miroslaw Mietus
240238,2018,98.3157894736842,25149,LEBORK,PL,+54:33:11,+017:43:25,45, TG7,1951-01-01,2022-09-30,26,Miroslaw Mietus
240238,2019,100.61643835616438,25149,LEBORK,PL,+54:33:11,+017:43:25,45, TG7,1951-01-01,2022-09-30,26,Miroslaw Mietus
240238,2020,100.36338797814207,25149,LEBORK,PL,+54:33:11,+017:43:25,45, TG7,1951-01-01,2022-09-30,26,Miroslaw Mietus
240238,2021,87.8448753462604,25149,LEBORK,PL,+54:33:11,+017:43:25,45, TG7,1951-01-01,2022-09-30,26,Miroslaw Mietus
240262,2017,77.35890410958905,25151,ELBLAG-MILEJEWO,PL,+54:13:23,+019:32:37,151, TG7,1951-01-01,2022-09-30,26,Miroslaw Mietus
240262,2018,88.0054794520548,25151,ELBLAG-MILEJEWO,PL,+54:13:23,+019:32:37,151, TG7,1951-01-01,2022-09-30,26,Miroslaw Mietus
240262,2019,89.33972602739726,25151,ELBLAG-MILEJEWO,PL,+54:13:23,+019:32:37,151, TG7,1951-01-01,2022-09-30,26,Miroslaw Mietus
240262,2020,90.5,25151,ELBLAG-MILEJEWO,PL,+54:13:23,+019:32:37,151, TG7,1951-01-01,2022-09-30,26,Miroslaw Mietus
240262,2021,77.2027397260274,25151,ELBLAG-MILEJEWO,PL,+54:13:23,+019:32:37,151, TG7,1951-01-01,2022-09-30,26,Miroslaw Mietus
240274,2017,91.88622754491018,25054,WARSZAWA-OBSERWATORIUM II,PL,+52:13:00,+021:02:00,110, TG7,2000-11-01,2022-08-31,26,Miroslaw Mietus
240274,2017,91.88622754491018,25152,WARSZAWA-OBSERWATORIUM II,PL,+52:13:00,+021:02:00,110, TG7,2000-11-01,2022-08-31,26,Miroslaw Mietus
240274,2018,92.84343434343434,25054,WARSZAWA-OBSERWATORIUM II,PL,+52:13:00,+021:02:00,110, TG7,2000-11-01,2022-08-31,26,Miroslaw Mietus
240274,2018,92.84343434343434,25152,WARSZAWA-OBSERWATORIUM II,PL,+52:13:00,+021:02:00,110, TG7,2000-11-01,2022-08-31,26,Miroslaw Mietus
240274,2019,105.16712328767123,25054,WARSZAWA-OBSERWATORIUM II,PL,+52:13:00,+021:02:00,110, TG7,2000-11-01,2022-08-31,26,Miroslaw Mietus
240274,2019,105.16712328767123,25152,WARSZAWA-OBSERWATORIUM II,PL,+52:13:00,+021:02:00,110, TG7,2000-11-01,2022-08-31,26,Miroslaw Mietus
240274,2020,102.7568306010929,25054,WARSZAWA-OBSERWATORIUM II,PL,+52:13:00,+021:02:00,110, TG7,2000-11-01,2022-08-31,26,Miroslaw Mietus
240274,2020,102.7568306010929,25152,WARSZAWA-OBSERWATORIUM II,PL,+52:13:00,+021:02:00,110, TG7,2000-11-01,2022-08-31,26,Miroslaw Mietus
240274,2021,87.25479452054795,25054,WARSZAWA-OBSERWATORIUM II,PL,+52:13:00,+021:02:00,110, TG7,2000-11-01,2022-08-31,26,Miroslaw Mietus
240274,2021,87.25479452054795,25152,WARSZAWA-OBSERWATORIUM II,PL,+52:13:00,+021:02:00,110, TG7,2000-11-01,2022-08-31,26,Miroslaw Mietus
240345,2017,90.08219178082192,25076,PILA,PL,+53:07:48,+016:45:00,72, TG7,1970-10-13,2022-09-30,26,Miroslaw Mietus
240345,2017,90.08219178082192,8943,PILA,PL,+53:07:48,+016:45:00,72, TG7,1970-10-13,2022-09-30,26,Miroslaw Mietus
240345,2018,100.69589041095891,25076,PILA,PL,+53:07:48,+016:45:00,72, TG7,1970-10-13,2022-09-30,26,Miroslaw Mietus
240345,2018,100.69589041095891,8943,PILA,PL,+53:07:48,+016:45:00,72, TG7,1970-10-13,2022-09-30,26,Miroslaw Mietus
240345,2019,104.23835616438356,25076,PILA,PL,+53:07:48,+016:45:00,72, TG7,1970-10-13,2022-09-30,26,Miroslaw Mietus
240345,2019,104.23835616438356,8943,PILA,PL,+53:07:48,+016:45:00,72, TG7,1970-10-13,2022-09-30,26,Miroslaw Mietus
240345,2020,101.00819672131148,25076,PILA,PL,+53:07:48,+016:45:00,72, TG7,1970-10-13,2022-09-30,26,Miroslaw Mietus
240345,2020,101.00819672131148,8943,PILA,PL,+53:07:48,+016:45:00,72, TG7,1970-10-13,2022-09-30,26,Miroslaw Mietus
240345,2021,88.6082191780822,25076,PILA,PL,+53:07:48,+016:45:00,72, TG7,1970-10-13,2022-09-30,26,Miroslaw Mietus
240345,2021,88.6082191780822,8943,PILA,PL,+53:07:48,+016:45:00,72, TG7,1970-10-13,2022-09-30,26,Miroslaw Mietus
240357,2017,83.29945054945055,2023,KETRZYN,PL,+54:04:12,+021:22:12,108, TG7,1966-01-01,2022-09-30,26,Miroslaw Mietus
240357,2018,90.83561643835617,2023,KETRZYN,PL,+54:04:12,+021:22:12,108, TG7,1966-01-01,2022-09-30,26,Miroslaw Mietus
240357,2019,95.23287671232876,2023,KETRZYN,PL,+54:04:12,+021:22:12,108, TG7,1966-01-01,2022-09-30,26,Miroslaw Mietus
240357,2020,95.80601092896175,2023,KETRZYN,PL,+54:04:12,+021:22:12,108, TG7,1966-01-01,2022-09-30,26,Miroslaw Mietus
240357,2021,79.55890410958904,2023,KETRZYN,PL,+54:04:12,+021:22:12,108, TG7,1966-01-01,2022-09-30,26,Miroslaw Mietus
240389,2017,91.82465753424657,8959,KOZIENCE,PL,+51:33:53,+021:32:34,123, TG7,1977-01-01,2022-09-30,26,Miroslaw Mietus
240389,2018,97.53424657534246,8959,KOZIENCE,PL,+51:33:53,+021:32:34,123, TG7,1977-01-01,2022-09-30,26,Miroslaw Mietus
240389,2019,103.9972602739726,8959,KOZIENCE,PL,+51:33:53,+021:32:34,123, TG7,1977-01-01,2022-09-30,26,Miroslaw Mietus
240389,2020,100.19945355191257,8959,KOZIENCE,PL,+51:33:53,+021:32:34,123, TG7,1977-01-01,2022-09-30,26,Miroslaw Mietus
240389,2021,85.66027397260274,8959,KOZIENCE,PL,+51:33:53,+021:32:34,123, TG7,1977-01-01,2022-09-30,26,Miroslaw Mietus
240499,2017,78.30958904109589,9161,KROSCIENKO,PL,+49:27:00,+020:25:48,452, TG7,1957-01-27,2022-08-31,26,Miroslaw Mietus
240499,2018,85.64383561643835,9161,KROSCIENKO,PL,+49:27:00,+020:25:48,452, TG7,1957-01-27,2022-08-31,26,Miroslaw Mietus
240499,2019,88.61917808219178,9161,KROSCIENKO,PL,+49:27:00,+020:25:48,452, TG7,1957-01-27,2022-08-31,26,Miroslaw Mietus
240499,2020,84.63934426229508,9161,KROSCIENKO,PL,+49:27:00,+020:25:48,452, TG7,1957-01-27,2022-08-31,26,Miroslaw Mietus
240499,2021,75.45205479452055,9161,KROSCIENKO,PL,+49:27:00,+020:25:48,452, TG7,1957-01-27,2022-08-31,26,Miroslaw Mietus
240519,2017,95.05753424657534,2032,KALISZ,PL,+51:43:48,+018:04:48,140, TG7,1951-01-01,2022-09-30,26,Miroslaw Mietus
240519,2018,106.66027397260274,2032,KALISZ,PL,+51:43:48,+018:04:48,140, TG7,1951-01-01,2022-09-30,26,Miroslaw Mietus
240519,2019,108.93972602739726,2032,KALISZ,PL,+51:43:48,+018:04:48,140, TG7,1951-01-01,2022-09-30,26,Miroslaw Mietus
240519,2020,104.72404371584699,2032,KALISZ,PL,+51:43:48,+018:04:48,140, TG7,1951-01-01,2022-09-30,26,Miroslaw Mietus
240519,2021,92.3890410958904,2032,KALISZ,PL,+51:43:48,+018:04:48,140, TG7,1951-01-01,2022-09-30,26,Miroslaw Mietus
912125,2018,29.75,25149,LEBORK,PL,+54:33:00,+017:45:00,41, TG5,1982-01-13,2020-02-29,,
912125,2021,224.0,25149,LEBORK,PL,+54:33:00,+017:45:00,41, TG5,1982-01-13,2020-02-29,,
912185,2017,52.0,2023,KETRZYN,PL,+54:04:00,+021:22:00,110, TG5,1982-01-14,2020-02-29,,
912195,2017,77.17808219178082,2024,SUWALKI,PL,+54:08:00,+022:57:00,186, TG5,1982-01-14,2020-02-29,,
912195,2018,84.21369863013699,2024,SUWALKI,PL,+54:08:00,+022:57:00,186, TG5,1982-01-14,2020-02-29,,
912195,2019,89.47945205479452,2024,SUWALKI,PL,+54:08:00,+022:57:00,186, TG5,1982-01-14,2020-02-29,,
912195,2020,91.34520547945205,2024,SUWALKI,PL,+54:08:00,+022:57:00,186, TG5,1982-01-14,2020-02-29,,
912195,2021,72.97808219178083,2024,SUWALKI,PL,+54:08:00,+022:57:00,186, TG5,1982-01-14,2020-02-29,,
912200,2017,-20.0,696,SWINOUJSCIE,PL,+53:55:00,+014:14:00,5, TG5,1982-01-13,2020-02-29,,
912200,2018,138.66666666666666,696,SWINOUJSCIE,PL,+53:55:00,+014:14:00,5, TG5,1982-01-13,2020-02-29,,
912210,2017,97.81593406593407,25142,RESKO,PL,+53:46:00,+015:25:00,56, TG5,1982-01-13,2020-02-29,,
912210,2018,112.18959107806691,25142,RESKO,PL,+53:46:00,+015:25:00,56, TG5,1982-01-13,2020-02-29,,
912210,2019,210.5,25142,RESKO,PL,+53:46:00,+015:25:00,56, TG5,1982-01-13,2020-02-29,,
912210,2020,117.66666666666667,25142,RESKO,PL,+53:46:00,+015:25:00,56, TG5,1982-01-13,2020-02-29,,
912210,2021,115.5,25142,RESKO,PL,+53:46:00,+015:25:00,56, TG5,1982-01-13,2020-02-29,,
912360,2017,105.0,25141,PLOCK,PL,+52:35:00,+019:44:00,109, TG5,1982-01-14,2020-02-29,,
912360,2018,182.0,25141,PLOCK,PL,+52:35:00,+019:44:00,109, TG5,1982-01-14,2020-02-29,,
912495,2020,50.0,25139,LUBLIN RADAWIEC,PL,+51:13:00,+022:24:00,240, TG5,1982-01-14,2020-02-29,,
912575,2018,162.75,25134,TARNOW,PL,+50:02:00,+020:59:00,209, TG5,1982-01-14,2020-02-29,,
912660,2017,228.0,932,NOWY SACZ,PL,+49:37:00,+020:42:00,295, TG5,1982-01-13,2020-02-29,,
912660,2017,228.0,24909,NOWY SACZ,PL,+49:37:00,+020:42:00,295, TG5,1982-01-13,2020-02-29,,
912660,2018,215.5,932,NOWY SACZ,PL,+49:37:00,+020:42:00,295, TG5,1982-01-13,2020-02-29,,
912660,2018,215.5,24909,NOWY SACZ,PL,+49:37:00,+020:42:00,295, TG5,1982-01-13,2020-02-29,,
