SOUID,DATE,HU,STAID,SOUNAME,CN,LAT,LON,HGHT,ELEI,BEGIN,END,PARID,PARNAME
237121,2017,78.27123287671233,24889,LIMANOWA,PL,+49:41:00,+020:26:00,587, HU2,1952-01-01,2022-08-31,26,Miroslaw Mietus
237121,2018,76.86849315068493,24889,LIMANOWA,PL,+49:41:00,+020:26:00,587, HU2,1952-01-01,2022-08-31,26,Miroslaw Mietus
237121,2019,74.1972602739726,24889,LIMANOWA,PL,+49:41:00,+020:26:00,587, HU2,1952-01-01,2022-08-31,26,Miroslaw Mietus
237121,2020,74.51092896174863,24889,LIMANOWA,PL,+49:41:00,+020:26:00,587, HU2,1952-01-01,2022-08-31,26,Miroslaw Mietus
237121,2021,76.72602739726027,24889,LIMANOWA,PL,+49:41:00,+020:26:00,587, HU2,1952-01-01,2022-08-31,26,Miroslaw Mietus
237205,2017,83.85205479452055,24896,KRYNICA,PL,+49:25:00,+020:58:00,702, HU2,1961-01-01,2022-08-31,26,Miroslaw Mietus
237205,2017,83.85205479452055,24907,KRYNICA,PL,+49:25:00,+020:58:00,702, HU2,1961-01-01,2022-08-31,26,Miroslaw Mietus
237205,2018,82.37808219178082,24896,KRYNICA,PL,+49:25:00,+020:58:00,702, HU2,1961-01-01,2022-08-31,26,Miroslaw Mietus
237205,2018,82.37808219178082,24907,KRYNICA,PL,+49:25:00,+020:58:00,702, HU2,1961-01-01,2022-08-31,26,Miroslaw Mietus
237205,2019,79.4876712328767,24896,KRYNICA,PL,+49:25:00,+020:58:00,702, HU2,1961-01-01,2022-08-31,26,Miroslaw Mietus
237205,2019,79.4876712328767,24907,KRYNICA,PL,+49:25:00,+020:58:00,702, HU2,1961-01-01,2022-08-31,26,Miroslaw Mietus
237205,2020,79.56557377049181,24896,KRYNICA,PL,+49:25:00,+020:58:00,702, HU2,1961-01-01,2022-08-31,26,Miroslaw Mietus
237205,2020,79.56557377049181,24907,KRYNICA,PL,+49:25:00,+020:58:00,702, HU2,1961-01-01,2022-08-31,26,Miroslaw Mietus
237205,2021,81.76712328767124,24896,KRYNICA,PL,+49:25:00,+020:58:00,702, HU2,1961-01-01,2022-08-31,26,Miroslaw Mietus
237205,2021,81.76712328767124,24907,KRYNICA,PL,+49:25:00,+020:58:00,702, HU2,1961-01-01,2022-08-31,26,Miroslaw Mietus
237289,2017,78.43347050754458,24880,PORONIN,PL,+49:19:49,+020:02:06,848, HU2,2010-01-01,2022-08-31,26,Miroslaw Mietus
237289,2017,78.43347050754458,24897,PORONIN,PL,+49:19:49,+020:02:06,848, HU2,2010-01-01,2022-08-31,26,Miroslaw Mietus
237289,2017,78.43347050754458,24903,PORONIN,PL,+49:19:49,+020:02:06,848, HU2,2010-01-01,2022-08-31,26,Miroslaw Mietus
237289,2017,78.43347050754458,1383,PORONIN,PL,+49:19:49,+020:02:06,848, HU2,2010-01-01,2022-08-31,26,Miroslaw Mietus
237289,2018,80.57338820301783,24880,PORONIN,PL,+49:19:49,+020:02:06,848, HU2,2010-01-01,2022-08-31,26,Miroslaw Mietus
237289,2018,80.57338820301783,24897,PORONIN,PL,+49:19:49,+020:02:06,848, HU2,2010-01-01,2022-08-31,26,Miroslaw Mietus
237289,2018,80.57338820301783,24903,PORONIN,PL,+49:19:49,+020:02:06,848, HU2,2010-01-01,2022-08-31,26,Miroslaw Mietus
237289,2018,80.57338820301783,1383,PORONIN,PL,+49:19:49,+020:02:06,848, HU2,2010-01-01,2022-08-31,26,Miroslaw Mietus
237289,2019,80.22633744855968,24880,PORONIN,PL,+49:19:49,+020:02:06,848, HU2,2010-01-01,2022-08-31,26,Miroslaw Mietus
237289,2019,80.22633744855968,24897,PORONIN,PL,+49:19:49,+020:02:06,848, HU2,2010-01-01,2022-08-31,26,Miroslaw Mietus
237289,2019,80.22633744855968,24903,PORONIN,PL,+49:19:49,+020:02:06,848, HU2,2010-01-01,2022-08-31,26,Miroslaw Mietus
237289,2019,80.22633744855968,1383,PORONIN,PL,+49:19:49,+020:02:06,848, HU2,2010-01-01,2022-08-31,26,Miroslaw Mietus
237289,2020,78.85792349726776,24880,PORONIN,PL,+49:19:49,+020:02:06,848, HU2,2010-01-01,2022-08-31,26,Miroslaw Mietus
237289,2020,78.85792349726776,24897,PORONIN,PL,+49:19:49,+020:02:06,848, HU2,2010-01-01,2022-08-31,26,Miroslaw Mietus
237289,2020,78.85792349726776,24903,PORONIN,PL,+49:19:49,+020:02:06,848, HU2,2010-01-01,2022-08-31,26,Miroslaw Mietus
237289,2020,78.85792349726776,1383,PORONIN,PL,+49:19:49,+020:02:06,848, HU2,2010-01-01,2022-08-31,26,Miroslaw Mietus
237289,2021,77.79698216735254,24880,PORONIN,PL,+49:19:49,+020:02:06,848, HU2,2010-01-01,2022-08-31,26,Miroslaw Mietus
237289,2021,77.79698216735254,24897,PORONIN,PL,+49:19:49,+020:02:06,848, HU2,2010-01-01,2022-08-31,26,Miroslaw Mietus
237289,2021,77.79698216735254,24903,PORONIN,PL,+49:19:49,+020:02:06,848, HU2,2010-01-01,2022-08-31,26,Miroslaw Mietus
237289,2021,77.79698216735254,1383,PORONIN,PL,+49:19:49,+020:02:06,848, HU2,2010-01-01,2022-08-31,26,Miroslaw Mietus
237301,2017,78.58904109589041,24904,MSZANA DOLNA,PL,+49:39:49,+020:03:16,537, HU2,2013-01-01,2022-08-31,26,Miroslaw Mietus
237301,2017,78.58904109589041,24908,MSZANA DOLNA,PL,+49:39:49,+020:03:16,537, HU2,2013-01-01,2022-08-31,26,Miroslaw Mietus
237301,2018,80.51506849315068,24904,MSZANA DOLNA,PL,+49:39:49,+020:03:16,537, HU2,2013-01-01,2022-08-31,26,Miroslaw Mietus
237301,2018,80.51506849315068,24908,MSZANA DOLNA,PL,+49:39:49,+020:03:16,537, HU2,2013-01-01,2022-08-31,26,Miroslaw Mietus
237301,2019,77.35342465753425,24904,MSZANA DOLNA,PL,+49:39:49,+020:03:16,537, HU2,2013-01-01,2022-08-31,26,Miroslaw Mietus
237301,2019,77.35342465753425,24908,MSZANA DOLNA,PL,+49:39:49,+020:03:16,537, HU2,2013-01-01,2022-08-31,26,Miroslaw Mietus
237301,2020,76.98087431693989,24904,MSZANA DOLNA,PL,+49:39:49,+020:03:16,537, HU2,2013-01-01,2022-08-31,26,Miroslaw Mietus
237301,2020,76.98087431693989,24908,MSZANA DOLNA,PL,+49:39:49,+020:03:16,537, HU2,2013-01-01,2022-08-31,26,Miroslaw Mietus
237301,2021,76.9041095890411,24904,MSZANA DOLNA,PL,+49:39:49,+020:03:16,537, HU2,2013-01-01,2022-08-31,26,Miroslaw Mietus
237301,2021,76.9041095890411,24908,MSZANA DOLNA,PL,+49:39:49,+020:03:16,537, HU2,2013-01-01,2022-08-31,26,Miroslaw Mietus
237517,2017,82.71780821917808,24922,KOMANCZA,PL,+49:20:00,+022:04:00,569, HU2,1956-01-01,2022-08-31,26,Miroslaw Mietus
237517,2018,82.86849315068493,24922,KOMANCZA,PL,+49:20:00,+022:04:00,569, HU2,1956-01-01,2022-08-31,26,Miroslaw Mietus
237517,2019,81.47945205479452,24922,KOMANCZA,PL,+49:20:00,+022:04:00,569, HU2,1956-01-01,2022-08-31,26,Miroslaw Mietus
237517,2020,82.12021857923497,24922,KOMANCZA,PL,+49:20:00,+022:04:00,569, HU2,1956-01-01,2022-08-31,26,Miroslaw Mietus
237517,2021,81.83835616438355,24922,KOMANCZA,PL,+49:20:00,+022:04:00,569, HU2,1956-01-01,2022-08-31,26,Miroslaw Mietus
237925,2017,79.97534246575343,24956,DRONIOWICE,PL,+50:41:46,+018:48:32,284, HU2,2003-11-01,2022-08-31,26,Miroslaw Mietus
237925,2017,79.97534246575343,24958,DRONIOWICE,PL,+50:41:46,+018:48:32,284, HU2,2003-11-01,2022-08-31,26,Miroslaw Mietus
237925,2018,77.78630136986301,24956,DRONIOWICE,PL,+50:41:46,+018:48:32,284, HU2,2003-11-01,2022-08-31,26,Miroslaw Mietus
237925,2018,77.78630136986301,24958,DRONIOWICE,PL,+50:41:46,+018:48:32,284, HU2,2003-11-01,2022-08-31,26,Miroslaw Mietus
237925,2019,77.32876712328768,24956,DRONIOWICE,PL,+50:41:46,+018:48:32,284, HU2,2003-11-01,2022-08-31,26,Miroslaw Mietus
237925,2019,77.32876712328768,24958,DRONIOWICE,PL,+50:41:46,+018:48:32,284, HU2,2003-11-01,2022-08-31,26,Miroslaw Mietus
237925,2020,78.40983606557377,24956,DRONIOWICE,PL,+50:41:46,+018:48:32,284, HU2,2003-11-01,2022-08-31,26,Miroslaw Mietus
237925,2020,78.40983606557377,24958,DRONIOWICE,PL,+50:41:46,+018:48:32,284, HU2,2003-11-01,2022-08-31,26,Miroslaw Mietus
237925,2021,81.10958904109589,24956,DRONIOWICE,PL,+50:41:46,+018:48:32,284, HU2,2003-11-01,2022-08-31,26,Miroslaw Mietus
237925,2021,81.10958904109589,24958,DRONIOWICE,PL,+50:41:46,+018:48:32,284, HU2,2003-11-01,2022-08-31,26,Miroslaw Mietus
238189,2017,77.2,24978,CHORZELOW,PL,+50:21:00,+021:27:00,161, HU2,1974-02-21,2022-08-31,26,Miroslaw Mietus
238189,2018,76.72328767123288,24978,CHORZELOW,PL,+50:21:00,+021:27:00,161, HU2,1974-02-21,2022-08-31,26,Miroslaw Mietus
238189,2019,76.04109589041096,24978,CHORZELOW,PL,+50:21:00,+021:27:00,161, HU2,1974-02-21,2022-08-31,26,Miroslaw Mietus
238189,2020,76.80601092896175,24978,CHORZELOW,PL,+50:21:00,+021:27:00,161, HU2,1974-02-21,2022-08-31,26,Miroslaw Mietus
238189,2021,78.13972602739726,24978,CHORZELOW,PL,+50:21:00,+021:27:00,161, HU2,1974-02-21,2022-08-31,26,Miroslaw Mietus
238357,2017,79.3972602739726,24991,CIESZANOW,PL,+50:14:01,+023:07:05,231, HU2,2004-01-01,2022-08-31,26,Miroslaw Mietus
238357,2017,79.3972602739726,24992,CIESZANOW,PL,+50:14:01,+023:07:05,231, HU2,2004-01-01,2022-08-31,26,Miroslaw Mietus
238357,2017,79.3972602739726,24993,CIESZANOW,PL,+50:14:01,+023:07:05,231, HU2,2004-01-01,2022-08-31,26,Miroslaw Mietus
238357,2018,80.07123287671233,24991,CIESZANOW,PL,+50:14:01,+023:07:05,231, HU2,2004-01-01,2022-08-31,26,Miroslaw Mietus
238357,2018,80.07123287671233,24992,CIESZANOW,PL,+50:14:01,+023:07:05,231, HU2,2004-01-01,2022-08-31,26,Miroslaw Mietus
238357,2018,80.07123287671233,24993,CIESZANOW,PL,+50:14:01,+023:07:05,231, HU2,2004-01-01,2022-08-31,26,Miroslaw Mietus
238357,2019,78.17260273972603,24991,CIESZANOW,PL,+50:14:01,+023:07:05,231, HU2,2004-01-01,2022-08-31,26,Miroslaw Mietus
238357,2019,78.17260273972603,24992,CIESZANOW,PL,+50:14:01,+023:07:05,231, HU2,2004-01-01,2022-08-31,26,Miroslaw Mietus
238357,2019,78.17260273972603,24993,CIESZANOW,PL,+50:14:01,+023:07:05,231, HU2,2004-01-01,2022-08-31,26,Miroslaw Mietus
238357,2020,79.5792349726776,24991,CIESZANOW,PL,+50:14:01,+023:07:05,231, HU2,2004-01-01,2022-08-31,26,Miroslaw Mietus
238357,2020,79.5792349726776,24992,CIESZANOW,PL,+50:14:01,+023:07:05,231, HU2,2004-01-01,2022-08-31,26,Miroslaw Mietus
238357,2020,79.5792349726776,24993,CIESZANOW,PL,+50:14:01,+023:07:05,231, HU2,2004-01-01,2022-08-31,26,Miroslaw Mietus
238357,2021,80.58904109589041,24991,CIESZANOW,PL,+50:14:01,+023:07:05,231, HU2,2004-01-01,2022-08-31,26,Miroslaw Mietus
238357,2021,80.58904109589041,24992,CIESZANOW,PL,+50:14:01,+023:07:05,231, HU2,2004-01-01,2022-08-31,26,Miroslaw Mietus
238357,2021,80.58904109589041,24993,CIESZANOW,PL,+50:14:01,+023:07:05,231, HU2,2004-01-01,2022-08-31,26,Miroslaw Mietus
238633,2017,77.24179104477612,25015,SKIERNIEWICE,PL,+51:58:00,+020:10:00,130, HU2,1951-01-01,2022-08-31,26,Miroslaw Mietus
238633,2018,73.44109589041096,25015,SKIERNIEWICE,PL,+51:58:00,+020:10:00,130, HU2,1951-01-01,2022-08-31,26,Miroslaw Mietus
238633,2019,74.15342465753425,25015,SKIERNIEWICE,PL,+51:58:00,+020:10:00,130, HU2,1951-01-01,2022-08-31,26,Miroslaw Mietus
238633,2020,74.80054644808743,25015,SKIERNIEWICE,PL,+51:58:00,+020:10:00,130, HU2,1951-01-01,2022-08-31,26,Miroslaw Mietus
238633,2021,77.94794520547946,25015,SKIERNIEWICE,PL,+51:58:00,+020:10:00,130, HU2,1951-01-01,2022-08-31,26,Miroslaw Mietus
238669,2017,83.82739726027397,25018,JARCZEW,PL,+51:49:00,+021:59:00,181, HU2,1975-01-01,2022-08-31,26,Miroslaw Mietus
238669,2018,81.41095890410959,25018,JARCZEW,PL,+51:49:00,+021:59:00,181, HU2,1975-01-01,2022-08-31,26,Miroslaw Mietus
238669,2019,80.79178082191781,25018,JARCZEW,PL,+51:49:00,+021:59:00,181, HU2,1975-01-01,2022-08-31,26,Miroslaw Mietus
238669,2020,83.3743169398907,25018,JARCZEW,PL,+51:49:00,+021:59:00,181, HU2,1975-01-01,2022-08-31,26,Miroslaw Mietus
238669,2021,85.06575342465753,25018,JARCZEW,PL,+51:49:00,+021:59:00,181, HU2,1975-01-01,2022-08-31,26,Miroslaw Mietus
238825,2018,82.31699346405229,25031,GORZYN,PL,+52:34:00,+015:54:00,79, HU2,1975-07-01,2022-08-31,26,Miroslaw Mietus
238825,2019,82.3069306930693,25031,GORZYN,PL,+52:34:00,+015:54:00,79, HU2,1975-07-01,2022-08-31,26,Miroslaw Mietus
238825,2020,80.58743169398907,25031,GORZYN,PL,+52:34:00,+015:54:00,79, HU2,1975-07-01,2022-08-31,26,Miroslaw Mietus
238825,2021,86.13972602739726,25031,GORZYN,PL,+52:34:00,+015:54:00,79, HU2,1975-07-01,2022-08-31,26,Miroslaw Mietus
239089,2017,77.97668038408779,25053,WARSZAWA-BIELANY,PL,+52:17:00,+020:58:00,91, HU2,1951-01-01,2022-08-31,26,Miroslaw Mietus
239089,2017,77.97668038408779,25152,WARSZAWA-BIELANY,PL,+52:17:00,+020:58:00,91, HU2,1951-01-01,2022-08-31,26,Miroslaw Mietus
239089,2017,77.97668038408779,9040,WARSZAWA-BIELANY,PL,+52:17:00,+020:58:00,91, HU2,1951-01-01,2022-08-31,26,Miroslaw Mietus
239089,2018,73.65157750342935,25053,WARSZAWA-BIELANY,PL,+52:17:00,+020:58:00,91, HU2,1951-01-01,2022-08-31,26,Miroslaw Mietus
239089,2018,73.65157750342935,25152,WARSZAWA-BIELANY,PL,+52:17:00,+020:58:00,91, HU2,1951-01-01,2022-08-31,26,Miroslaw Mietus
239089,2018,73.65157750342935,9040,WARSZAWA-BIELANY,PL,+52:17:00,+020:58:00,91, HU2,1951-01-01,2022-08-31,26,Miroslaw Mietus
239089,2019,72.91495198902606,25053,WARSZAWA-BIELANY,PL,+52:17:00,+020:58:00,91, HU2,1951-01-01,2022-08-31,26,Miroslaw Mietus
239089,2019,72.91495198902606,25152,WARSZAWA-BIELANY,PL,+52:17:00,+020:58:00,91, HU2,1951-01-01,2022-08-31,26,Miroslaw Mietus
239089,2019,72.91495198902606,9040,WARSZAWA-BIELANY,PL,+52:17:00,+020:58:00,91, HU2,1951-01-01,2022-08-31,26,Miroslaw Mietus
239089,2020,75.38528138528139,25053,WARSZAWA-BIELANY,PL,+52:17:00,+020:58:00,91, HU2,1951-01-01,2022-08-31,26,Miroslaw Mietus
239089,2020,75.38528138528139,25152,WARSZAWA-BIELANY,PL,+52:17:00,+020:58:00,91, HU2,1951-01-01,2022-08-31,26,Miroslaw Mietus
239089,2020,75.38528138528139,9040,WARSZAWA-BIELANY,PL,+52:17:00,+020:58:00,91, HU2,1951-01-01,2022-08-31,26,Miroslaw Mietus
239089,2021,77.9271978021978,25053,WARSZAWA-BIELANY,PL,+52:17:00,+020:58:00,91, HU2,1951-01-01,2022-08-31,26,Miroslaw Mietus
239089,2021,77.9271978021978,25152,WARSZAWA-BIELANY,PL,+52:17:00,+020:58:00,91, HU2,1951-01-01,2022-08-31,26,Miroslaw Mietus
239089,2021,77.9271978021978,9040,WARSZAWA-BIELANY,PL,+52:17:00,+020:58:00,91, HU2,1951-01-01,2022-08-31,26,Miroslaw Mietus
239173,2017,83.07129798903108,25060,PULTUSK,PL,+52:04:04,+021:00:06,109, HU2,1951-01-01,2021-12-31,26,Miroslaw Mietus
239173,2017,83.07129798903108,209,PULTUSK,PL,+52:04:04,+021:00:06,109, HU2,1951-01-01,2021-12-31,26,Miroslaw Mietus
239173,2018,80.3327239488117,25060,PULTUSK,PL,+52:04:04,+021:00:06,109, HU2,1951-01-01,2021-12-31,26,Miroslaw Mietus
239173,2018,80.3327239488117,209,PULTUSK,PL,+52:04:04,+021:00:06,109, HU2,1951-01-01,2021-12-31,26,Miroslaw Mietus
239173,2019,79.44606946983546,25060,PULTUSK,PL,+52:04:04,+021:00:06,109, HU2,1951-01-01,2021-12-31,26,Miroslaw Mietus
239173,2019,79.44606946983546,209,PULTUSK,PL,+52:04:04,+021:00:06,109, HU2,1951-01-01,2021-12-31,26,Miroslaw Mietus
239173,2020,82.11657559198542,25060,PULTUSK,PL,+52:04:04,+021:00:06,109, HU2,1951-01-01,2021-12-31,26,Miroslaw Mietus
239173,2020,82.11657559198542,209,PULTUSK,PL,+52:04:04,+021:00:06,109, HU2,1951-01-01,2021-12-31,26,Miroslaw Mietus
239173,2021,81.69860279441117,25060,PULTUSK,PL,+52:04:04,+021:00:06,109, HU2,1951-01-01,2021-12-31,26,Miroslaw Mietus
239173,2021,81.69860279441117,209,PULTUSK,PL,+52:04:04,+021:00:06,109, HU2,1951-01-01,2021-12-31,26,Miroslaw Mietus
239245,2017,79.77534246575343,25066,BIALOWIEZA,PL,+52:42:00,+023:51:00,170, HU2,1951-01-01,2022-08-31,26,Miroslaw Mietus
239245,2018,79.02739726027397,25066,BIALOWIEZA,PL,+52:42:00,+023:51:00,170, HU2,1951-01-01,2022-08-31,26,Miroslaw Mietus
239245,2019,76.88493150684931,25066,BIALOWIEZA,PL,+52:42:00,+023:51:00,170, HU2,1951-01-01,2022-08-31,26,Miroslaw Mietus
239245,2020,78.58953168044077,25066,BIALOWIEZA,PL,+52:42:00,+023:51:00,170, HU2,1951-01-01,2022-08-31,26,Miroslaw Mietus
239245,2021,79.55401662049861,25066,BIALOWIEZA,PL,+52:42:00,+023:51:00,170, HU2,1951-01-01,2022-08-31,26,Miroslaw Mietus
239593,2017,85.30410958904109,25095,BIEBRZA-PIENCZYKOWEK,PL,+53:39:00,+022:36:00,128, HU2,1956-01-01,2022-08-31,26,Miroslaw Mietus
239593,2018,81.5041095890411,25095,BIEBRZA-PIENCZYKOWEK,PL,+53:39:00,+022:36:00,128, HU2,1956-01-01,2022-08-31,26,Miroslaw Mietus
239593,2019,81.26648351648352,25095,BIEBRZA-PIENCZYKOWEK,PL,+53:39:00,+022:36:00,128, HU2,1956-01-01,2022-08-31,26,Miroslaw Mietus
239593,2020,86.1775956284153,25095,BIEBRZA-PIENCZYKOWEK,PL,+53:39:00,+022:36:00,128, HU2,1956-01-01,2022-08-31,26,Miroslaw Mietus
239593,2021,81.58904109589041,25095,BIEBRZA-PIENCZYKOWEK,PL,+53:39:00,+022:36:00,128, HU2,1956-01-01,2022-08-31,26,Miroslaw Mietus
239845,2017,82.37704918032787,25116,GDANSK-SWIBNO,PL,+54:20:00,+018:56:00,0, HU2,1951-01-01,2022-09-30,26,Miroslaw Mietus
239845,2018,78.69945355191257,25116,GDANSK-SWIBNO,PL,+54:20:00,+018:56:00,0, HU2,1951-01-01,2022-09-30,26,Miroslaw Mietus
239845,2019,78.8688524590164,25116,GDANSK-SWIBNO,PL,+54:20:00,+018:56:00,0, HU2,1951-01-01,2022-09-30,26,Miroslaw Mietus
239845,2020,78.69945355191257,25116,GDANSK-SWIBNO,PL,+54:20:00,+018:56:00,0, HU2,1951-01-01,2022-09-30,26,Miroslaw Mietus
239845,2021,79.8688524590164,25116,GDANSK-SWIBNO,PL,+54:20:00,+018:56:00,0, HU2,1951-01-01,2022-09-30,26,Miroslaw Mietus
239917,2017,82.20547945205479,25122,LIDZBARK WARMINSKI,PL,+54:08:00,+020:36:00,99, HU2,1951-01-01,2022-08-31,26,Miroslaw Mietus
239917,2018,78.32054794520548,25122,LIDZBARK WARMINSKI,PL,+54:08:00,+020:36:00,99, HU2,1951-01-01,2022-08-31,26,Miroslaw Mietus
239917,2019,77.36712328767123,25122,LIDZBARK WARMINSKI,PL,+54:08:00,+020:36:00,99, HU2,1951-01-01,2022-08-31,26,Miroslaw Mietus
239917,2020,78.76229508196721,25122,LIDZBARK WARMINSKI,PL,+54:08:00,+020:36:00,99, HU2,1951-01-01,2022-08-31,26,Miroslaw Mietus
239917,2021,79.83013698630137,25122,LIDZBARK WARMINSKI,PL,+54:08:00,+020:36:00,99, HU2,1951-01-01,2022-08-31,26,Miroslaw Mietus
239965,2017,83.06010928961749,25126,KASPROWY WIERCH,PL,+49:13:57,+019:58:55,1348, HU2,1951-01-01,2022-09-30,26,Miroslaw Mietus
239965,2018,82.37158469945355,25126,KASPROWY WIERCH,PL,+49:13:57,+019:58:55,1348, HU2,1951-01-01,2022-09-30,26,Miroslaw Mietus
239965,2019,81.51366120218579,25126,KASPROWY WIERCH,PL,+49:13:57,+019:58:55,1348, HU2,1951-01-01,2022-09-30,26,Miroslaw Mietus
239965,2020,78.26775956284153,25126,KASPROWY WIERCH,PL,+49:13:57,+019:58:55,1348, HU2,1951-01-01,2022-09-30,26,Miroslaw Mietus
239965,2021,82.14207650273224,25126,KASPROWY WIERCH,PL,+49:13:57,+019:58:55,1348, HU2,1951-01-01,2022-09-30,26,Miroslaw Mietus
239989,2017,77.78142076502732,25128,JELENIA GORA,PL,+50:54:01,+015:47:20,427, HU2,1951-01-01,2022-09-30,26,Miroslaw Mietus
239989,2018,74.37704918032787,25128,JELENIA GORA,PL,+50:54:01,+015:47:20,427, HU2,1951-01-01,2022-09-30,26,Miroslaw Mietus
239989,2019,75.85245901639344,25128,JELENIA GORA,PL,+50:54:01,+015:47:20,427, HU2,1951-01-01,2022-09-30,26,Miroslaw Mietus
239989,2020,76.62295081967213,25128,JELENIA GORA,PL,+50:54:01,+015:47:20,427, HU2,1951-01-01,2022-09-30,26,Miroslaw Mietus
239989,2021,78.34972677595628,25128,JELENIA GORA,PL,+50:54:01,+015:47:20,427, HU2,1951-01-01,2022-09-30,26,Miroslaw Mietus
240001,2017,88.98907103825137,24932,SNIEZKA,PL,+50:44:10,+015:44:22,958, HU2,1951-01-01,2022-09-30,26,Miroslaw Mietus
240001,2017,88.98907103825137,25129,SNIEZKA,PL,+50:44:10,+015:44:22,958, HU2,1951-01-01,2022-09-30,26,Miroslaw Mietus
240001,2018,84.4153005464481,24932,SNIEZKA,PL,+50:44:10,+015:44:22,958, HU2,1951-01-01,2022-09-30,26,Miroslaw Mietus
240001,2018,84.4153005464481,25129,SNIEZKA,PL,+50:44:10,+015:44:22,958, HU2,1951-01-01,2022-09-30,26,Miroslaw Mietus
240001,2019,84.34426229508196,24932,SNIEZKA,PL,+50:44:10,+015:44:22,958, HU2,1951-01-01,2022-09-30,26,Miroslaw Mietus
240001,2019,84.34426229508196,25129,SNIEZKA,PL,+50:44:10,+015:44:22,958, HU2,1951-01-01,2022-09-30,26,Miroslaw Mietus
240001,2020,84.1256830601093,24932,SNIEZKA,PL,+50:44:10,+015:44:22,958, HU2,1951-01-01,2022-09-30,26,Miroslaw Mietus
240001,2020,84.1256830601093,25129,SNIEZKA,PL,+50:44:10,+015:44:22,958, HU2,1951-01-01,2022-09-30,26,Miroslaw Mietus
240001,2021,86.66120218579235,24932,SNIEZKA,PL,+50:44:10,+015:44:22,958, HU2,1951-01-01,2022-09-30,26,Miroslaw Mietus
240001,2021,86.66120218579235,25129,SNIEZKA,PL,+50:44:10,+015:44:22,958, HU2,1951-01-01,2022-09-30,26,Miroslaw Mietus
240013,2017,75.62841530054645,25130,OPOLE,PL,+50:37:37,+017:58:08,163, HU2,1951-01-01,2022-09-30,26,Miroslaw Mietus
240013,2018,71.80327868852459,25130,OPOLE,PL,+50:37:37,+017:58:08,163, HU2,1951-01-01,2022-09-30,26,Miroslaw Mietus
240013,2019,72.93442622950819,25130,OPOLE,PL,+50:37:37,+017:58:08,163, HU2,1951-01-01,2022-09-30,26,Miroslaw Mietus
240013,2020,75.1639344262295,25130,OPOLE,PL,+50:37:37,+017:58:08,163, HU2,1951-01-01,2022-09-30,26,Miroslaw Mietus
240013,2021,75.68852459016394,25130,OPOLE,PL,+50:37:37,+017:58:08,163, HU2,1951-01-01,2022-09-30,26,Miroslaw Mietus
240025,2017,76.625,25131,CZOSTOCHOWA,PL,+50:48:45,+019:05:33,266, HU2,1951-01-01,2022-09-30,26,Miroslaw Mietus
240025,2018,72.5989010989011,25131,CZOSTOCHOWA,PL,+50:48:45,+019:05:33,266, HU2,1951-01-01,2022-09-30,26,Miroslaw Mietus
240025,2019,71.72677595628416,25131,CZOSTOCHOWA,PL,+50:48:45,+019:05:33,266, HU2,1951-01-01,2022-09-30,26,Miroslaw Mietus
240025,2020,73.92896174863388,25131,CZOSTOCHOWA,PL,+50:48:45,+019:05:33,266, HU2,1951-01-01,2022-09-30,26,Miroslaw Mietus
240025,2021,77.17032967032966,25131,CZOSTOCHOWA,PL,+50:48:45,+019:05:33,266, HU2,1951-01-01,2022-09-30,26,Miroslaw Mietus
240037,2017,76.18579234972678,25132,KATOWICE-MUCHOWIEC,PL,+50:14:26,+019:01:58,281, HU2,1951-01-01,2022-09-30,26,Miroslaw Mietus
240037,2018,74.1304347826087,25132,KATOWICE-MUCHOWIEC,PL,+50:14:26,+019:01:58,281, HU2,1951-01-01,2022-09-30,26,Miroslaw Mietus
240037,2019,73.8688524590164,25132,KATOWICE-MUCHOWIEC,PL,+50:14:26,+019:01:58,281, HU2,1951-01-01,2022-09-30,26,Miroslaw Mietus
240037,2020,75.65027322404372,25132,KATOWICE-MUCHOWIEC,PL,+50:14:26,+019:01:58,281, HU2,1951-01-01,2022-09-30,26,Miroslaw Mietus
240037,2021,77.53005464480874,25132,KATOWICE-MUCHOWIEC,PL,+50:14:26,+019:01:58,281, HU2,1951-01-01,2022-09-30,26,Miroslaw Mietus
240049,2017,78.18579234972678,25133,KRAKOW-BALICE,PL,+50:04:49,+019:48:07,234, HU2,1951-01-01,2022-09-30,26,Miroslaw Mietus
240049,2018,76.36065573770492,25133,KRAKOW-BALICE,PL,+50:04:49,+019:48:07,234, HU2,1951-01-01,2022-09-30,26,Miroslaw Mietus
240049,2019,76.19672131147541,25133,KRAKOW-BALICE,PL,+50:04:49,+019:48:07,234, HU2,1951-01-01,2022-09-30,26,Miroslaw Mietus
240049,2020,77.14207650273224,25133,KRAKOW-BALICE,PL,+50:04:49,+019:48:07,234, HU2,1951-01-01,2022-09-30,26,Miroslaw Mietus
240049,2021,78.82513661202186,25133,KRAKOW-BALICE,PL,+50:04:49,+019:48:07,234, HU2,1951-01-01,2022-09-30,26,Miroslaw Mietus
240061,2017,73.88524590163935,25134,TARNOW,PL,+50:01:48,+020:59:04,207, HU2,1951-01-01,2022-09-30,26,Miroslaw Mietus
240061,2018,70.85405405405406,25134,TARNOW,PL,+50:01:48,+020:59:04,207, HU2,1951-01-01,2022-09-30,26,Miroslaw Mietus
240061,2019,72.19125683060109,25134,TARNOW,PL,+50:01:48,+020:59:04,207, HU2,1951-01-01,2022-09-30,26,Miroslaw Mietus
240061,2020,72.8360655737705,25134,TARNOW,PL,+50:01:48,+020:59:04,207, HU2,1951-01-01,2022-09-30,26,Miroslaw Mietus
240061,2021,76.1256830601093,25134,TARNOW,PL,+50:01:48,+020:59:04,207, HU2,1951-01-01,2022-09-30,26,Miroslaw Mietus
240073,2017,73.60655737704919,25135,SANDOMIERZ,PL,+50:41:48,+021:42:57,143, HU2,1951-01-01,2022-09-30,26,Miroslaw Mietus
240073,2018,74.9672131147541,25135,SANDOMIERZ,PL,+50:41:48,+021:42:57,143, HU2,1951-01-01,2022-09-30,26,Miroslaw Mietus
240073,2019,75.5934065934066,25135,SANDOMIERZ,PL,+50:41:48,+021:42:57,143, HU2,1951-01-01,2022-09-30,26,Miroslaw Mietus
240073,2020,76.375,25135,SANDOMIERZ,PL,+50:41:48,+021:42:57,143, HU2,1951-01-01,2022-09-30,26,Miroslaw Mietus
240073,2021,76.77595628415301,25135,SANDOMIERZ,PL,+50:41:48,+021:42:57,143, HU2,1951-01-01,2022-09-30,26,Miroslaw Mietus
240085,2017,79.5524861878453,25136,ZAMOSC,PL,+50:41:52,+023:12:23,258, HU2,1951-01-01,2022-09-30,26,Miroslaw Mietus
240085,2018,78.10382513661202,25136,ZAMOSC,PL,+50:41:52,+023:12:23,258, HU2,1951-01-01,2022-09-30,26,Miroslaw Mietus
240085,2019,76.51912568306011,25136,ZAMOSC,PL,+50:41:52,+023:12:23,258, HU2,1951-01-01,2022-09-30,26,Miroslaw Mietus
240085,2020,77.24043715846994,25136,ZAMOSC,PL,+50:41:52,+023:12:23,258, HU2,1951-01-01,2022-09-30,26,Miroslaw Mietus
240085,2021,79.33879781420765,25136,ZAMOSC,PL,+50:41:52,+023:12:23,258, HU2,1951-01-01,2022-09-30,26,Miroslaw Mietus
240109,2017,76.39344262295081,25138,LEGNICA,PL,+51:11:33,+016:12:27,134, HU2,1951-01-01,2022-09-30,26,Miroslaw Mietus
240109,2018,71.68131868131869,25138,LEGNICA,PL,+51:11:33,+016:12:27,134, HU2,1951-01-01,2022-09-30,26,Miroslaw Mietus
240109,2019,73.0,25138,LEGNICA,PL,+51:11:33,+016:12:27,134, HU2,1951-01-01,2022-09-30,26,Miroslaw Mietus
240109,2020,73.40983606557377,25138,LEGNICA,PL,+51:11:33,+016:12:27,134, HU2,1951-01-01,2022-09-30,26,Miroslaw Mietus
240109,2021,76.10928961748634,25138,LEGNICA,PL,+51:11:33,+016:12:27,134, HU2,1951-01-01,2022-09-30,26,Miroslaw Mietus
240121,2017,78.92896174863388,25139,LUBLIN-RADAWIEC,PL,+51:13:01,+022:23:37,228, HU2,1951-01-01,2022-09-30,26,Miroslaw Mietus
240121,2018,76.26229508196721,25139,LUBLIN-RADAWIEC,PL,+51:13:01,+022:23:37,228, HU2,1951-01-01,2022-09-30,26,Miroslaw Mietus
240121,2019,76.34972677595628,25139,LUBLIN-RADAWIEC,PL,+51:13:01,+022:23:37,228, HU2,1951-01-01,2022-09-30,26,Miroslaw Mietus
240121,2020,77.63387978142076,25139,LUBLIN-RADAWIEC,PL,+51:13:01,+022:23:37,228, HU2,1951-01-01,2022-09-30,26,Miroslaw Mietus
240121,2021,79.08196721311475,25139,LUBLIN-RADAWIEC,PL,+51:13:01,+022:23:37,228, HU2,1951-01-01,2022-09-30,26,Miroslaw Mietus
240133,2017,71.1044776119403,25140,KOLO,PL,+52:12:01,+018:39:41,113, HU2,1951-01-01,2020-12-31,26,Miroslaw Mietus
240133,2017,71.1044776119403,206,KOLO,PL,+52:12:01,+018:39:41,113, HU2,1951-01-01,2020-12-31,26,Miroslaw Mietus
240133,2018,70.05882352941177,25140,KOLO,PL,+52:12:01,+018:39:41,113, HU2,1951-01-01,2020-12-31,26,Miroslaw Mietus
240133,2018,70.05882352941177,206,KOLO,PL,+52:12:01,+018:39:41,113, HU2,1951-01-01,2020-12-31,26,Miroslaw Mietus
240133,2019,74.22404371584699,25140,KOLO,PL,+52:12:01,+018:39:41,113, HU2,1951-01-01,2020-12-31,26,Miroslaw Mietus
240133,2019,74.22404371584699,206,KOLO,PL,+52:12:01,+018:39:41,113, HU2,1951-01-01,2020-12-31,26,Miroslaw Mietus
240133,2020,72.49732620320856,25140,KOLO,PL,+52:12:01,+018:39:41,113, HU2,1951-01-01,2020-12-31,26,Miroslaw Mietus
240133,2020,72.49732620320856,206,KOLO,PL,+52:12:01,+018:39:41,113, HU2,1951-01-01,2020-12-31,26,Miroslaw Mietus
240145,2017,78.92349726775956,25141,PLOCK,PL,+52:35:18,+019:43:33,87, HU2,1951-01-01,2022-09-30,26,Miroslaw Mietus
240145,2018,74.21739130434783,25141,PLOCK,PL,+52:35:18,+019:43:33,87, HU2,1951-01-01,2022-09-30,26,Miroslaw Mietus
240145,2019,74.18681318681318,25141,PLOCK,PL,+52:35:18,+019:43:33,87, HU2,1951-01-01,2022-09-30,26,Miroslaw Mietus
240145,2020,74.2568306010929,25141,PLOCK,PL,+52:35:18,+019:43:33,87, HU2,1951-01-01,2022-09-30,26,Miroslaw Mietus
240145,2021,77.8415300546448,25141,PLOCK,PL,+52:35:18,+019:43:33,87, HU2,1951-01-01,2022-09-30,26,Miroslaw Mietus
240157,2018,84.35897435897436,25142,RESKO-SMOLSKO,PL,+53:46:18,+015:24:53,66, HU2,1951-01-01,2022-09-30,26,Miroslaw Mietus
240157,2019,75.72972972972973,25142,RESKO-SMOLSKO,PL,+53:46:18,+015:24:53,66, HU2,1951-01-01,2022-09-30,26,Miroslaw Mietus
240157,2020,76.8360655737705,25142,RESKO-SMOLSKO,PL,+53:46:18,+015:24:53,66, HU2,1951-01-01,2022-09-30,26,Miroslaw Mietus
240157,2021,79.7513812154696,25142,RESKO-SMOLSKO,PL,+53:46:18,+015:24:53,66, HU2,1951-01-01,2022-09-30,26,Miroslaw Mietus
240193,2017,80.03825136612022,25145,MIKOLAJKI,PL,+53:47:22,+021:35:19,144, HU2,1952-01-01,2022-09-30,26,Miroslaw Mietus
240193,2018,78.11475409836065,25145,MIKOLAJKI,PL,+53:47:22,+021:35:19,144, HU2,1952-01-01,2022-09-30,26,Miroslaw Mietus
240193,2019,77.02185792349727,25145,MIKOLAJKI,PL,+53:47:22,+021:35:19,144, HU2,1952-01-01,2022-09-30,26,Miroslaw Mietus
240193,2020,76.94535519125684,25145,MIKOLAJKI,PL,+53:47:22,+021:35:19,144, HU2,1952-01-01,2022-09-30,26,Miroslaw Mietus
240193,2021,79.1639344262295,25145,MIKOLAJKI,PL,+53:47:22,+021:35:19,144, HU2,1952-01-01,2022-09-30,26,Miroslaw Mietus
240217,2017,79.89071038251366,25147,KOLOBRZEG-DZWIRZYNO,PL,+54:09:30,+015:23:20,1, HU2,1951-01-01,2022-09-30,26,Miroslaw Mietus
240217,2018,79.62295081967213,25147,KOLOBRZEG-DZWIRZYNO,PL,+54:09:30,+015:23:20,1, HU2,1951-01-01,2022-09-30,26,Miroslaw Mietus
240217,2019,81.70491803278688,25147,KOLOBRZEG-DZWIRZYNO,PL,+54:09:30,+015:23:20,1, HU2,1951-01-01,2022-09-30,26,Miroslaw Mietus
240217,2020,81.11475409836065,25147,KOLOBRZEG-DZWIRZYNO,PL,+54:09:30,+015:23:20,1, HU2,1951-01-01,2022-09-30,26,Miroslaw Mietus
240217,2021,82.14754098360656,25147,KOLOBRZEG-DZWIRZYNO,PL,+54:09:30,+015:23:20,1, HU2,1951-01-01,2022-09-30,26,Miroslaw Mietus
240229,2017,81.24043715846994,25148,USTKA,PL,+54:35:18,+016:51:15,18, HU2,1951-01-01,2022-09-30,26,Miroslaw Mietus
240229,2018,78.97267759562841,25148,USTKA,PL,+54:35:18,+016:51:15,18, HU2,1951-01-01,2022-09-30,26,Miroslaw Mietus
240229,2019,78.23497267759562,25148,USTKA,PL,+54:35:18,+016:51:15,18, HU2,1951-01-01,2022-09-30,26,Miroslaw Mietus
240229,2020,80.1256830601093,25148,USTKA,PL,+54:35:18,+016:51:15,18, HU2,1951-01-01,2022-09-30,26,Miroslaw Mietus
240229,2021,79.78688524590164,25148,USTKA,PL,+54:35:18,+016:51:15,18, HU2,1951-01-01,2022-09-30,26,Miroslaw Mietus
240241,2017,81.32786885245902,25149,LEBORK,PL,+54:33:11,+017:43:25,45, HU2,1951-01-01,2022-09-30,26,Miroslaw Mietus
240241,2018,77.39344262295081,25149,LEBORK,PL,+54:33:11,+017:43:25,45, HU2,1951-01-01,2022-09-30,26,Miroslaw Mietus
240241,2019,79.16939890710383,25149,LEBORK,PL,+54:33:11,+017:43:25,45, HU2,1951-01-01,2022-09-30,26,Miroslaw Mietus
240241,2020,77.22950819672131,25149,LEBORK,PL,+54:33:11,+017:43:25,45, HU2,1951-01-01,2022-09-30,26,Miroslaw Mietus
240241,2021,80.36813186813187,25149,LEBORK,PL,+54:33:11,+017:43:25,45, HU2,1951-01-01,2022-09-30,26,Miroslaw Mietus
240265,2017,84.00546448087432,25151,ELBLAG-MILEJEWO,PL,+54:13:23,+019:32:37,151, HU2,1951-01-01,2022-09-30,26,Miroslaw Mietus
240265,2018,77.81420765027322,25151,ELBLAG-MILEJEWO,PL,+54:13:23,+019:32:37,151, HU2,1951-01-01,2022-09-30,26,Miroslaw Mietus
240265,2019,78.40437158469945,25151,ELBLAG-MILEJEWO,PL,+54:13:23,+019:32:37,151, HU2,1951-01-01,2022-09-30,26,Miroslaw Mietus
240265,2020,79.51912568306011,25151,ELBLAG-MILEJEWO,PL,+54:13:23,+019:32:37,151, HU2,1951-01-01,2022-09-30,26,Miroslaw Mietus
240265,2021,80.81967213114754,25151,ELBLAG-MILEJEWO,PL,+54:13:23,+019:32:37,151, HU2,1951-01-01,2022-09-30,26,Miroslaw Mietus
240288,2017,79.66666666666667,2022,KOSZALIN,PL,+54:12:16,+016:09:19,33, HU2,1951-01-01,2022-09-30,26,Miroslaw Mietus
240288,2018,76.74863387978142,2022,KOSZALIN,PL,+54:12:16,+016:09:19,33, HU2,1951-01-01,2022-09-30,26,Miroslaw Mietus
240288,2019,77.43715846994536,2022,KOSZALIN,PL,+54:12:16,+016:09:19,33, HU2,1951-01-01,2022-09-30,26,Miroslaw Mietus
240288,2020,78.12021857923497,2022,KOSZALIN,PL,+54:12:16,+016:09:19,33, HU2,1951-01-01,2022-09-30,26,Miroslaw Mietus
240288,2021,79.38251366120218,2022,KOSZALIN,PL,+54:12:16,+016:09:19,33, HU2,1951-01-01,2022-09-30,26,Miroslaw Mietus
240348,2017,79.15760869565217,25076,PILA,PL,+53:07:48,+016:45:00,72, HU2,1970-10-13,2022-09-30,26,Miroslaw Mietus
240348,2017,79.15760869565217,8943,PILA,PL,+53:07:48,+016:45:00,72, HU2,1970-10-13,2022-09-30,26,Miroslaw Mietus
240348,2018,73.58695652173913,25076,PILA,PL,+53:07:48,+016:45:00,72, HU2,1970-10-13,2022-09-30,26,Miroslaw Mietus
240348,2018,73.58695652173913,8943,PILA,PL,+53:07:48,+016:45:00,72, HU2,1970-10-13,2022-09-30,26,Miroslaw Mietus
240348,2019,74.23497267759562,25076,PILA,PL,+53:07:48,+016:45:00,72, HU2,1970-10-13,2022-09-30,26,Miroslaw Mietus
240348,2019,74.23497267759562,8943,PILA,PL,+53:07:48,+016:45:00,72, HU2,1970-10-13,2022-09-30,26,Miroslaw Mietus
240348,2020,75.31147540983606,25076,PILA,PL,+53:07:48,+016:45:00,72, HU2,1970-10-13,2022-09-30,26,Miroslaw Mietus
240348,2020,75.31147540983606,8943,PILA,PL,+53:07:48,+016:45:00,72, HU2,1970-10-13,2022-09-30,26,Miroslaw Mietus
240348,2021,77.16939890710383,25076,PILA,PL,+53:07:48,+016:45:00,72, HU2,1970-10-13,2022-09-30,26,Miroslaw Mietus
240348,2021,77.16939890710383,8943,PILA,PL,+53:07:48,+016:45:00,72, HU2,1970-10-13,2022-09-30,26,Miroslaw Mietus
240360,2017,80.92307692307692,2023,KETRZYN,PL,+54:04:12,+021:22:12,108, HU2,1966-01-02,2022-09-30,26,Miroslaw Mietus
240360,2018,76.91256830601093,2023,KETRZYN,PL,+54:04:12,+021:22:12,108, HU2,1966-01-02,2022-09-30,26,Miroslaw Mietus
240360,2019,76.71584699453553,2023,KETRZYN,PL,+54:04:12,+021:22:12,108, HU2,1966-01-02,2022-09-30,26,Miroslaw Mietus
240360,2020,77.79234972677595,2023,KETRZYN,PL,+54:04:12,+021:22:12,108, HU2,1966-01-02,2022-09-30,26,Miroslaw Mietus
240360,2021,79.12021857923497,2023,KETRZYN,PL,+54:04:12,+021:22:12,108, HU2,1966-01-02,2022-09-30,26,Miroslaw Mietus
240392,2017,77.66666666666667,8959,KOZIENCE,PL,+51:33:53,+021:32:34,123, HU2,1977-01-02,2022-09-30,26,Miroslaw Mietus
240392,2018,75.99453551912568,8959,KOZIENCE,PL,+51:33:53,+021:32:34,123, HU2,1977-01-02,2022-09-30,26,Miroslaw Mietus
240392,2019,74.21311475409836,8959,KOZIENCE,PL,+51:33:53,+021:32:34,123, HU2,1977-01-02,2022-09-30,26,Miroslaw Mietus
240392,2020,74.63387978142076,8959,KOZIENCE,PL,+51:33:53,+021:32:34,123, HU2,1977-01-02,2022-09-30,26,Miroslaw Mietus
240392,2021,77.36612021857924,8959,KOZIENCE,PL,+51:33:53,+021:32:34,123, HU2,1977-01-02,2022-09-30,26,Miroslaw Mietus
240404,2017,78.0,25156,KROSNO,PL,+49:42:25,+021:46:09,326, HU2,1985-01-02,2022-09-30,26,Miroslaw Mietus
240404,2017,78.0,8969,KROSNO,PL,+49:42:25,+021:46:09,326, HU2,1985-01-02,2022-09-30,26,Miroslaw Mietus
240404,2018,76.39890710382514,25156,KROSNO,PL,+49:42:25,+021:46:09,326, HU2,1985-01-02,2022-09-30,26,Miroslaw Mietus
240404,2018,76.39890710382514,8969,KROSNO,PL,+49:42:25,+021:46:09,326, HU2,1985-01-02,2022-09-30,26,Miroslaw Mietus
240404,2019,74.78688524590164,25156,KROSNO,PL,+49:42:25,+021:46:09,326, HU2,1985-01-02,2022-09-30,26,Miroslaw Mietus
240404,2019,74.78688524590164,8969,KROSNO,PL,+49:42:25,+021:46:09,326, HU2,1985-01-02,2022-09-30,26,Miroslaw Mietus
240404,2020,75.09289617486338,25156,KROSNO,PL,+49:42:25,+021:46:09,326, HU2,1985-01-02,2022-09-30,26,Miroslaw Mietus
240404,2020,75.09289617486338,8969,KROSNO,PL,+49:42:25,+021:46:09,326, HU2,1985-01-02,2022-09-30,26,Miroslaw Mietus
240404,2021,76.44808743169399,25156,KROSNO,PL,+49:42:25,+021:46:09,326, HU2,1985-01-02,2022-09-30,26,Miroslaw Mietus
240404,2021,76.44808743169399,8969,KROSNO,PL,+49:42:25,+021:46:09,326, HU2,1985-01-02,2022-09-30,26,Miroslaw Mietus
240630,2017,74.24383561643836,24974,KRAKOW OBS. ASTRONOMICZNE,PL,+50:04:12,+019:58:12,206, HU2,1951-01-01,2022-08-31,26,Miroslaw Mietus
240630,2017,74.24383561643836,9113,KRAKOW OBS. ASTRONOMICZNE,PL,+50:04:12,+019:58:12,206, HU2,1951-01-01,2022-08-31,26,Miroslaw Mietus
240630,2018,74.12328767123287,24974,KRAKOW OBS. ASTRONOMICZNE,PL,+50:04:12,+019:58:12,206, HU2,1951-01-01,2022-08-31,26,Miroslaw Mietus
240630,2018,74.12328767123287,9113,KRAKOW OBS. ASTRONOMICZNE,PL,+50:04:12,+019:58:12,206, HU2,1951-01-01,2022-08-31,26,Miroslaw Mietus
240630,2019,73.17260273972603,24974,KRAKOW OBS. ASTRONOMICZNE,PL,+50:04:12,+019:58:12,206, HU2,1951-01-01,2022-08-31,26,Miroslaw Mietus
240630,2019,73.17260273972603,9113,KRAKOW OBS. ASTRONOMICZNE,PL,+50:04:12,+019:58:12,206, HU2,1951-01-01,2022-08-31,26,Miroslaw Mietus
240630,2020,73.36612021857924,24974,KRAKOW OBS. ASTRONOMICZNE,PL,+50:04:12,+019:58:12,206, HU2,1951-01-01,2022-08-31,26,Miroslaw Mietus
240630,2020,73.36612021857924,9113,KRAKOW OBS. ASTRONOMICZNE,PL,+50:04:12,+019:58:12,206, HU2,1951-01-01,2022-08-31,26,Miroslaw Mietus
240630,2021,76.82191780821918,24974,KRAKOW OBS. ASTRONOMICZNE,PL,+50:04:12,+019:58:12,206, HU2,1951-01-01,2022-08-31,26,Miroslaw Mietus
240630,2021,76.82191780821918,9113,KRAKOW OBS. ASTRONOMICZNE,PL,+50:04:12,+019:58:12,206, HU2,1951-01-01,2022-08-31,26,Miroslaw Mietus
240631,2017,78.01643835616439,1207,PULAWY,PL,+51:25:00,+021:58:00,142, HU2,1951-01-01,2022-08-31,26,Miroslaw Mietus
240631,2018,76.12328767123287,1207,PULAWY,PL,+51:25:00,+021:58:00,142, HU2,1951-01-01,2022-08-31,26,Miroslaw Mietus
240631,2019,75.8054794520548,1207,PULAWY,PL,+51:25:00,+021:58:00,142, HU2,1951-01-01,2022-08-31,26,Miroslaw Mietus
240631,2020,84.02185792349727,1207,PULAWY,PL,+51:25:00,+021:58:00,142, HU2,1951-01-01,2022-08-31,26,Miroslaw Mietus
240631,2021,84.8027397260274,1207,PULAWY,PL,+51:25:00,+021:58:00,142, HU2,1951-01-01,2022-08-31,26,Miroslaw Mietus
240634,2017,74.4535519125683,930,BIELSKO-BIALA,PL,+49:48:26,+019:00:01,396, HU2,1951-01-01,2022-09-30,26,Miroslaw Mietus
240634,2018,73.6775956284153,930,BIELSKO-BIALA,PL,+49:48:26,+019:00:01,396, HU2,1951-01-01,2022-09-30,26,Miroslaw Mietus
240634,2019,70.59562841530055,930,BIELSKO-BIALA,PL,+49:48:26,+019:00:01,396, HU2,1951-01-01,2022-09-30,26,Miroslaw Mietus
240634,2020,72.72131147540983,930,BIELSKO-BIALA,PL,+49:48:26,+019:00:01,396, HU2,1951-01-01,2022-09-30,26,Miroslaw Mietus
240634,2021,75.27322404371584,930,BIELSKO-BIALA,PL,+49:48:26,+019:00:01,396, HU2,1951-01-01,2022-09-30,26,Miroslaw Mietus
240635,2017,75.87978142076503,24880,ZAKOPANE,PL,+49:18:00,+019:57:00,857, HU2,1951-01-01,2022-09-30,26,Miroslaw Mietus
240635,2017,75.87978142076503,24881,ZAKOPANE,PL,+49:18:00,+019:57:00,857, HU2,1951-01-01,2022-09-30,26,Miroslaw Mietus
240635,2017,75.87978142076503,24903,ZAKOPANE,PL,+49:18:00,+019:57:00,857, HU2,1951-01-01,2022-09-30,26,Miroslaw Mietus
240635,2017,75.87978142076503,1383,ZAKOPANE,PL,+49:18:00,+019:57:00,857, HU2,1951-01-01,2022-09-30,26,Miroslaw Mietus
240635,2018,76.85245901639344,24880,ZAKOPANE,PL,+49:18:00,+019:57:00,857, HU2,1951-01-01,2022-09-30,26,Miroslaw Mietus
240635,2018,76.85245901639344,24881,ZAKOPANE,PL,+49:18:00,+019:57:00,857, HU2,1951-01-01,2022-09-30,26,Miroslaw Mietus
240635,2018,76.85245901639344,24903,ZAKOPANE,PL,+49:18:00,+019:57:00,857, HU2,1951-01-01,2022-09-30,26,Miroslaw Mietus
240635,2018,76.85245901639344,1383,ZAKOPANE,PL,+49:18:00,+019:57:00,857, HU2,1951-01-01,2022-09-30,26,Miroslaw Mietus
240635,2019,75.57377049180327,24880,ZAKOPANE,PL,+49:18:00,+019:57:00,857, HU2,1951-01-01,2022-09-30,26,Miroslaw Mietus
240635,2019,75.57377049180327,24881,ZAKOPANE,PL,+49:18:00,+019:57:00,857, HU2,1951-01-01,2022-09-30,26,Miroslaw Mietus
240635,2019,75.57377049180327,24903,ZAKOPANE,PL,+49:18:00,+019:57:00,857, HU2,1951-01-01,2022-09-30,26,Miroslaw Mietus
240635,2019,75.57377049180327,1383,ZAKOPANE,PL,+49:18:00,+019:57:00,857, HU2,1951-01-01,2022-09-30,26,Miroslaw Mietus
240635,2020,75.49180327868852,24880,ZAKOPANE,PL,+49:18:00,+019:57:00,857, HU2,1951-01-01,2022-09-30,26,Miroslaw Mietus
240635,2020,75.49180327868852,24881,ZAKOPANE,PL,+49:18:00,+019:57:00,857, HU2,1951-01-01,2022-09-30,26,Miroslaw Mietus
240635,2020,75.49180327868852,24903,ZAKOPANE,PL,+49:18:00,+019:57:00,857, HU2,1951-01-01,2022-09-30,26,Miroslaw Mietus
240635,2020,75.49180327868852,1383,ZAKOPANE,PL,+49:18:00,+019:57:00,857, HU2,1951-01-01,2022-09-30,26,Miroslaw Mietus
240635,2021,76.98907103825137,24880,ZAKOPANE,PL,+49:18:00,+019:57:00,857, HU2,1951-01-01,2022-09-30,26,Miroslaw Mietus
240635,2021,76.98907103825137,24881,ZAKOPANE,PL,+49:18:00,+019:57:00,857, HU2,1951-01-01,2022-09-30,26,Miroslaw Mietus
240635,2021,76.98907103825137,24903,ZAKOPANE,PL,+49:18:00,+019:57:00,857, HU2,1951-01-01,2022-09-30,26,Miroslaw Mietus
240635,2021,76.98907103825137,1383,ZAKOPANE,PL,+49:18:00,+019:57:00,857, HU2,1951-01-01,2022-09-30,26,Miroslaw Mietus
240636,2017,75.58791208791209,24909,NOWY SACZ,PL,+49:37:38,+020:41:19,292, HU2,1954-01-01,2022-09-30,26,Miroslaw Mietus
240636,2017,75.58791208791209,932,NOWY SACZ,PL,+49:37:38,+020:41:19,292, HU2,1954-01-01,2022-09-30,26,Miroslaw Mietus
240636,2018,75.4010989010989,24909,NOWY SACZ,PL,+49:37:38,+020:41:19,292, HU2,1954-01-01,2022-09-30,26,Miroslaw Mietus
240636,2018,75.4010989010989,932,NOWY SACZ,PL,+49:37:38,+020:41:19,292, HU2,1954-01-01,2022-09-30,26,Miroslaw Mietus
240636,2019,72.92896174863388,24909,NOWY SACZ,PL,+49:37:38,+020:41:19,292, HU2,1954-01-01,2022-09-30,26,Miroslaw Mietus
240636,2019,72.92896174863388,932,NOWY SACZ,PL,+49:37:38,+020:41:19,292, HU2,1954-01-01,2022-09-30,26,Miroslaw Mietus
240636,2020,75.85792349726776,24909,NOWY SACZ,PL,+49:37:38,+020:41:19,292, HU2,1954-01-01,2022-09-30,26,Miroslaw Mietus
240636,2020,75.85792349726776,932,NOWY SACZ,PL,+49:37:38,+020:41:19,292, HU2,1954-01-01,2022-09-30,26,Miroslaw Mietus
240636,2021,77.55191256830601,24909,NOWY SACZ,PL,+49:37:38,+020:41:19,292, HU2,1954-01-01,2022-09-30,26,Miroslaw Mietus
240636,2021,77.55191256830601,932,NOWY SACZ,PL,+49:37:38,+020:41:19,292, HU2,1954-01-01,2022-09-30,26,Miroslaw Mietus
240637,2017,77.69945355191257,24921,LESKO,PL,+49:27:59,+022:20:30,420, HU2,1954-06-17,2022-09-30,26,Miroslaw Mietus
240637,2017,77.69945355191257,933,LESKO,PL,+49:27:59,+022:20:30,420, HU2,1954-06-17,2022-09-30,26,Miroslaw Mietus
240637,2018,78.74863387978142,24921,LESKO,PL,+49:27:59,+022:20:30,420, HU2,1954-06-17,2022-09-30,26,Miroslaw Mietus
240637,2018,78.74863387978142,933,LESKO,PL,+49:27:59,+022:20:30,420, HU2,1954-06-17,2022-09-30,26,Miroslaw Mietus
240637,2019,74.95081967213115,24921,LESKO,PL,+49:27:59,+022:20:30,420, HU2,1954-06-17,2022-09-30,26,Miroslaw Mietus
240637,2019,74.95081967213115,933,LESKO,PL,+49:27:59,+022:20:30,420, HU2,1954-06-17,2022-09-30,26,Miroslaw Mietus
240637,2020,75.85245901639344,24921,LESKO,PL,+49:27:59,+022:20:30,420, HU2,1954-06-17,2022-09-30,26,Miroslaw Mietus
240637,2020,75.85245901639344,933,LESKO,PL,+49:27:59,+022:20:30,420, HU2,1954-06-17,2022-09-30,26,Miroslaw Mietus
240637,2021,77.34426229508196,24921,LESKO,PL,+49:27:59,+022:20:30,420, HU2,1954-06-17,2022-09-30,26,Miroslaw Mietus
240637,2021,77.34426229508196,933,LESKO,PL,+49:27:59,+022:20:30,420, HU2,1954-06-17,2022-09-30,26,Miroslaw Mietus
240638,2017,78.8743169398907,2036,KLODZKO,PL,+50:26:13,+016:36:51,356, HU2,1951-01-01,2022-09-30,26,Miroslaw Mietus
240638,2018,75.8415300546448,2036,KLODZKO,PL,+50:26:13,+016:36:51,356, HU2,1951-01-01,2022-09-30,26,Miroslaw Mietus
240638,2019,76.66666666666667,2036,KLODZKO,PL,+50:26:13,+016:36:51,356, HU2,1951-01-01,2022-09-30,26,Miroslaw Mietus
240638,2020,78.66120218579235,2036,KLODZKO,PL,+50:26:13,+016:36:51,356, HU2,1951-01-01,2022-09-30,26,Miroslaw Mietus
240638,2021,78.73770491803279,2036,KLODZKO,PL,+50:26:13,+016:36:51,356, HU2,1951-01-01,2022-09-30,26,Miroslaw Mietus
240639,2017,77.02197802197803,928,RACIBORZ,PL,+50:03:40,+018:11:27,206, HU2,1951-01-01,2022-09-30,26,Miroslaw Mietus
240639,2018,74.47540983606558,928,RACIBORZ,PL,+50:03:40,+018:11:27,206, HU2,1951-01-01,2022-09-30,26,Miroslaw Mietus
240639,2019,74.29508196721312,928,RACIBORZ,PL,+50:03:40,+018:11:27,206, HU2,1951-01-01,2022-09-30,26,Miroslaw Mietus
240639,2020,76.66120218579235,928,RACIBORZ,PL,+50:03:40,+018:11:27,206, HU2,1951-01-01,2022-09-30,26,Miroslaw Mietus
240639,2021,77.57377049180327,928,RACIBORZ,PL,+50:03:40,+018:11:27,206, HU2,1951-01-01,2022-09-30,26,Miroslaw Mietus
240640,2017,77.95081967213115,2038,KIELCE,PL,+50:48:38,+020:41:32,260, HU2,1951-01-01,2022-09-30,26,Miroslaw Mietus
240640,2018,76.37704918032787,2038,KIELCE,PL,+50:48:38,+020:41:32,260, HU2,1951-01-01,2022-09-30,26,Miroslaw Mietus
240640,2019,77.50273224043715,2038,KIELCE,PL,+50:48:38,+020:41:32,260, HU2,1951-01-01,2022-09-30,26,Miroslaw Mietus
240640,2020,77.33333333333333,2038,KIELCE,PL,+50:48:38,+020:41:32,260, HU2,1951-01-01,2022-09-30,26,Miroslaw Mietus
240640,2021,78.50819672131148,2038,KIELCE,PL,+50:48:38,+020:41:32,260, HU2,1951-01-01,2022-09-30,26,Miroslaw Mietus
240641,2017,77.81420765027322,207,RZESZOW JASIONKA,PL,+50:06:39,+022:02:32,206, HU2,1952-01-01,2022-09-30,26,Miroslaw Mietus
240641,2018,76.66120218579235,207,RZESZOW JASIONKA,PL,+50:06:39,+022:02:32,206, HU2,1952-01-01,2022-09-30,26,Miroslaw Mietus
240641,2019,76.66666666666667,207,RZESZOW JASIONKA,PL,+50:06:39,+022:02:32,206, HU2,1952-01-01,2022-09-30,26,Miroslaw Mietus
240641,2020,75.31693989071039,207,RZESZOW JASIONKA,PL,+50:06:39,+022:02:32,206, HU2,1952-01-01,2022-09-30,26,Miroslaw Mietus
240641,2021,77.50819672131148,207,RZESZOW JASIONKA,PL,+50:06:39,+022:02:32,206, HU2,1952-01-01,2022-09-30,26,Miroslaw Mietus
240642,2017,79.02185792349727,2031,ZIELONA GORA,PL,+51:55:48,+015:31:29,192, HU2,1951-01-01,2022-09-30,26,Miroslaw Mietus
240642,2018,70.14754098360656,2031,ZIELONA GORA,PL,+51:55:48,+015:31:29,192, HU2,1951-01-01,2022-09-30,26,Miroslaw Mietus
240642,2019,72.08743169398907,2031,ZIELONA GORA,PL,+51:55:48,+015:31:29,192, HU2,1951-01-01,2022-09-30,26,Miroslaw Mietus
240642,2020,72.20218579234972,2031,ZIELONA GORA,PL,+51:55:48,+015:31:29,192, HU2,1951-01-01,2022-09-30,26,Miroslaw Mietus
240642,2021,76.10928961748634,2031,ZIELONA GORA,PL,+51:55:48,+015:31:29,192, HU2,1951-01-01,2022-09-30,26,Miroslaw Mietus
240643,2017,78.02732240437159,923,LESZNO,PL,+51:50:08,+016:32:05,91, HU2,1958-01-01,2022-09-30,26,Miroslaw Mietus
240643,2018,72.79781420765028,923,LESZNO,PL,+51:50:08,+016:32:05,91, HU2,1958-01-01,2022-09-30,26,Miroslaw Mietus
240643,2019,74.0327868852459,923,LESZNO,PL,+51:50:08,+016:32:05,91, HU2,1958-01-01,2022-09-30,26,Miroslaw Mietus
240643,2020,74.31693989071039,923,LESZNO,PL,+51:50:08,+016:32:05,91, HU2,1958-01-01,2022-09-30,26,Miroslaw Mietus
240643,2021,77.1311475409836,923,LESZNO,PL,+51:50:08,+016:32:05,91, HU2,1958-01-01,2022-09-30,26,Miroslaw Mietus
240644,2017,75.21857923497268,25004,WROCLAW,PL,+51:06:12,+016:54:00,120, HU2,1951-01-01,2022-09-30,26,Miroslaw Mietus
240644,2017,75.21857923497268,210,WROCLAW,PL,+51:06:12,+016:54:00,120, HU2,1951-01-01,2022-09-30,26,Miroslaw Mietus
240644,2018,69.89071038251366,25004,WROCLAW,PL,+51:06:12,+016:54:00,120, HU2,1951-01-01,2022-09-30,26,Miroslaw Mietus
240644,2018,69.89071038251366,210,WROCLAW,PL,+51:06:12,+016:54:00,120, HU2,1951-01-01,2022-09-30,26,Miroslaw Mietus
240644,2019,71.44262295081967,25004,WROCLAW,PL,+51:06:12,+016:54:00,120, HU2,1951-01-01,2022-09-30,26,Miroslaw Mietus
240644,2019,71.44262295081967,210,WROCLAW,PL,+51:06:12,+016:54:00,120, HU2,1951-01-01,2022-09-30,26,Miroslaw Mietus
240644,2020,72.65027322404372,25004,WROCLAW,PL,+51:06:12,+016:54:00,120, HU2,1951-01-01,2022-09-30,26,Miroslaw Mietus
240644,2020,72.65027322404372,210,WROCLAW,PL,+51:06:12,+016:54:00,120, HU2,1951-01-01,2022-09-30,26,Miroslaw Mietus
240644,2021,75.01092896174863,25004,WROCLAW,PL,+51:06:12,+016:54:00,120, HU2,1951-01-01,2022-09-30,26,Miroslaw Mietus
240644,2021,75.01092896174863,210,WROCLAW,PL,+51:06:12,+016:54:00,120, HU2,1951-01-01,2022-09-30,26,Miroslaw Mietus
240645,2017,80.70108695652173,2032,KALISZ,PL,+51:43:48,+018:04:48,140, HU2,1951-01-01,2022-09-30,26,Miroslaw Mietus
240645,2018,76.2896174863388,2032,KALISZ,PL,+51:43:48,+018:04:48,140, HU2,1951-01-01,2022-09-30,26,Miroslaw Mietus
240645,2019,75.6120218579235,2032,KALISZ,PL,+51:43:48,+018:04:48,140, HU2,1951-01-01,2022-09-30,26,Miroslaw Mietus
240645,2020,77.36612021857924,2032,KALISZ,PL,+51:43:48,+018:04:48,140, HU2,1951-01-01,2022-09-30,26,Miroslaw Mietus
240645,2021,78.8360655737705,2032,KALISZ,PL,+51:43:48,+018:04:48,140, HU2,1951-01-01,2022-09-30,26,Miroslaw Mietus
240646,2017,77.56983240223464,924,WIELUN,PL,+51:12:37,+018:33:24,199, HU2,1951-01-01,2022-09-30,26,Miroslaw Mietus
240646,2018,72.53551912568307,924,WIELUN,PL,+51:12:37,+018:33:24,199, HU2,1951-01-01,2022-09-30,26,Miroslaw Mietus
240646,2019,72.10928961748634,924,WIELUN,PL,+51:12:37,+018:33:24,199, HU2,1951-01-01,2022-09-30,26,Miroslaw Mietus
240646,2020,73.79234972677595,924,WIELUN,PL,+51:12:37,+018:33:24,199, HU2,1951-01-01,2022-09-30,26,Miroslaw Mietus
240646,2021,77.1639344262295,924,WIELUN,PL,+51:12:37,+018:33:24,199, HU2,1951-01-01,2022-09-30,26,Miroslaw Mietus
240647,2017,79.72131147540983,2033,LODZ,PL,+51:43:48,+019:24:00,187, HU2,1951-01-01,2022-09-30,26,Miroslaw Mietus
240647,2018,74.78688524590164,2033,LODZ,PL,+51:43:48,+019:24:00,187, HU2,1951-01-01,2022-09-30,26,Miroslaw Mietus
240647,2019,73.07650273224044,2033,LODZ,PL,+51:43:48,+019:24:00,187, HU2,1951-01-01,2022-09-30,26,Miroslaw Mietus
240647,2020,75.12021857923497,2033,LODZ,PL,+51:43:48,+019:24:00,187, HU2,1951-01-01,2022-09-30,26,Miroslaw Mietus
240647,2021,79.38251366120218,2033,LODZ,PL,+51:43:48,+019:24:00,187, HU2,1951-01-01,2022-09-30,26,Miroslaw Mietus
240648,2017,79.90710382513662,926,SULEJOW,PL,+51:21:12,+019:51:59,188, HU2,1966-01-01,2022-09-30,26,Miroslaw Mietus
240648,2018,76.44262295081967,926,SULEJOW,PL,+51:21:12,+019:51:59,188, HU2,1966-01-01,2022-09-30,26,Miroslaw Mietus
240648,2019,74.93442622950819,926,SULEJOW,PL,+51:21:12,+019:51:59,188, HU2,1966-01-01,2022-09-30,26,Miroslaw Mietus
240648,2020,76.51366120218579,926,SULEJOW,PL,+51:21:12,+019:51:59,188, HU2,1966-01-01,2022-09-30,26,Miroslaw Mietus
240648,2021,79.4153005464481,926,SULEJOW,PL,+51:21:12,+019:51:59,188, HU2,1966-01-01,2022-09-30,26,Miroslaw Mietus
240649,2017,79.67213114754098,927,WLODAWA,PL,+51:33:12,+023:31:46,177, HU2,1951-01-01,2022-09-30,26,Miroslaw Mietus
240649,2018,77.14754098360656,927,WLODAWA,PL,+51:33:12,+023:31:46,177, HU2,1951-01-01,2022-09-30,26,Miroslaw Mietus
240649,2019,75.24590163934427,927,WLODAWA,PL,+51:33:12,+023:31:46,177, HU2,1951-01-01,2022-09-30,26,Miroslaw Mietus
240649,2020,77.2568306010929,927,WLODAWA,PL,+51:33:12,+023:31:46,177, HU2,1951-01-01,2022-09-30,26,Miroslaw Mietus
240649,2021,78.36612021857924,927,WLODAWA,PL,+51:33:12,+023:31:46,177, HU2,1951-01-01,2022-09-30,26,Miroslaw Mietus
240650,2017,77.31693989071039,4108,SLUBICE,PL,+52:20:55,+014:37:11,53, HU2,1951-01-01,2022-09-30,26,Miroslaw Mietus
240650,2017,77.31693989071039,779,SLUBICE,PL,+52:20:55,+014:37:11,53, HU2,1951-01-01,2022-09-30,26,Miroslaw Mietus
240650,2018,71.8743169398907,4108,SLUBICE,PL,+52:20:55,+014:37:11,53, HU2,1951-01-01,2022-09-30,26,Miroslaw Mietus
240650,2018,71.8743169398907,779,SLUBICE,PL,+52:20:55,+014:37:11,53, HU2,1951-01-01,2022-09-30,26,Miroslaw Mietus
240650,2019,70.39344262295081,4108,SLUBICE,PL,+52:20:55,+014:37:11,53, HU2,1951-01-01,2022-09-30,26,Miroslaw Mietus
240650,2019,70.39344262295081,779,SLUBICE,PL,+52:20:55,+014:37:11,53, HU2,1951-01-01,2022-09-30,26,Miroslaw Mietus
240650,2020,71.62841530054645,4108,SLUBICE,PL,+52:20:55,+014:37:11,53, HU2,1951-01-01,2022-09-30,26,Miroslaw Mietus
240650,2020,71.62841530054645,779,SLUBICE,PL,+52:20:55,+014:37:11,53, HU2,1951-01-01,2022-09-30,26,Miroslaw Mietus
240650,2021,74.81967213114754,4108,SLUBICE,PL,+52:20:55,+014:37:11,53, HU2,1951-01-01,2022-09-30,26,Miroslaw Mietus
240650,2021,74.81967213114754,779,SLUBICE,PL,+52:20:55,+014:37:11,53, HU2,1951-01-01,2022-09-30,26,Miroslaw Mietus
240651,2017,79.13661202185793,2029,GORZOW WLKP,PL,+52:44:28,+015:16:38,71, HU2,1951-01-01,2022-09-30,26,Miroslaw Mietus
240651,2018,72.27322404371584,2029,GORZOW WLKP,PL,+52:44:28,+015:16:38,71, HU2,1951-01-01,2022-09-30,26,Miroslaw Mietus
240651,2019,73.48633879781421,2029,GORZOW WLKP,PL,+52:44:28,+015:16:38,71, HU2,1951-01-01,2022-09-30,26,Miroslaw Mietus
240651,2020,73.23497267759562,2029,GORZOW WLKP,PL,+52:44:28,+015:16:38,71, HU2,1951-01-01,2022-09-30,26,Miroslaw Mietus
240651,2021,77.52459016393442,2029,GORZOW WLKP,PL,+52:44:28,+015:16:38,71, HU2,1951-01-01,2022-09-30,26,Miroslaw Mietus
240652,2017,77.2192513368984,25140,POZNAN,PL,+52:11:59,+018:39:37,115, HU2,1951-01-01,2022-09-30,26,Miroslaw Mietus
240652,2017,77.2192513368984,206,POZNAN,PL,+52:11:59,+018:39:37,115, HU2,1951-01-01,2022-09-30,26,Miroslaw Mietus
240652,2018,70.3068783068783,25140,POZNAN,PL,+52:11:59,+018:39:37,115, HU2,1951-01-01,2022-09-30,26,Miroslaw Mietus
240652,2018,70.3068783068783,206,POZNAN,PL,+52:11:59,+018:39:37,115, HU2,1951-01-01,2022-09-30,26,Miroslaw Mietus
240652,2019,72.71584699453553,25140,POZNAN,PL,+52:11:59,+018:39:37,115, HU2,1951-01-01,2022-09-30,26,Miroslaw Mietus
240652,2019,72.71584699453553,206,POZNAN,PL,+52:11:59,+018:39:37,115, HU2,1951-01-01,2022-09-30,26,Miroslaw Mietus
240652,2020,72.43243243243244,25140,POZNAN,PL,+52:11:59,+018:39:37,115, HU2,1951-01-01,2022-09-30,26,Miroslaw Mietus
240652,2020,72.43243243243244,206,POZNAN,PL,+52:11:59,+018:39:37,115, HU2,1951-01-01,2022-09-30,26,Miroslaw Mietus
240652,2021,76.19125683060109,25140,POZNAN,PL,+52:11:59,+018:39:37,115, HU2,1951-01-01,2022-09-30,26,Miroslaw Mietus
240652,2021,76.19125683060109,206,POZNAN,PL,+52:11:59,+018:39:37,115, HU2,1951-01-01,2022-09-30,26,Miroslaw Mietus
240653,2017,77.22950819672131,25060,WARSZAWA-OKECIE,PL,+52:09:46,+020:57:40,107, HU2,1951-01-01,2022-09-30,26,Miroslaw Mietus
240653,2017,77.22950819672131,25152,WARSZAWA-OKECIE,PL,+52:09:46,+020:57:40,107, HU2,1951-01-01,2022-09-30,26,Miroslaw Mietus
240653,2017,77.22950819672131,9040,WARSZAWA-OKECIE,PL,+52:09:46,+020:57:40,107, HU2,1951-01-01,2022-09-30,26,Miroslaw Mietus
240653,2017,77.22950819672131,209,WARSZAWA-OKECIE,PL,+52:09:46,+020:57:40,107, HU2,1951-01-01,2022-09-30,26,Miroslaw Mietus
240653,2018,72.59016393442623,25060,WARSZAWA-OKECIE,PL,+52:09:46,+020:57:40,107, HU2,1951-01-01,2022-09-30,26,Miroslaw Mietus
240653,2018,72.59016393442623,25152,WARSZAWA-OKECIE,PL,+52:09:46,+020:57:40,107, HU2,1951-01-01,2022-09-30,26,Miroslaw Mietus
240653,2018,72.59016393442623,9040,WARSZAWA-OKECIE,PL,+52:09:46,+020:57:40,107, HU2,1951-01-01,2022-09-30,26,Miroslaw Mietus
240653,2018,72.59016393442623,209,WARSZAWA-OKECIE,PL,+52:09:46,+020:57:40,107, HU2,1951-01-01,2022-09-30,26,Miroslaw Mietus
240653,2019,71.56284153005464,25060,WARSZAWA-OKECIE,PL,+52:09:46,+020:57:40,107, HU2,1951-01-01,2022-09-30,26,Miroslaw Mietus
240653,2019,71.56284153005464,25152,WARSZAWA-OKECIE,PL,+52:09:46,+020:57:40,107, HU2,1951-01-01,2022-09-30,26,Miroslaw Mietus
240653,2019,71.56284153005464,9040,WARSZAWA-OKECIE,PL,+52:09:46,+020:57:40,107, HU2,1951-01-01,2022-09-30,26,Miroslaw Mietus
240653,2019,71.56284153005464,209,WARSZAWA-OKECIE,PL,+52:09:46,+020:57:40,107, HU2,1951-01-01,2022-09-30,26,Miroslaw Mietus
240653,2020,73.25136612021858,25060,WARSZAWA-OKECIE,PL,+52:09:46,+020:57:40,107, HU2,1951-01-01,2022-09-30,26,Miroslaw Mietus
240653,2020,73.25136612021858,25152,WARSZAWA-OKECIE,PL,+52:09:46,+020:57:40,107, HU2,1951-01-01,2022-09-30,26,Miroslaw Mietus
240653,2020,73.25136612021858,9040,WARSZAWA-OKECIE,PL,+52:09:46,+020:57:40,107, HU2,1951-01-01,2022-09-30,26,Miroslaw Mietus
240653,2020,73.25136612021858,209,WARSZAWA-OKECIE,PL,+52:09:46,+020:57:40,107, HU2,1951-01-01,2022-09-30,26,Miroslaw Mietus
240653,2021,77.16991150442477,25060,WARSZAWA-OKECIE,PL,+52:09:46,+020:57:40,107, HU2,1951-01-01,2022-09-30,26,Miroslaw Mietus
240653,2021,77.16991150442477,25152,WARSZAWA-OKECIE,PL,+52:09:46,+020:57:40,107, HU2,1951-01-01,2022-09-30,26,Miroslaw Mietus
240653,2021,77.16991150442477,9040,WARSZAWA-OKECIE,PL,+52:09:46,+020:57:40,107, HU2,1951-01-01,2022-09-30,26,Miroslaw Mietus
240653,2021,77.16991150442477,209,WARSZAWA-OKECIE,PL,+52:09:46,+020:57:40,107, HU2,1951-01-01,2022-09-30,26,Miroslaw Mietus
240654,2017,79.3879781420765,333,SIEDLCE,PL,+52:10:52,+022:14:41,152, HU2,1951-01-01,2022-09-30,26,Miroslaw Mietus
240654,2018,76.39344262295081,333,SIEDLCE,PL,+52:10:52,+022:14:41,152, HU2,1951-01-01,2022-09-30,26,Miroslaw Mietus
240654,2019,75.26775956284153,333,SIEDLCE,PL,+52:10:52,+022:14:41,152, HU2,1951-01-01,2022-09-30,26,Miroslaw Mietus
240654,2020,75.52459016393442,333,SIEDLCE,PL,+52:10:52,+022:14:41,152, HU2,1951-01-01,2022-09-30,26,Miroslaw Mietus
240654,2021,78.72677595628416,333,SIEDLCE,PL,+52:10:52,+022:14:41,152, HU2,1951-01-01,2022-09-30,26,Miroslaw Mietus
240655,2017,79.62841530054645,922,TERESPOL,PL,+52:04:43,+023:37:19,133, HU2,1955-01-01,2022-09-30,26,Miroslaw Mietus
240655,2018,76.20218579234972,922,TERESPOL,PL,+52:04:43,+023:37:19,133, HU2,1955-01-01,2022-09-30,26,Miroslaw Mietus
240655,2019,74.94535519125684,922,TERESPOL,PL,+52:04:43,+023:37:19,133, HU2,1955-01-01,2022-09-30,26,Miroslaw Mietus
240655,2020,77.08743169398907,922,TERESPOL,PL,+52:04:43,+023:37:19,133, HU2,1955-01-01,2022-09-30,26,Miroslaw Mietus
240655,2021,78.89617486338798,922,TERESPOL,PL,+52:04:43,+023:37:19,133, HU2,1955-01-01,2022-09-30,26,Miroslaw Mietus
240656,2017,81.35164835164835,696,SWINOUJSCIE,PL,+53:55:24,+014:14:32,5, HU2,1951-01-01,2022-09-30,26,Miroslaw Mietus
240656,2018,77.6775956284153,696,SWINOUJSCIE,PL,+53:55:24,+014:14:32,5, HU2,1951-01-01,2022-09-30,26,Miroslaw Mietus
240656,2019,78.59562841530055,696,SWINOUJSCIE,PL,+53:55:24,+014:14:32,5, HU2,1951-01-01,2022-09-30,26,Miroslaw Mietus
240656,2020,79.26229508196721,696,SWINOUJSCIE,PL,+53:55:24,+014:14:32,5, HU2,1951-01-01,2022-09-30,26,Miroslaw Mietus
240656,2021,79.0934065934066,696,SWINOUJSCIE,PL,+53:55:24,+014:14:32,5, HU2,1951-01-01,2022-09-30,26,Miroslaw Mietus
240657,2017,79.02185792349727,208,SZCZECIN,PL,+53:23:43,+014:37:22,1, HU2,1951-01-01,2022-09-30,26,Miroslaw Mietus
240657,2018,74.94535519125684,208,SZCZECIN,PL,+53:23:43,+014:37:22,1, HU2,1951-01-01,2022-09-30,26,Miroslaw Mietus
240657,2019,75.2568306010929,208,SZCZECIN,PL,+53:23:43,+014:37:22,1, HU2,1951-01-01,2022-09-30,26,Miroslaw Mietus
240657,2020,75.30054644808743,208,SZCZECIN,PL,+53:23:43,+014:37:22,1, HU2,1951-01-01,2022-09-30,26,Miroslaw Mietus
240657,2021,78.42622950819673,208,SZCZECIN,PL,+53:23:43,+014:37:22,1, HU2,1951-01-01,2022-09-30,26,Miroslaw Mietus
240658,2017,81.73770491803279,2026,CHOJNICE,PL,+53:42:55,+017:31:57,164, HU2,1951-01-01,2022-09-30,26,Miroslaw Mietus
240658,2018,76.4153005464481,2026,CHOJNICE,PL,+53:42:55,+017:31:57,164, HU2,1951-01-01,2022-09-30,26,Miroslaw Mietus
240658,2019,78.05464480874316,2026,CHOJNICE,PL,+53:42:55,+017:31:57,164, HU2,1951-01-01,2022-09-30,26,Miroslaw Mietus
240658,2020,78.34426229508196,2026,CHOJNICE,PL,+53:42:55,+017:31:57,164, HU2,1951-01-01,2022-09-30,26,Miroslaw Mietus
240658,2021,78.64480874316939,2026,CHOJNICE,PL,+53:42:55,+017:31:57,164, HU2,1951-01-01,2022-09-30,26,Miroslaw Mietus
240659,2017,78.33879781420765,2027,TORUN,PL,+53:02:31,+018:35:44,69, HU2,1951-01-01,2022-09-30,26,Miroslaw Mietus
240659,2018,72.4535519125683,2027,TORUN,PL,+53:02:31,+018:35:44,69, HU2,1951-01-01,2022-09-30,26,Miroslaw Mietus
240659,2019,74.01639344262296,2027,TORUN,PL,+53:02:31,+018:35:44,69, HU2,1951-01-01,2022-09-30,26,Miroslaw Mietus
240659,2020,75.36612021857924,2027,TORUN,PL,+53:02:31,+018:35:44,69, HU2,1951-01-01,2022-09-30,26,Miroslaw Mietus
240659,2021,78.34426229508196,2027,TORUN,PL,+53:02:31,+018:35:44,69, HU2,1951-01-01,2022-09-30,26,Miroslaw Mietus
240660,2017,80.63934426229508,2028,MLAWA,PL,+53:06:15,+020:21:40,147, HU2,1961-01-01,2022-09-30,26,Miroslaw Mietus
240660,2018,76.28415300546447,2028,MLAWA,PL,+53:06:15,+020:21:40,147, HU2,1961-01-01,2022-09-30,26,Miroslaw Mietus
240660,2019,76.62841530054645,2028,MLAWA,PL,+53:06:15,+020:21:40,147, HU2,1961-01-01,2022-09-30,26,Miroslaw Mietus
240660,2020,78.09289617486338,2028,MLAWA,PL,+53:06:15,+020:21:40,147, HU2,1961-01-01,2022-09-30,26,Miroslaw Mietus
240660,2021,79.89617486338798,2028,MLAWA,PL,+53:06:15,+020:21:40,147, HU2,1961-01-01,2022-09-30,26,Miroslaw Mietus
240661,2017,78.5163043478261,752,OLSZTYN,PL,+53:46:07,+020:25:17,133, HU2,1951-01-01,2022-09-30,26,Miroslaw Mietus
240661,2018,75.68306010928961,752,OLSZTYN,PL,+53:46:07,+020:25:17,133, HU2,1951-01-01,2022-09-30,26,Miroslaw Mietus
240661,2019,75.73770491803279,752,OLSZTYN,PL,+53:46:07,+020:25:17,133, HU2,1951-01-01,2022-09-30,26,Miroslaw Mietus
240661,2020,77.18032786885246,752,OLSZTYN,PL,+53:46:07,+020:25:17,133, HU2,1951-01-01,2022-09-30,26,Miroslaw Mietus
240661,2021,79.04918032786885,752,OLSZTYN,PL,+53:46:07,+020:25:17,133, HU2,1951-01-01,2022-09-30,26,Miroslaw Mietus
240662,2017,80.89071038251366,204,BIALYSTOK,PL,+53:06:26,+023:09:44,148, HU2,1951-01-01,2022-09-30,26,Miroslaw Mietus
240662,2018,77.78688524590164,204,BIALYSTOK,PL,+53:06:26,+023:09:44,148, HU2,1951-01-01,2022-09-30,26,Miroslaw Mietus
240662,2019,77.4153005464481,204,BIALYSTOK,PL,+53:06:26,+023:09:44,148, HU2,1951-01-01,2022-09-30,26,Miroslaw Mietus
240662,2020,78.01639344262296,204,BIALYSTOK,PL,+53:06:26,+023:09:44,148, HU2,1951-01-01,2022-09-30,26,Miroslaw Mietus
240662,2021,80.45901639344262,204,BIALYSTOK,PL,+53:06:26,+023:09:44,148, HU2,1951-01-01,2022-09-30,26,Miroslaw Mietus
240663,2017,83.40983606557377,332,LEBA,PL,+54:45:13,+017:32:05,2, HU2,1951-01-01,2022-09-30,26,Miroslaw Mietus
240663,2018,80.91803278688525,332,LEBA,PL,+54:45:13,+017:32:05,2, HU2,1951-01-01,2022-09-30,26,Miroslaw Mietus
240663,2019,81.50819672131148,332,LEBA,PL,+54:45:13,+017:32:05,2, HU2,1951-01-01,2022-09-30,26,Miroslaw Mietus
240663,2020,82.04918032786885,332,LEBA,PL,+54:45:13,+017:32:05,2, HU2,1951-01-01,2022-09-30,26,Miroslaw Mietus
240663,2021,81.81967213114754,332,LEBA,PL,+54:45:13,+017:32:05,2, HU2,1951-01-01,2022-09-30,26,Miroslaw Mietus
240664,2017,82.51366120218579,205,HEL,PL,+54:36:13,+018:48:43,1, HU2,1951-01-01,2022-09-30,26,Miroslaw Mietus
240664,2018,80.03825136612022,205,HEL,PL,+54:36:13,+018:48:43,1, HU2,1951-01-01,2022-09-30,26,Miroslaw Mietus
240664,2019,80.66120218579235,205,HEL,PL,+54:36:13,+018:48:43,1, HU2,1951-01-01,2022-09-30,26,Miroslaw Mietus
240664,2020,79.82513661202186,205,HEL,PL,+54:36:13,+018:48:43,1, HU2,1951-01-01,2022-09-30,26,Miroslaw Mietus
240664,2021,81.36065573770492,205,HEL,PL,+54:36:13,+018:48:43,1, HU2,1951-01-01,2022-09-30,26,Miroslaw Mietus
240665,2017,81.11475409836065,396,ELBLAG,PL,+54:13:24,+019:32:37,189, HU2,1951-01-01,2022-09-30,26,Miroslaw Mietus
240665,2018,77.59562841530055,396,ELBLAG,PL,+54:13:24,+019:32:37,189, HU2,1951-01-01,2022-09-30,26,Miroslaw Mietus
240665,2019,75.90163934426229,396,ELBLAG,PL,+54:13:24,+019:32:37,189, HU2,1951-01-01,2022-09-30,26,Miroslaw Mietus
240665,2020,76.69945355191257,396,ELBLAG,PL,+54:13:24,+019:32:37,189, HU2,1951-01-01,2022-09-30,26,Miroslaw Mietus
240665,2021,80.31693989071039,396,ELBLAG,PL,+54:13:24,+019:32:37,189, HU2,1951-01-01,2022-09-30,26,Miroslaw Mietus
912205,2017,87.5,208,SZCZECIN,PL,+53:24:00,+014:37:00,7, HU6,2017-12-09,2017-12-11,,
912465,2017,80.0,2033,LODZ,PL,+51:44:00,+019:24:00,190, HU6,1988-07-24,2017-12-11,,
912566,2017,68.5,25133,KRAKOW,PL,+50:05:00,+019:48:00,237, HU6,2017-12-09,2017-12-11,,
