SOUID,DATE,SD,STAID,SOUNAME,CN,LAT,LON,HGHT,ELEI,BEGIN,END,PARID,PARNAME
122387,2017,0.6166666666666667,4108,FRANKFURT/ODER,DE,+52:21:55,+014:32:16,48, SD3,1969-01-01,2022-10-31,11,National Climate Data Center (DWD)
122387,2017,0.6166666666666667,779,FRANKFURT/ODER,DE,+52:21:55,+014:32:16,48, SD3,1969-01-01,2022-10-31,11,National Climate Data Center (DWD)
236772,2017,1.2986301369863014,24860,PSZCZYNA,PL,+50:00:00,+018:55:00,261, SD2,1956-01-01,2022-08-31,26,Miroslaw Mietus
236772,2018,0.7912087912087912,24860,PSZCZYNA,PL,+50:00:00,+018:55:00,261, SD2,1956-01-01,2022-08-31,26,Miroslaw Mietus
236772,2019,1.1972602739726028,24860,PSZCZYNA,PL,+50:00:00,+018:55:00,261, SD2,1956-01-01,2022-08-31,26,Miroslaw Mietus
236772,2020,0.06830601092896176,24860,PSZCZYNA,PL,+50:00:00,+018:55:00,261, SD2,1956-01-01,2022-08-31,26,Miroslaw Mietus
236772,2021,1.2356164383561643,24860,PSZCZYNA,PL,+50:00:00,+018:55:00,261, SD2,1956-01-01,2022-08-31,26,Miroslaw Mietus
236964,2017,4.936986301369863,24876,JABLONKA,PL,+49:28:00,+019:42:00,671, SD2,1961-01-01,2022-08-31,26,Miroslaw Mietus
236964,2018,1.8054794520547945,24876,JABLONKA,PL,+49:28:00,+019:42:00,671, SD2,1961-01-01,2022-08-31,26,Miroslaw Mietus
236964,2019,5.8712328767123285,24876,JABLONKA,PL,+49:28:00,+019:42:00,671, SD2,1961-01-01,2022-08-31,26,Miroslaw Mietus
236964,2020,0.9207650273224044,24876,JABLONKA,PL,+49:28:00,+019:42:00,671, SD2,1961-01-01,2022-08-31,26,Miroslaw Mietus
236964,2021,2.8328767123287673,24876,JABLONKA,PL,+49:28:00,+019:42:00,671, SD2,1961-01-01,2022-08-31,26,Miroslaw Mietus
237072,2017,0.5452054794520548,24885,LAZY,PL,+49:58:00,+020:30:00,251, SD2,1989-01-01,2022-08-31,26,Miroslaw Mietus
237072,2017,0.5452054794520548,24911,LAZY,PL,+49:58:00,+020:30:00,251, SD2,1989-01-01,2022-08-31,26,Miroslaw Mietus
237072,2018,0.6876712328767123,24885,LAZY,PL,+49:58:00,+020:30:00,251, SD2,1989-01-01,2022-08-31,26,Miroslaw Mietus
237072,2018,0.6876712328767123,24911,LAZY,PL,+49:58:00,+020:30:00,251, SD2,1989-01-01,2022-08-31,26,Miroslaw Mietus
237072,2019,0.32602739726027397,24885,LAZY,PL,+49:58:00,+020:30:00,251, SD2,1989-01-01,2022-08-31,26,Miroslaw Mietus
237072,2019,0.32602739726027397,24911,LAZY,PL,+49:58:00,+020:30:00,251, SD2,1989-01-01,2022-08-31,26,Miroslaw Mietus
237072,2020,0.06284153005464481,24885,LAZY,PL,+49:58:00,+020:30:00,251, SD2,1989-01-01,2022-08-31,26,Miroslaw Mietus
237072,2020,0.06284153005464481,24911,LAZY,PL,+49:58:00,+020:30:00,251, SD2,1989-01-01,2022-08-31,26,Miroslaw Mietus
237120,2017,1.9671232876712328,24889,LIMANOWA,PL,+49:41:00,+020:26:00,587, SD2,1952-01-01,2022-08-31,26,Miroslaw Mietus
237120,2018,1.917808219178082,24889,LIMANOWA,PL,+49:41:00,+020:26:00,587, SD2,1952-01-01,2022-08-31,26,Miroslaw Mietus
237120,2019,1.9726027397260273,24889,LIMANOWA,PL,+49:41:00,+020:26:00,587, SD2,1952-01-01,2022-08-31,26,Miroslaw Mietus
237120,2020,0.8060109289617486,24889,LIMANOWA,PL,+49:41:00,+020:26:00,587, SD2,1952-01-01,2022-08-31,26,Miroslaw Mietus
237120,2021,3.243835616438356,24889,LIMANOWA,PL,+49:41:00,+020:26:00,587, SD2,1952-01-01,2022-08-31,26,Miroslaw Mietus
237144,2017,0.8712328767123287,24891,LACKO,PL,+49:33:34,+020:26:22,516, SD2,1956-01-01,2022-08-31,26,Miroslaw Mietus
237144,2018,1.0328767123287672,24891,LACKO,PL,+49:33:34,+020:26:22,516, SD2,1956-01-01,2022-08-31,26,Miroslaw Mietus
237144,2019,0.8986301369863013,24891,LACKO,PL,+49:33:34,+020:26:22,516, SD2,1956-01-01,2022-08-31,26,Miroslaw Mietus
237144,2020,0.040983606557377046,24891,LACKO,PL,+49:33:34,+020:26:22,516, SD2,1956-01-01,2022-08-31,26,Miroslaw Mietus
237144,2021,0.9013698630136986,24891,LACKO,PL,+49:33:34,+020:26:22,516, SD2,1956-01-01,2022-08-31,26,Miroslaw Mietus
237204,2017,6.487671232876712,24896,KRYNICA,PL,+49:25:00,+020:58:00,702, SD2,1961-01-01,2022-08-31,26,Miroslaw Mietus
237204,2017,6.487671232876712,24907,KRYNICA,PL,+49:25:00,+020:58:00,702, SD2,1961-01-01,2022-08-31,26,Miroslaw Mietus
237204,2018,3.484931506849315,24896,KRYNICA,PL,+49:25:00,+020:58:00,702, SD2,1961-01-01,2022-08-31,26,Miroslaw Mietus
237204,2018,3.484931506849315,24907,KRYNICA,PL,+49:25:00,+020:58:00,702, SD2,1961-01-01,2022-08-31,26,Miroslaw Mietus
237204,2019,6.794520547945205,24896,KRYNICA,PL,+49:25:00,+020:58:00,702, SD2,1961-01-01,2022-08-31,26,Miroslaw Mietus
237204,2019,6.794520547945205,24907,KRYNICA,PL,+49:25:00,+020:58:00,702, SD2,1961-01-01,2022-08-31,26,Miroslaw Mietus
237204,2020,1.9781420765027322,24896,KRYNICA,PL,+49:25:00,+020:58:00,702, SD2,1961-01-01,2022-08-31,26,Miroslaw Mietus
237204,2020,1.9781420765027322,24907,KRYNICA,PL,+49:25:00,+020:58:00,702, SD2,1961-01-01,2022-08-31,26,Miroslaw Mietus
237204,2021,3.638356164383562,24896,KRYNICA,PL,+49:25:00,+020:58:00,702, SD2,1961-01-01,2022-08-31,26,Miroslaw Mietus
237204,2021,3.638356164383562,24907,KRYNICA,PL,+49:25:00,+020:58:00,702, SD2,1961-01-01,2022-08-31,26,Miroslaw Mietus
237276,2017,1.9506849315068493,24894,PIWNICZNA,PL,+49:25:31,+020:43:23,684, SD2,2008-07-01,2022-08-31,26,Miroslaw Mietus
237276,2017,1.9506849315068493,24902,PIWNICZNA,PL,+49:25:31,+020:43:23,684, SD2,2008-07-01,2022-08-31,26,Miroslaw Mietus
237276,2018,2.282191780821918,24894,PIWNICZNA,PL,+49:25:31,+020:43:23,684, SD2,2008-07-01,2022-08-31,26,Miroslaw Mietus
237276,2018,2.282191780821918,24902,PIWNICZNA,PL,+49:25:31,+020:43:23,684, SD2,2008-07-01,2022-08-31,26,Miroslaw Mietus
237276,2019,2.717808219178082,24894,PIWNICZNA,PL,+49:25:31,+020:43:23,684, SD2,2008-07-01,2022-08-31,26,Miroslaw Mietus
237276,2019,2.717808219178082,24902,PIWNICZNA,PL,+49:25:31,+020:43:23,684, SD2,2008-07-01,2022-08-31,26,Miroslaw Mietus
237276,2020,1.0710382513661203,24894,PIWNICZNA,PL,+49:25:31,+020:43:23,684, SD2,2008-07-01,2022-08-31,26,Miroslaw Mietus
237276,2020,1.0710382513661203,24902,PIWNICZNA,PL,+49:25:31,+020:43:23,684, SD2,2008-07-01,2022-08-31,26,Miroslaw Mietus
237276,2021,2.0712328767123287,24894,PIWNICZNA,PL,+49:25:31,+020:43:23,684, SD2,2008-07-01,2022-08-31,26,Miroslaw Mietus
237276,2021,2.0712328767123287,24902,PIWNICZNA,PL,+49:25:31,+020:43:23,684, SD2,2008-07-01,2022-08-31,26,Miroslaw Mietus
237288,2017,5.295890410958904,24903,PORONIN,PL,+49:19:49,+020:02:06,848, SD2,2010-01-01,2022-08-31,26,Miroslaw Mietus
237288,2018,4.082191780821918,24903,PORONIN,PL,+49:19:49,+020:02:06,848, SD2,2010-01-01,2022-08-31,26,Miroslaw Mietus
237288,2019,7.010958904109589,24903,PORONIN,PL,+49:19:49,+020:02:06,848, SD2,2010-01-01,2022-08-31,26,Miroslaw Mietus
237288,2020,3.439890710382514,24903,PORONIN,PL,+49:19:49,+020:02:06,848, SD2,2010-01-01,2022-08-31,26,Miroslaw Mietus
237288,2021,5.410958904109589,24903,PORONIN,PL,+49:19:49,+020:02:06,848, SD2,2010-01-01,2022-08-31,26,Miroslaw Mietus
237300,2017,1.6904109589041096,24904,MSZANA DOLNA,PL,+49:39:49,+020:03:16,537, SD2,2013-01-01,2022-08-31,26,Miroslaw Mietus
237300,2017,1.6904109589041096,24908,MSZANA DOLNA,PL,+49:39:49,+020:03:16,537, SD2,2013-01-01,2022-08-31,26,Miroslaw Mietus
237300,2018,1.1315068493150684,24904,MSZANA DOLNA,PL,+49:39:49,+020:03:16,537, SD2,2013-01-01,2022-08-31,26,Miroslaw Mietus
237300,2018,1.1315068493150684,24908,MSZANA DOLNA,PL,+49:39:49,+020:03:16,537, SD2,2013-01-01,2022-08-31,26,Miroslaw Mietus
237300,2019,2.2794520547945205,24904,MSZANA DOLNA,PL,+49:39:49,+020:03:16,537, SD2,2013-01-01,2022-08-31,26,Miroslaw Mietus
237300,2019,2.2794520547945205,24908,MSZANA DOLNA,PL,+49:39:49,+020:03:16,537, SD2,2013-01-01,2022-08-31,26,Miroslaw Mietus
237300,2020,0.46994535519125685,24904,MSZANA DOLNA,PL,+49:39:49,+020:03:16,537, SD2,2013-01-01,2022-08-31,26,Miroslaw Mietus
237300,2020,0.46994535519125685,24908,MSZANA DOLNA,PL,+49:39:49,+020:03:16,537, SD2,2013-01-01,2022-08-31,26,Miroslaw Mietus
237300,2021,1.9834254143646408,24904,MSZANA DOLNA,PL,+49:39:49,+020:03:16,537, SD2,2013-01-01,2022-08-31,26,Miroslaw Mietus
237300,2021,1.9834254143646408,24908,MSZANA DOLNA,PL,+49:39:49,+020:03:16,537, SD2,2013-01-01,2022-08-31,26,Miroslaw Mietus
237468,2017,1.810958904109589,24918,DYNOW,PL,+49:50:00,+022:14:00,284, SD2,1951-01-01,2022-08-31,26,Miroslaw Mietus
237468,2018,1.295890410958904,24918,DYNOW,PL,+49:50:00,+022:14:00,284, SD2,1951-01-01,2022-08-31,26,Miroslaw Mietus
237468,2019,0.7123287671232876,24918,DYNOW,PL,+49:50:00,+022:14:00,284, SD2,1951-01-01,2022-08-31,26,Miroslaw Mietus
237468,2020,0.09836065573770492,24918,DYNOW,PL,+49:50:00,+022:14:00,284, SD2,1951-01-01,2022-08-31,26,Miroslaw Mietus
237468,2021,2.6931506849315068,24918,DYNOW,PL,+49:50:00,+022:14:00,284, SD2,1951-01-01,2022-08-31,26,Miroslaw Mietus
237504,2017,4.83013698630137,24921,SOLINA-JAWOR,PL,+49:24:00,+022:28:00,441, SD2,1981-01-01,2022-08-31,26,Miroslaw Mietus
237504,2018,3.695890410958904,24921,SOLINA-JAWOR,PL,+49:24:00,+022:28:00,441, SD2,1981-01-01,2022-08-31,26,Miroslaw Mietus
237504,2019,2.547945205479452,24921,SOLINA-JAWOR,PL,+49:24:00,+022:28:00,441, SD2,1981-01-01,2022-08-31,26,Miroslaw Mietus
237504,2020,1.0382513661202186,24921,SOLINA-JAWOR,PL,+49:24:00,+022:28:00,441, SD2,1981-01-01,2022-08-31,26,Miroslaw Mietus
237504,2021,4.506849315068493,24921,SOLINA-JAWOR,PL,+49:24:00,+022:28:00,441, SD2,1981-01-01,2022-08-31,26,Miroslaw Mietus
237516,2017,9.016438356164384,24922,KOMANCZA,PL,+49:20:00,+022:04:00,569, SD2,1956-01-01,2022-08-31,26,Miroslaw Mietus
237516,2018,4.043835616438356,24922,KOMANCZA,PL,+49:20:00,+022:04:00,569, SD2,1956-01-01,2022-08-31,26,Miroslaw Mietus
237516,2019,5.189041095890411,24922,KOMANCZA,PL,+49:20:00,+022:04:00,569, SD2,1956-01-01,2022-08-31,26,Miroslaw Mietus
237516,2020,1.3224043715846994,24922,KOMANCZA,PL,+49:20:00,+022:04:00,569, SD2,1956-01-01,2022-08-31,26,Miroslaw Mietus
237516,2021,4.646575342465753,24922,KOMANCZA,PL,+49:20:00,+022:04:00,569, SD2,1956-01-01,2022-08-31,26,Miroslaw Mietus
237924,2017,2.241095890410959,24956,DRONIOWICE,PL,+50:41:46,+018:48:32,284, SD2,2003-11-01,2022-08-31,26,Miroslaw Mietus
237924,2017,2.241095890410959,24958,DRONIOWICE,PL,+50:41:46,+018:48:32,284, SD2,2003-11-01,2022-08-31,26,Miroslaw Mietus
237924,2018,0.4340659340659341,24956,DRONIOWICE,PL,+50:41:46,+018:48:32,284, SD2,2003-11-01,2022-08-31,26,Miroslaw Mietus
237924,2018,0.4340659340659341,24958,DRONIOWICE,PL,+50:41:46,+018:48:32,284, SD2,2003-11-01,2022-08-31,26,Miroslaw Mietus
237924,2019,0.7815126050420168,24956,DRONIOWICE,PL,+50:41:46,+018:48:32,284, SD2,2003-11-01,2022-08-31,26,Miroslaw Mietus
237924,2019,0.7815126050420168,24958,DRONIOWICE,PL,+50:41:46,+018:48:32,284, SD2,2003-11-01,2022-08-31,26,Miroslaw Mietus
237924,2020,0.03021978021978022,24956,DRONIOWICE,PL,+50:41:46,+018:48:32,284, SD2,2003-11-01,2022-08-31,26,Miroslaw Mietus
237924,2020,0.03021978021978022,24958,DRONIOWICE,PL,+50:41:46,+018:48:32,284, SD2,2003-11-01,2022-08-31,26,Miroslaw Mietus
237924,2021,1.5452054794520549,24956,DRONIOWICE,PL,+50:41:46,+018:48:32,284, SD2,2003-11-01,2022-08-31,26,Miroslaw Mietus
237924,2021,1.5452054794520549,24958,DRONIOWICE,PL,+50:41:46,+018:48:32,284, SD2,2003-11-01,2022-08-31,26,Miroslaw Mietus
238116,2017,0.049019607843137254,24972,BORUSOWA,PL,+50:17:00,+020:48:00,176, SD2,1961-01-01,2022-08-31,26,Miroslaw Mietus
238116,2018,0.2465753424657534,24972,BORUSOWA,PL,+50:17:00,+020:48:00,176, SD2,1961-01-01,2022-08-31,26,Miroslaw Mietus
238116,2019,0.1095890410958904,24972,BORUSOWA,PL,+50:17:00,+020:48:00,176, SD2,1961-01-01,2022-08-31,26,Miroslaw Mietus
238116,2020,0.02185792349726776,24972,BORUSOWA,PL,+50:17:00,+020:48:00,176, SD2,1961-01-01,2022-08-31,26,Miroslaw Mietus
238116,2021,0.16339869281045752,24972,BORUSOWA,PL,+50:17:00,+020:48:00,176, SD2,1961-01-01,2022-08-31,26,Miroslaw Mietus
238176,2017,1.0712328767123287,24977,STASZOW,PL,+50:36:00,+021:11:00,249, SD2,1961-01-01,2022-08-31,26,Miroslaw Mietus
238176,2018,0.7342465753424657,24977,STASZOW,PL,+50:36:00,+021:11:00,249, SD2,1961-01-01,2022-08-31,26,Miroslaw Mietus
238176,2019,0.3589041095890411,24977,STASZOW,PL,+50:36:00,+021:11:00,249, SD2,1961-01-01,2022-08-31,26,Miroslaw Mietus
238176,2020,0.038461538461538464,24977,STASZOW,PL,+50:36:00,+021:11:00,249, SD2,1961-01-01,2022-08-31,26,Miroslaw Mietus
238176,2021,1.063013698630137,24977,STASZOW,PL,+50:36:00,+021:11:00,249, SD2,1961-01-01,2022-08-31,26,Miroslaw Mietus
238188,2017,1.0794520547945206,24978,CHORZELOW,PL,+50:21:00,+021:27:00,161, SD2,1961-01-01,2022-08-31,26,Miroslaw Mietus
238188,2018,0.5835616438356165,24978,CHORZELOW,PL,+50:21:00,+021:27:00,161, SD2,1961-01-01,2022-08-31,26,Miroslaw Mietus
238188,2019,0.5095890410958904,24978,CHORZELOW,PL,+50:21:00,+021:27:00,161, SD2,1961-01-01,2022-08-31,26,Miroslaw Mietus
238188,2020,0.060109289617486336,24978,CHORZELOW,PL,+50:21:00,+021:27:00,161, SD2,1961-01-01,2022-08-31,26,Miroslaw Mietus
238188,2021,1.441095890410959,24978,CHORZELOW,PL,+50:21:00,+021:27:00,161, SD2,1961-01-01,2022-08-31,26,Miroslaw Mietus
238356,2017,1.5397260273972602,24991,CIESZANOW,PL,+50:14:01,+023:07:05,231, SD2,2004-01-01,2022-08-31,26,Miroslaw Mietus
238356,2017,1.5397260273972602,24992,CIESZANOW,PL,+50:14:01,+023:07:05,231, SD2,2004-01-01,2022-08-31,26,Miroslaw Mietus
238356,2017,1.5397260273972602,24993,CIESZANOW,PL,+50:14:01,+023:07:05,231, SD2,2004-01-01,2022-08-31,26,Miroslaw Mietus
238356,2018,0.9835616438356164,24991,CIESZANOW,PL,+50:14:01,+023:07:05,231, SD2,2004-01-01,2022-08-31,26,Miroslaw Mietus
238356,2018,0.9835616438356164,24992,CIESZANOW,PL,+50:14:01,+023:07:05,231, SD2,2004-01-01,2022-08-31,26,Miroslaw Mietus
238356,2018,0.9835616438356164,24993,CIESZANOW,PL,+50:14:01,+023:07:05,231, SD2,2004-01-01,2022-08-31,26,Miroslaw Mietus
238356,2019,0.4657534246575342,24991,CIESZANOW,PL,+50:14:01,+023:07:05,231, SD2,2004-01-01,2022-08-31,26,Miroslaw Mietus
238356,2019,0.4657534246575342,24992,CIESZANOW,PL,+50:14:01,+023:07:05,231, SD2,2004-01-01,2022-08-31,26,Miroslaw Mietus
238356,2019,0.4657534246575342,24993,CIESZANOW,PL,+50:14:01,+023:07:05,231, SD2,2004-01-01,2022-08-31,26,Miroslaw Mietus
238356,2020,0.05191256830601093,24991,CIESZANOW,PL,+50:14:01,+023:07:05,231, SD2,2004-01-01,2022-08-31,26,Miroslaw Mietus
238356,2020,0.05191256830601093,24992,CIESZANOW,PL,+50:14:01,+023:07:05,231, SD2,2004-01-01,2022-08-31,26,Miroslaw Mietus
238356,2020,0.05191256830601093,24993,CIESZANOW,PL,+50:14:01,+023:07:05,231, SD2,2004-01-01,2022-08-31,26,Miroslaw Mietus
238356,2021,2.191780821917808,24991,CIESZANOW,PL,+50:14:01,+023:07:05,231, SD2,2004-01-01,2022-08-31,26,Miroslaw Mietus
238356,2021,2.191780821917808,24992,CIESZANOW,PL,+50:14:01,+023:07:05,231, SD2,2004-01-01,2022-08-31,26,Miroslaw Mietus
238356,2021,2.191780821917808,24993,CIESZANOW,PL,+50:14:01,+023:07:05,231, SD2,2004-01-01,2022-08-31,26,Miroslaw Mietus
238596,2017,0.4931506849315068,25012,PUCZNIEW,PL,+51:47:00,+019:05:00,148, SD2,1951-01-01,2022-08-31,26,Miroslaw Mietus
238596,2018,0.32054794520547947,25012,PUCZNIEW,PL,+51:47:00,+019:05:00,148, SD2,1951-01-01,2022-08-31,26,Miroslaw Mietus
238596,2019,0.24383561643835616,25012,PUCZNIEW,PL,+51:47:00,+019:05:00,148, SD2,1951-01-01,2022-08-31,26,Miroslaw Mietus
238596,2020,0.0,25012,PUCZNIEW,PL,+51:47:00,+019:05:00,148, SD2,1951-01-01,2022-08-31,26,Miroslaw Mietus
238596,2021,1.1424657534246576,25012,PUCZNIEW,PL,+51:47:00,+019:05:00,148, SD2,1951-01-01,2022-08-31,26,Miroslaw Mietus
238632,2017,0.5424657534246575,25015,SKIERNIEWICE,PL,+51:58:00,+020:10:00,130, SD2,1951-01-01,2022-08-31,26,Miroslaw Mietus
238632,2018,0.336986301369863,25015,SKIERNIEWICE,PL,+51:58:00,+020:10:00,130, SD2,1951-01-01,2022-08-31,26,Miroslaw Mietus
238632,2019,0.16986301369863013,25015,SKIERNIEWICE,PL,+51:58:00,+020:10:00,130, SD2,1951-01-01,2022-08-31,26,Miroslaw Mietus
238632,2020,0.00819672131147541,25015,SKIERNIEWICE,PL,+51:58:00,+020:10:00,130, SD2,1951-01-01,2022-08-31,26,Miroslaw Mietus
238632,2021,0.8712328767123287,25015,SKIERNIEWICE,PL,+51:58:00,+020:10:00,130, SD2,1951-01-01,2022-08-31,26,Miroslaw Mietus
238668,2017,0.9397260273972603,25018,JARCZEW,PL,+51:49:00,+021:59:00,181, SD2,1975-01-01,2022-08-31,26,Miroslaw Mietus
238668,2018,0.7041095890410959,25018,JARCZEW,PL,+51:49:00,+021:59:00,181, SD2,1975-01-01,2022-08-31,26,Miroslaw Mietus
238668,2019,0.3698630136986301,25018,JARCZEW,PL,+51:49:00,+021:59:00,181, SD2,1975-01-01,2022-08-31,26,Miroslaw Mietus
238668,2020,0.00819672131147541,25018,JARCZEW,PL,+51:49:00,+021:59:00,181, SD2,1975-01-01,2022-08-31,26,Miroslaw Mietus
238668,2021,0.8602739726027397,25018,JARCZEW,PL,+51:49:00,+021:59:00,181, SD2,1975-01-01,2022-08-31,26,Miroslaw Mietus
238824,2017,0.10684931506849316,25031,GORZYN,PL,+52:34:00,+015:54:00,79, SD2,1961-01-01,2022-08-31,26,Miroslaw Mietus
238824,2018,0.021917808219178082,25031,GORZYN,PL,+52:34:00,+015:54:00,79, SD2,1961-01-01,2022-08-31,26,Miroslaw Mietus
238824,2019,0.043835616438356165,25031,GORZYN,PL,+52:34:00,+015:54:00,79, SD2,1961-01-01,2022-08-31,26,Miroslaw Mietus
238824,2020,0.0,25031,GORZYN,PL,+52:34:00,+015:54:00,79, SD2,1961-01-01,2022-08-31,26,Miroslaw Mietus
238824,2021,0.4904109589041096,25031,GORZYN,PL,+52:34:00,+015:54:00,79, SD2,1961-01-01,2022-08-31,26,Miroslaw Mietus
238908,2017,0.17534246575342466,25038,WIELICHOWO,PL,+52:07:00,+016:21:00,72, SD2,1951-01-01,2022-08-31,26,Miroslaw Mietus
238908,2018,0.049315068493150684,25038,WIELICHOWO,PL,+52:07:00,+016:21:00,72, SD2,1951-01-01,2022-08-31,26,Miroslaw Mietus
238908,2019,0.024657534246575342,25038,WIELICHOWO,PL,+52:07:00,+016:21:00,72, SD2,1951-01-01,2022-08-31,26,Miroslaw Mietus
238908,2020,0.01912568306010929,25038,WIELICHOWO,PL,+52:07:00,+016:21:00,72, SD2,1951-01-01,2022-08-31,26,Miroslaw Mietus
238908,2021,0.39452054794520547,25038,WIELICHOWO,PL,+52:07:00,+016:21:00,72, SD2,1951-01-01,2022-08-31,26,Miroslaw Mietus
238980,2017,0.030136986301369864,25044,KOLUDA WIELKA,PL,+52:44:00,+018:09:00,76, SD2,1951-01-01,2022-08-31,26,Miroslaw Mietus
238980,2018,0.1178082191780822,25044,KOLUDA WIELKA,PL,+52:44:00,+018:09:00,76, SD2,1951-01-01,2022-08-31,26,Miroslaw Mietus
238980,2019,0.09041095890410959,25044,KOLUDA WIELKA,PL,+52:44:00,+018:09:00,76, SD2,1951-01-01,2022-08-31,26,Miroslaw Mietus
238980,2020,0.0,25044,KOLUDA WIELKA,PL,+52:44:00,+018:09:00,76, SD2,1951-01-01,2022-08-31,26,Miroslaw Mietus
238980,2021,0.852054794520548,25044,KOLUDA WIELKA,PL,+52:44:00,+018:09:00,76, SD2,1951-01-01,2022-08-31,26,Miroslaw Mietus
239076,2018,0.08363636363636363,25052,LEGIONOWO,PL,+52:24:00,+020:58:00,71, SD2,1951-02-05,2022-08-31,26,Miroslaw Mietus
239076,2019,0.27945205479452057,25052,LEGIONOWO,PL,+52:24:00,+020:58:00,71, SD2,1951-02-05,2022-08-31,26,Miroslaw Mietus
239076,2020,0.00819672131147541,25052,LEGIONOWO,PL,+52:24:00,+020:58:00,71, SD2,1951-02-05,2022-08-31,26,Miroslaw Mietus
239076,2021,0.7315068493150685,25052,LEGIONOWO,PL,+52:24:00,+020:58:00,71, SD2,1951-02-05,2022-08-31,26,Miroslaw Mietus
239088,2017,0.6767123287671233,25053,WARSZAWA-BIELANY,PL,+52:17:00,+020:58:00,91, SD2,1951-01-01,2022-08-31,26,Miroslaw Mietus
239088,2018,0.5753424657534246,25053,WARSZAWA-BIELANY,PL,+52:17:00,+020:58:00,91, SD2,1951-01-01,2022-08-31,26,Miroslaw Mietus
239088,2019,0.3863013698630137,25053,WARSZAWA-BIELANY,PL,+52:17:00,+020:58:00,91, SD2,1951-01-01,2022-08-31,26,Miroslaw Mietus
239088,2020,0.005763688760806916,25053,WARSZAWA-BIELANY,PL,+52:17:00,+020:58:00,91, SD2,1951-01-01,2022-08-31,26,Miroslaw Mietus
239088,2021,1.2191780821917808,25053,WARSZAWA-BIELANY,PL,+52:17:00,+020:58:00,91, SD2,1951-01-01,2022-08-31,26,Miroslaw Mietus
239100,2017,0.6082191780821918,25053,WARSZAWA-FILTRY,PL,+52:13:10,+020:59:57,91, SD2,2004-01-01,2022-08-31,26,Miroslaw Mietus
239100,2017,0.6082191780821918,25054,WARSZAWA-FILTRY,PL,+52:13:10,+020:59:57,91, SD2,2004-01-01,2022-08-31,26,Miroslaw Mietus
239100,2017,0.6082191780821918,25152,WARSZAWA-FILTRY,PL,+52:13:10,+020:59:57,91, SD2,2004-01-01,2022-08-31,26,Miroslaw Mietus
239100,2017,0.6082191780821918,9040,WARSZAWA-FILTRY,PL,+52:13:10,+020:59:57,91, SD2,2004-01-01,2022-08-31,26,Miroslaw Mietus
239100,2018,0.43561643835616437,25053,WARSZAWA-FILTRY,PL,+52:13:10,+020:59:57,91, SD2,2004-01-01,2022-08-31,26,Miroslaw Mietus
239100,2018,0.43561643835616437,25054,WARSZAWA-FILTRY,PL,+52:13:10,+020:59:57,91, SD2,2004-01-01,2022-08-31,26,Miroslaw Mietus
239100,2018,0.43561643835616437,25152,WARSZAWA-FILTRY,PL,+52:13:10,+020:59:57,91, SD2,2004-01-01,2022-08-31,26,Miroslaw Mietus
239100,2018,0.43561643835616437,9040,WARSZAWA-FILTRY,PL,+52:13:10,+020:59:57,91, SD2,2004-01-01,2022-08-31,26,Miroslaw Mietus
239100,2019,0.0,25053,WARSZAWA-FILTRY,PL,+52:13:10,+020:59:57,91, SD2,2004-01-01,2022-08-31,26,Miroslaw Mietus
239100,2019,0.0,25054,WARSZAWA-FILTRY,PL,+52:13:10,+020:59:57,91, SD2,2004-01-01,2022-08-31,26,Miroslaw Mietus
239100,2019,0.0,25152,WARSZAWA-FILTRY,PL,+52:13:10,+020:59:57,91, SD2,2004-01-01,2022-08-31,26,Miroslaw Mietus
239100,2019,0.0,9040,WARSZAWA-FILTRY,PL,+52:13:10,+020:59:57,91, SD2,2004-01-01,2022-08-31,26,Miroslaw Mietus
239100,2020,0.0026857654431512983,25053,WARSZAWA-FILTRY,PL,+52:13:10,+020:59:57,91, SD2,2004-01-01,2022-08-31,26,Miroslaw Mietus
239100,2020,0.0026857654431512983,25054,WARSZAWA-FILTRY,PL,+52:13:10,+020:59:57,91, SD2,2004-01-01,2022-08-31,26,Miroslaw Mietus
239100,2020,0.0026857654431512983,25152,WARSZAWA-FILTRY,PL,+52:13:10,+020:59:57,91, SD2,2004-01-01,2022-08-31,26,Miroslaw Mietus
239100,2020,0.0026857654431512983,9040,WARSZAWA-FILTRY,PL,+52:13:10,+020:59:57,91, SD2,2004-01-01,2022-08-31,26,Miroslaw Mietus
239100,2021,0.21515151515151515,25053,WARSZAWA-FILTRY,PL,+52:13:10,+020:59:57,91, SD2,2004-01-01,2022-08-31,26,Miroslaw Mietus
239100,2021,0.21515151515151515,25054,WARSZAWA-FILTRY,PL,+52:13:10,+020:59:57,91, SD2,2004-01-01,2022-08-31,26,Miroslaw Mietus
239100,2021,0.21515151515151515,25152,WARSZAWA-FILTRY,PL,+52:13:10,+020:59:57,91, SD2,2004-01-01,2022-08-31,26,Miroslaw Mietus
239100,2021,0.21515151515151515,9040,WARSZAWA-FILTRY,PL,+52:13:10,+020:59:57,91, SD2,2004-01-01,2022-08-31,26,Miroslaw Mietus
239172,2017,0.6082191780821918,25060,PULTUSK,PL,+52:04:04,+021:00:06,109, SD2,1951-01-01,2022-08-31,26,Miroslaw Mietus
239172,2018,0.5232876712328767,25060,PULTUSK,PL,+52:04:04,+021:00:06,109, SD2,1951-01-01,2022-08-31,26,Miroslaw Mietus
239172,2019,0.273972602739726,25060,PULTUSK,PL,+52:04:04,+021:00:06,109, SD2,1951-01-01,2022-08-31,26,Miroslaw Mietus
239172,2020,0.00546448087431694,25060,PULTUSK,PL,+52:04:04,+021:00:06,109, SD2,1951-01-01,2022-08-31,26,Miroslaw Mietus
239172,2021,0.810958904109589,25060,PULTUSK,PL,+52:04:04,+021:00:06,109, SD2,1951-01-01,2022-08-31,26,Miroslaw Mietus
239220,2017,1.1424657534246576,25064,SZEPIETOWO,PL,+52:51:00,+022:33:00,152, SD2,1952-03-01,2022-08-31,26,Miroslaw Mietus
239220,2018,0.6657534246575343,25064,SZEPIETOWO,PL,+52:51:00,+022:33:00,152, SD2,1952-03-01,2022-08-31,26,Miroslaw Mietus
239220,2019,0.3698630136986301,25064,SZEPIETOWO,PL,+52:51:00,+022:33:00,152, SD2,1952-03-01,2022-08-31,26,Miroslaw Mietus
239220,2020,0.03278688524590164,25064,SZEPIETOWO,PL,+52:51:00,+022:33:00,152, SD2,1952-03-01,2022-08-31,26,Miroslaw Mietus
239220,2021,2.4383561643835616,25064,SZEPIETOWO,PL,+52:51:00,+022:33:00,152, SD2,1952-03-01,2022-08-31,26,Miroslaw Mietus
239244,2017,2.4657534246575343,25066,BIALOWIEZA,PL,+52:42:00,+023:51:00,170, SD2,1951-01-01,2022-08-31,26,Miroslaw Mietus
239244,2018,1.263013698630137,25066,BIALOWIEZA,PL,+52:42:00,+023:51:00,170, SD2,1951-01-01,2022-08-31,26,Miroslaw Mietus
239244,2019,1.6821917808219178,25066,BIALOWIEZA,PL,+52:42:00,+023:51:00,170, SD2,1951-01-01,2022-08-31,26,Miroslaw Mietus
239244,2020,0.1510989010989011,25066,BIALOWIEZA,PL,+52:42:00,+023:51:00,170, SD2,1951-01-01,2022-08-31,26,Miroslaw Mietus
239244,2021,3.5315068493150683,25066,BIALOWIEZA,PL,+52:42:00,+023:51:00,170, SD2,1951-01-01,2022-08-31,26,Miroslaw Mietus
239592,2017,1.2767123287671234,25095,BIEBRZA-PIENCZYKOWEK,PL,+53:39:00,+022:36:00,128, SD2,1956-01-01,2022-08-31,26,Miroslaw Mietus
239592,2018,0.5315068493150685,25095,BIEBRZA-PIENCZYKOWEK,PL,+53:39:00,+022:36:00,128, SD2,1956-01-01,2022-08-31,26,Miroslaw Mietus
239592,2019,0.8958904109589041,25095,BIEBRZA-PIENCZYKOWEK,PL,+53:39:00,+022:36:00,128, SD2,1956-01-01,2022-08-31,26,Miroslaw Mietus
239592,2020,0.1092896174863388,25095,BIEBRZA-PIENCZYKOWEK,PL,+53:39:00,+022:36:00,128, SD2,1956-01-01,2022-08-31,26,Miroslaw Mietus
239592,2021,4.221917808219178,25095,BIEBRZA-PIENCZYKOWEK,PL,+53:39:00,+022:36:00,128, SD2,1956-01-01,2022-08-31,26,Miroslaw Mietus
239664,2017,1.821917808219178,25101,ROZANYSTOK,PL,+53:38:00,+023:24:00,152, SD2,1961-01-01,2022-08-31,26,Miroslaw Mietus
239664,2018,1.5178082191780822,25101,ROZANYSTOK,PL,+53:38:00,+023:24:00,152, SD2,1961-01-01,2022-08-31,26,Miroslaw Mietus
239664,2019,0.9041095890410958,25101,ROZANYSTOK,PL,+53:38:00,+023:24:00,152, SD2,1961-01-01,2022-08-31,26,Miroslaw Mietus
239664,2020,0.00546448087431694,25101,ROZANYSTOK,PL,+53:38:00,+023:24:00,152, SD2,1961-01-01,2022-08-31,26,Miroslaw Mietus
239664,2021,4.2027397260273975,25101,ROZANYSTOK,PL,+53:38:00,+023:24:00,152, SD2,1961-01-01,2022-08-31,26,Miroslaw Mietus
239832,2017,1.0246575342465754,25115,GDANSK-REBIECHOWO,PL,+54:23:00,+018:28:00,145, SD2,1991-01-01,2022-08-31,26,Miroslaw Mietus
239832,2017,1.0246575342465754,25150,GDANSK-REBIECHOWO,PL,+54:23:00,+018:28:00,145, SD2,1991-01-01,2022-08-31,26,Miroslaw Mietus
239832,2018,1.3643835616438356,25115,GDANSK-REBIECHOWO,PL,+54:23:00,+018:28:00,145, SD2,1991-01-01,2022-08-31,26,Miroslaw Mietus
239832,2018,1.3643835616438356,25150,GDANSK-REBIECHOWO,PL,+54:23:00,+018:28:00,145, SD2,1991-01-01,2022-08-31,26,Miroslaw Mietus
239832,2019,0.33972602739726027,25115,GDANSK-REBIECHOWO,PL,+54:23:00,+018:28:00,145, SD2,1991-01-01,2022-08-31,26,Miroslaw Mietus
239832,2019,0.33972602739726027,25150,GDANSK-REBIECHOWO,PL,+54:23:00,+018:28:00,145, SD2,1991-01-01,2022-08-31,26,Miroslaw Mietus
239832,2020,0.03278688524590164,25115,GDANSK-REBIECHOWO,PL,+54:23:00,+018:28:00,145, SD2,1991-01-01,2022-08-31,26,Miroslaw Mietus
239832,2020,0.03278688524590164,25150,GDANSK-REBIECHOWO,PL,+54:23:00,+018:28:00,145, SD2,1991-01-01,2022-08-31,26,Miroslaw Mietus
239832,2021,3.66027397260274,25115,GDANSK-REBIECHOWO,PL,+54:23:00,+018:28:00,145, SD2,1991-01-01,2022-08-31,26,Miroslaw Mietus
239832,2021,3.66027397260274,25150,GDANSK-REBIECHOWO,PL,+54:23:00,+018:28:00,145, SD2,1991-01-01,2022-08-31,26,Miroslaw Mietus
239844,2017,0.473972602739726,25116,GDANSK-SWIBNO,PL,+54:20:00,+018:56:00,0, SD2,1951-01-01,2022-09-30,26,Miroslaw Mietus
239844,2018,0.5041095890410959,25116,GDANSK-SWIBNO,PL,+54:20:00,+018:56:00,0, SD2,1951-01-01,2022-09-30,26,Miroslaw Mietus
239844,2019,0.14794520547945206,25116,GDANSK-SWIBNO,PL,+54:20:00,+018:56:00,0, SD2,1951-01-01,2022-09-30,26,Miroslaw Mietus
239844,2020,0.00819672131147541,25116,GDANSK-SWIBNO,PL,+54:20:00,+018:56:00,0, SD2,1951-01-01,2022-09-30,26,Miroslaw Mietus
239844,2021,1.9452054794520548,25116,GDANSK-SWIBNO,PL,+54:20:00,+018:56:00,0, SD2,1951-01-01,2022-09-30,26,Miroslaw Mietus
239916,2017,1.4931506849315068,25122,LIDZBARK WARMINSKI,PL,+54:08:00,+020:36:00,99, SD2,1951-01-01,2022-08-31,26,Miroslaw Mietus
239916,2018,0.38904109589041097,25122,LIDZBARK WARMINSKI,PL,+54:08:00,+020:36:00,99, SD2,1951-01-01,2022-08-31,26,Miroslaw Mietus
239916,2019,0.7506849315068493,25122,LIDZBARK WARMINSKI,PL,+54:08:00,+020:36:00,99, SD2,1951-01-01,2022-08-31,26,Miroslaw Mietus
239916,2020,0.15300546448087432,25122,LIDZBARK WARMINSKI,PL,+54:08:00,+020:36:00,99, SD2,1951-01-01,2022-08-31,26,Miroslaw Mietus
239916,2021,2.717808219178082,25122,LIDZBARK WARMINSKI,PL,+54:08:00,+020:36:00,99, SD2,1951-01-01,2022-08-31,26,Miroslaw Mietus
239952,2017,1.5424657534246575,25125,OLECKO,PL,+54:03:00,+022:29:00,173, SD2,1961-01-01,2022-08-31,26,Miroslaw Mietus
239952,2018,0.6657534246575343,25125,OLECKO,PL,+54:03:00,+022:29:00,173, SD2,1961-01-01,2022-08-31,26,Miroslaw Mietus
239952,2019,1.7534246575342465,25125,OLECKO,PL,+54:03:00,+022:29:00,173, SD2,1961-01-01,2022-08-31,26,Miroslaw Mietus
239952,2020,0.0273224043715847,25125,OLECKO,PL,+54:03:00,+022:29:00,173, SD2,1961-01-01,2022-08-31,26,Miroslaw Mietus
239952,2021,3.778082191780822,25125,OLECKO,PL,+54:03:00,+022:29:00,173, SD2,1961-01-01,2022-08-31,26,Miroslaw Mietus
239964,2017,70.30410958904109,25126,KASPROWY WIERCH,PL,+49:13:57,+019:58:55,1348, SD2,1951-01-01,2022-09-30,26,Miroslaw Mietus
239964,2018,72.21369863013699,25126,KASPROWY WIERCH,PL,+49:13:57,+019:58:55,1348, SD2,1951-01-01,2022-09-30,26,Miroslaw Mietus
239964,2019,67.93972602739726,25126,KASPROWY WIERCH,PL,+49:13:57,+019:58:55,1348, SD2,1951-01-01,2022-09-30,26,Miroslaw Mietus
239964,2020,51.14754098360656,25126,KASPROWY WIERCH,PL,+49:13:57,+019:58:55,1348, SD2,1951-01-01,2022-09-30,26,Miroslaw Mietus
239964,2021,54.45753424657534,25126,KASPROWY WIERCH,PL,+49:13:57,+019:58:55,1348, SD2,1951-01-01,2022-09-30,26,Miroslaw Mietus
239988,2017,1.8602739726027397,25128,JELENIA GORA,PL,+50:54:01,+015:47:20,427, SD2,1951-01-01,2022-09-30,26,Miroslaw Mietus
239988,2018,0.3178082191780822,25128,JELENIA GORA,PL,+50:54:01,+015:47:20,427, SD2,1951-01-01,2022-09-30,26,Miroslaw Mietus
239988,2019,0.5561643835616439,25128,JELENIA GORA,PL,+50:54:01,+015:47:20,427, SD2,1951-01-01,2022-09-30,26,Miroslaw Mietus
239988,2020,0.06284153005464481,25128,JELENIA GORA,PL,+50:54:01,+015:47:20,427, SD2,1951-01-01,2022-09-30,26,Miroslaw Mietus
239988,2021,1.4712328767123288,25128,JELENIA GORA,PL,+50:54:01,+015:47:20,427, SD2,1951-01-01,2022-09-30,26,Miroslaw Mietus
240000,2017,29.797260273972604,24932,SNIEZKA,PL,+50:44:10,+015:44:22,958, SD2,1951-01-01,2022-09-30,26,Miroslaw Mietus
240000,2017,29.797260273972604,25129,SNIEZKA,PL,+50:44:10,+015:44:22,958, SD2,1951-01-01,2022-09-30,26,Miroslaw Mietus
240000,2018,32.23013698630137,24932,SNIEZKA,PL,+50:44:10,+015:44:22,958, SD2,1951-01-01,2022-09-30,26,Miroslaw Mietus
240000,2018,32.23013698630137,25129,SNIEZKA,PL,+50:44:10,+015:44:22,958, SD2,1951-01-01,2022-09-30,26,Miroslaw Mietus
240000,2019,60.863013698630134,24932,SNIEZKA,PL,+50:44:10,+015:44:22,958, SD2,1951-01-01,2022-09-30,26,Miroslaw Mietus
240000,2019,60.863013698630134,25129,SNIEZKA,PL,+50:44:10,+015:44:22,958, SD2,1951-01-01,2022-09-30,26,Miroslaw Mietus
240000,2020,26.55464480874317,24932,SNIEZKA,PL,+50:44:10,+015:44:22,958, SD2,1951-01-01,2022-09-30,26,Miroslaw Mietus
240000,2020,26.55464480874317,25129,SNIEZKA,PL,+50:44:10,+015:44:22,958, SD2,1951-01-01,2022-09-30,26,Miroslaw Mietus
240000,2021,41.42191780821918,24932,SNIEZKA,PL,+50:44:10,+015:44:22,958, SD2,1951-01-01,2022-09-30,26,Miroslaw Mietus
240000,2021,41.42191780821918,25129,SNIEZKA,PL,+50:44:10,+015:44:22,958, SD2,1951-01-01,2022-09-30,26,Miroslaw Mietus
240012,2017,0.726027397260274,25130,OPOLE,PL,+50:37:37,+017:58:08,163, SD2,1951-01-01,2022-09-30,26,Miroslaw Mietus
240012,2018,0.06575342465753424,25130,OPOLE,PL,+50:37:37,+017:58:08,163, SD2,1951-01-01,2022-09-30,26,Miroslaw Mietus
240012,2019,0.30684931506849317,25130,OPOLE,PL,+50:37:37,+017:58:08,163, SD2,1951-01-01,2022-09-30,26,Miroslaw Mietus
240012,2020,0.01366120218579235,25130,OPOLE,PL,+50:37:37,+017:58:08,163, SD2,1951-01-01,2022-09-30,26,Miroslaw Mietus
240012,2021,1.0273972602739727,25130,OPOLE,PL,+50:37:37,+017:58:08,163, SD2,1951-01-01,2022-09-30,26,Miroslaw Mietus
240036,2017,1.8904109589041096,25132,KATOWICE-MUCHOWIEC,PL,+50:14:26,+019:01:58,281, SD2,1951-01-01,2022-09-30,26,Miroslaw Mietus
240036,2018,0.3506849315068493,25132,KATOWICE-MUCHOWIEC,PL,+50:14:26,+019:01:58,281, SD2,1951-01-01,2022-09-30,26,Miroslaw Mietus
240036,2019,0.7643835616438356,25132,KATOWICE-MUCHOWIEC,PL,+50:14:26,+019:01:58,281, SD2,1951-01-01,2022-09-30,26,Miroslaw Mietus
240036,2020,0.04371584699453552,25132,KATOWICE-MUCHOWIEC,PL,+50:14:26,+019:01:58,281, SD2,1951-01-01,2022-09-30,26,Miroslaw Mietus
240036,2021,1.010958904109589,25132,KATOWICE-MUCHOWIEC,PL,+50:14:26,+019:01:58,281, SD2,1951-01-01,2022-09-30,26,Miroslaw Mietus
240048,2017,0.7013698630136986,25133,KRAKOW-BALICE,PL,+50:04:49,+019:48:07,234, SD2,1951-01-01,2022-09-30,26,Miroslaw Mietus
240048,2018,0.32054794520547947,25133,KRAKOW-BALICE,PL,+50:04:49,+019:48:07,234, SD2,1951-01-01,2022-09-30,26,Miroslaw Mietus
240048,2019,0.34794520547945207,25133,KRAKOW-BALICE,PL,+50:04:49,+019:48:07,234, SD2,1951-01-01,2022-09-30,26,Miroslaw Mietus
240048,2020,0.02459016393442623,25133,KRAKOW-BALICE,PL,+50:04:49,+019:48:07,234, SD2,1951-01-01,2022-09-30,26,Miroslaw Mietus
240048,2021,1.1095890410958904,25133,KRAKOW-BALICE,PL,+50:04:49,+019:48:07,234, SD2,1951-01-01,2022-09-30,26,Miroslaw Mietus
240084,2018,1.5778443113772456,25136,ZAMOSC,PL,+50:41:52,+023:12:23,258, SD2,1951-01-01,2022-09-30,26,Miroslaw Mietus
240084,2019,0.4958904109589041,25136,ZAMOSC,PL,+50:41:52,+023:12:23,258, SD2,1951-01-01,2022-09-30,26,Miroslaw Mietus
240084,2020,0.00546448087431694,25136,ZAMOSC,PL,+50:41:52,+023:12:23,258, SD2,1951-01-01,2022-09-30,26,Miroslaw Mietus
240084,2021,2.3013698630136985,25136,ZAMOSC,PL,+50:41:52,+023:12:23,258, SD2,1951-01-01,2022-09-30,26,Miroslaw Mietus
240108,2017,0.07526881720430108,25138,LEGNICA,PL,+51:11:33,+016:12:27,134, SD2,1951-01-01,2022-09-30,26,Miroslaw Mietus
240108,2018,0.09315068493150686,25138,LEGNICA,PL,+51:11:33,+016:12:27,134, SD2,1951-01-01,2022-09-30,26,Miroslaw Mietus
240108,2019,0.12602739726027398,25138,LEGNICA,PL,+51:11:33,+016:12:27,134, SD2,1951-01-01,2022-09-30,26,Miroslaw Mietus
240108,2020,0.005970149253731343,25138,LEGNICA,PL,+51:11:33,+016:12:27,134, SD2,1951-01-01,2022-09-30,26,Miroslaw Mietus
240108,2021,0.7123893805309734,25138,LEGNICA,PL,+51:11:33,+016:12:27,134, SD2,1951-01-01,2022-09-30,26,Miroslaw Mietus
240120,2017,1.8630136986301369,25139,LUBLIN-RADAWIEC,PL,+51:13:01,+022:23:37,228, SD2,1951-01-01,2022-09-30,26,Miroslaw Mietus
240120,2018,1.0986301369863014,25139,LUBLIN-RADAWIEC,PL,+51:13:01,+022:23:37,228, SD2,1951-01-01,2022-09-30,26,Miroslaw Mietus
240120,2019,1.16986301369863,25139,LUBLIN-RADAWIEC,PL,+51:13:01,+022:23:37,228, SD2,1951-01-01,2022-09-30,26,Miroslaw Mietus
240120,2020,0.02459016393442623,25139,LUBLIN-RADAWIEC,PL,+51:13:01,+022:23:37,228, SD2,1951-01-01,2022-09-30,26,Miroslaw Mietus
240120,2021,1.906849315068493,25139,LUBLIN-RADAWIEC,PL,+51:13:01,+022:23:37,228, SD2,1951-01-01,2022-09-30,26,Miroslaw Mietus
240192,2017,1.16986301369863,25145,MIKOLAJKI,PL,+53:47:22,+021:35:19,144, SD2,1952-01-01,2022-09-30,26,Miroslaw Mietus
240192,2018,0.663013698630137,25145,MIKOLAJKI,PL,+53:47:22,+021:35:19,144, SD2,1952-01-01,2022-09-30,26,Miroslaw Mietus
240192,2019,0.9041095890410958,25145,MIKOLAJKI,PL,+53:47:22,+021:35:19,144, SD2,1952-01-01,2022-09-30,26,Miroslaw Mietus
240192,2020,0.05191256830601093,25145,MIKOLAJKI,PL,+53:47:22,+021:35:19,144, SD2,1952-01-01,2022-09-30,26,Miroslaw Mietus
240192,2021,2.76986301369863,25145,MIKOLAJKI,PL,+53:47:22,+021:35:19,144, SD2,1952-01-01,2022-09-30,26,Miroslaw Mietus
240216,2017,0.40821917808219177,25147,KOLOBRZEG-DZWIRZYNO,PL,+54:09:30,+015:23:20,1, SD2,1951-01-01,2022-09-30,26,Miroslaw Mietus
240216,2018,0.4054794520547945,25147,KOLOBRZEG-DZWIRZYNO,PL,+54:09:30,+015:23:20,1, SD2,1951-01-01,2022-09-30,26,Miroslaw Mietus
240216,2019,0.052054794520547946,25147,KOLOBRZEG-DZWIRZYNO,PL,+54:09:30,+015:23:20,1, SD2,1951-01-01,2022-09-30,26,Miroslaw Mietus
240216,2020,0.0,25147,KOLOBRZEG-DZWIRZYNO,PL,+54:09:30,+015:23:20,1, SD2,1951-01-01,2022-09-30,26,Miroslaw Mietus
240216,2021,0.6493150684931507,25147,KOLOBRZEG-DZWIRZYNO,PL,+54:09:30,+015:23:20,1, SD2,1951-01-01,2022-09-30,26,Miroslaw Mietus
240228,2017,0.14246575342465753,25148,USTKA,PL,+54:35:18,+016:51:15,18, SD2,1951-01-01,2022-09-30,26,Miroslaw Mietus
240228,2018,0.3013698630136986,25148,USTKA,PL,+54:35:18,+016:51:15,18, SD2,1951-01-01,2022-09-30,26,Miroslaw Mietus
240228,2019,0.030136986301369864,25148,USTKA,PL,+54:35:18,+016:51:15,18, SD2,1951-01-01,2022-09-30,26,Miroslaw Mietus
240228,2020,0.00273224043715847,25148,USTKA,PL,+54:35:18,+016:51:15,18, SD2,1951-01-01,2022-09-30,26,Miroslaw Mietus
240228,2021,1.0301369863013699,25148,USTKA,PL,+54:35:18,+016:51:15,18, SD2,1951-01-01,2022-09-30,26,Miroslaw Mietus
240264,2017,1.6547945205479453,25151,ELBLAG-MILEJEWO,PL,+54:13:23,+019:32:37,151, SD2,1951-01-01,2022-09-30,26,Miroslaw Mietus
240264,2018,1.6986301369863013,25151,ELBLAG-MILEJEWO,PL,+54:13:23,+019:32:37,151, SD2,1951-01-01,2022-09-30,26,Miroslaw Mietus
240264,2019,1.0273972602739727,25151,ELBLAG-MILEJEWO,PL,+54:13:23,+019:32:37,151, SD2,1951-01-01,2022-09-30,26,Miroslaw Mietus
240264,2020,0.1885245901639344,25151,ELBLAG-MILEJEWO,PL,+54:13:23,+019:32:37,151, SD2,1951-01-01,2022-09-30,26,Miroslaw Mietus
240264,2021,3.356164383561644,25151,ELBLAG-MILEJEWO,PL,+54:13:23,+019:32:37,151, SD2,1951-01-01,2022-09-30,26,Miroslaw Mietus
240287,2017,0.3835616438356164,2022,KOSZALIN,PL,+54:12:16,+016:09:19,33, SD2,1951-01-01,2022-09-30,26,Miroslaw Mietus
240287,2018,0.32602739726027397,2022,KOSZALIN,PL,+54:12:16,+016:09:19,33, SD2,1951-01-01,2022-09-30,26,Miroslaw Mietus
240287,2019,0.038356164383561646,2022,KOSZALIN,PL,+54:12:16,+016:09:19,33, SD2,1951-01-01,2022-09-30,26,Miroslaw Mietus
240287,2020,0.01639344262295082,2022,KOSZALIN,PL,+54:12:16,+016:09:19,33, SD2,1951-01-01,2022-09-30,26,Miroslaw Mietus
240287,2021,1.2575342465753425,2022,KOSZALIN,PL,+54:12:16,+016:09:19,33, SD2,1951-01-01,2022-09-30,26,Miroslaw Mietus
240347,2018,0.2958904109589041,25076,PILA,PL,+53:07:48,+016:45:00,72, SD2,1970-10-12,2022-09-30,26,Miroslaw Mietus
240347,2018,0.2958904109589041,8943,PILA,PL,+53:07:48,+016:45:00,72, SD2,1970-10-12,2022-09-30,26,Miroslaw Mietus
240347,2019,0.01643835616438356,25076,PILA,PL,+53:07:48,+016:45:00,72, SD2,1970-10-12,2022-09-30,26,Miroslaw Mietus
240347,2019,0.01643835616438356,8943,PILA,PL,+53:07:48,+016:45:00,72, SD2,1970-10-12,2022-09-30,26,Miroslaw Mietus
240347,2020,0.00819672131147541,25076,PILA,PL,+53:07:48,+016:45:00,72, SD2,1970-10-12,2022-09-30,26,Miroslaw Mietus
240347,2020,0.00819672131147541,8943,PILA,PL,+53:07:48,+016:45:00,72, SD2,1970-10-12,2022-09-30,26,Miroslaw Mietus
240347,2021,1.3205479452054794,25076,PILA,PL,+53:07:48,+016:45:00,72, SD2,1970-10-12,2022-09-30,26,Miroslaw Mietus
240347,2021,1.3205479452054794,8943,PILA,PL,+53:07:48,+016:45:00,72, SD2,1970-10-12,2022-09-30,26,Miroslaw Mietus
240359,2017,0.16393442622950818,2023,KETRZYN,PL,+54:04:12,+021:22:12,108, SD2,1966-01-01,2022-09-30,26,Miroslaw Mietus
240359,2018,0.7315068493150685,2023,KETRZYN,PL,+54:04:12,+021:22:12,108, SD2,1966-01-01,2022-09-30,26,Miroslaw Mietus
240359,2019,0.5753424657534246,2023,KETRZYN,PL,+54:04:12,+021:22:12,108, SD2,1966-01-01,2022-09-30,26,Miroslaw Mietus
240359,2020,0.03825136612021858,2023,KETRZYN,PL,+54:04:12,+021:22:12,108, SD2,1966-01-01,2022-09-30,26,Miroslaw Mietus
240359,2021,2.1342465753424658,2023,KETRZYN,PL,+54:04:12,+021:22:12,108, SD2,1966-01-01,2022-09-30,26,Miroslaw Mietus
240391,2017,0.8821917808219178,8959,KOZIENCE,PL,+51:33:53,+021:32:34,123, SD2,1977-01-01,2022-09-30,26,Miroslaw Mietus
240391,2018,0.6547945205479452,8959,KOZIENCE,PL,+51:33:53,+021:32:34,123, SD2,1977-01-01,2022-09-30,26,Miroslaw Mietus
240391,2019,0.3232876712328767,8959,KOZIENCE,PL,+51:33:53,+021:32:34,123, SD2,1977-01-01,2022-09-30,26,Miroslaw Mietus
240391,2020,0.01366120218579235,8959,KOZIENCE,PL,+51:33:53,+021:32:34,123, SD2,1977-01-01,2022-09-30,26,Miroslaw Mietus
240391,2021,0.9780821917808219,8959,KOZIENCE,PL,+51:33:53,+021:32:34,123, SD2,1977-01-01,2022-09-30,26,Miroslaw Mietus
240403,2017,0.34782608695652173,25156,KROSNO,PL,+49:42:25,+021:46:09,326, SD2,1985-01-01,2022-09-30,26,Miroslaw Mietus
240403,2017,0.34782608695652173,8969,KROSNO,PL,+49:42:25,+021:46:09,326, SD2,1985-01-01,2022-09-30,26,Miroslaw Mietus
240403,2018,1.5863013698630137,25156,KROSNO,PL,+49:42:25,+021:46:09,326, SD2,1985-01-01,2022-09-30,26,Miroslaw Mietus
240403,2018,1.5863013698630137,8969,KROSNO,PL,+49:42:25,+021:46:09,326, SD2,1985-01-01,2022-09-30,26,Miroslaw Mietus
240403,2019,1.0602739726027397,25156,KROSNO,PL,+49:42:25,+021:46:09,326, SD2,1985-01-01,2022-09-30,26,Miroslaw Mietus
240403,2019,1.0602739726027397,8969,KROSNO,PL,+49:42:25,+021:46:09,326, SD2,1985-01-01,2022-09-30,26,Miroslaw Mietus
240403,2020,0.1721311475409836,25156,KROSNO,PL,+49:42:25,+021:46:09,326, SD2,1985-01-01,2022-09-30,26,Miroslaw Mietus
240403,2020,0.1721311475409836,8969,KROSNO,PL,+49:42:25,+021:46:09,326, SD2,1985-01-01,2022-09-30,26,Miroslaw Mietus
240403,2021,2.3808219178082193,25156,KROSNO,PL,+49:42:25,+021:46:09,326, SD2,1985-01-01,2022-09-30,26,Miroslaw Mietus
240403,2021,2.3808219178082193,8969,KROSNO,PL,+49:42:25,+021:46:09,326, SD2,1985-01-01,2022-09-30,26,Miroslaw Mietus
240583,2017,1.8547945205479452,9161,KROSCIENKO,PL,+49:27:00,+020:25:48,452, SD2,1957-01-01,2022-08-31,26,Miroslaw Mietus
240583,2018,2.4356164383561643,9161,KROSCIENKO,PL,+49:27:00,+020:25:48,452, SD2,1957-01-01,2022-08-31,26,Miroslaw Mietus
240583,2019,3.3315068493150686,9161,KROSCIENKO,PL,+49:27:00,+020:25:48,452, SD2,1957-01-01,2022-08-31,26,Miroslaw Mietus
240583,2020,0.3251366120218579,9161,KROSCIENKO,PL,+49:27:00,+020:25:48,452, SD2,1957-01-01,2022-08-31,26,Miroslaw Mietus
240583,2021,2.315068493150685,9161,KROSCIENKO,PL,+49:27:00,+020:25:48,452, SD2,1957-01-01,2022-08-31,26,Miroslaw Mietus
240588,2017,0.5753424657534246,24974,KRAKOW OBS. ASTRONOMICZNE,PL,+50:04:12,+019:58:12,206, SD2,1951-01-01,2022-08-31,26,Miroslaw Mietus
240588,2017,0.5753424657534246,9113,KRAKOW OBS. ASTRONOMICZNE,PL,+50:04:12,+019:58:12,206, SD2,1951-01-01,2022-08-31,26,Miroslaw Mietus
240588,2018,0.2328767123287671,24974,KRAKOW OBS. ASTRONOMICZNE,PL,+50:04:12,+019:58:12,206, SD2,1951-01-01,2022-08-31,26,Miroslaw Mietus
240588,2018,0.2328767123287671,9113,KRAKOW OBS. ASTRONOMICZNE,PL,+50:04:12,+019:58:12,206, SD2,1951-01-01,2022-08-31,26,Miroslaw Mietus
240588,2019,0.30684931506849317,24974,KRAKOW OBS. ASTRONOMICZNE,PL,+50:04:12,+019:58:12,206, SD2,1951-01-01,2022-08-31,26,Miroslaw Mietus
240588,2019,0.30684931506849317,9113,KRAKOW OBS. ASTRONOMICZNE,PL,+50:04:12,+019:58:12,206, SD2,1951-01-01,2022-08-31,26,Miroslaw Mietus
240588,2020,0.02459016393442623,24974,KRAKOW OBS. ASTRONOMICZNE,PL,+50:04:12,+019:58:12,206, SD2,1951-01-01,2022-08-31,26,Miroslaw Mietus
240588,2020,0.02459016393442623,9113,KRAKOW OBS. ASTRONOMICZNE,PL,+50:04:12,+019:58:12,206, SD2,1951-01-01,2022-08-31,26,Miroslaw Mietus
240588,2021,0.821917808219178,24974,KRAKOW OBS. ASTRONOMICZNE,PL,+50:04:12,+019:58:12,206, SD2,1951-01-01,2022-08-31,26,Miroslaw Mietus
240588,2021,0.821917808219178,9113,KRAKOW OBS. ASTRONOMICZNE,PL,+50:04:12,+019:58:12,206, SD2,1951-01-01,2022-08-31,26,Miroslaw Mietus
240589,2017,0.8493150684931506,1207,PULAWY,PL,+51:25:00,+021:58:00,142, SD2,1951-01-01,2022-08-31,26,Miroslaw Mietus
240589,2018,0.7643835616438356,1207,PULAWY,PL,+51:25:00,+021:58:00,142, SD2,1951-01-01,2022-08-31,26,Miroslaw Mietus
240589,2019,0.8438356164383561,1207,PULAWY,PL,+51:25:00,+021:58:00,142, SD2,1951-01-01,2022-08-31,26,Miroslaw Mietus
240589,2020,0.01366120218579235,1207,PULAWY,PL,+51:25:00,+021:58:00,142, SD2,1951-01-01,2022-08-31,26,Miroslaw Mietus
240589,2021,1.5178082191780822,1207,PULAWY,PL,+51:25:00,+021:58:00,142, SD2,1951-01-01,2022-08-31,26,Miroslaw Mietus
240592,2017,0.8657534246575342,930,BIELSKO-BIALA,PL,+49:48:26,+019:00:01,396, SD2,1951-01-01,2022-09-30,26,Miroslaw Mietus
240592,2018,1.515068493150685,930,BIELSKO-BIALA,PL,+49:48:26,+019:00:01,396, SD2,1951-01-01,2022-09-30,26,Miroslaw Mietus
240592,2019,0.726027397260274,930,BIELSKO-BIALA,PL,+49:48:26,+019:00:01,396, SD2,1951-01-01,2022-09-30,26,Miroslaw Mietus
240592,2020,0.22950819672131148,930,BIELSKO-BIALA,PL,+49:48:26,+019:00:01,396, SD2,1951-01-01,2022-09-30,26,Miroslaw Mietus
240592,2021,1.7013698630136986,930,BIELSKO-BIALA,PL,+49:48:26,+019:00:01,396, SD2,1951-01-01,2022-09-30,26,Miroslaw Mietus
240593,2017,6.534246575342466,24880,ZAKOPANE,PL,+49:18:00,+019:57:00,857, SD2,1951-01-01,2022-09-30,26,Miroslaw Mietus
240593,2017,6.534246575342466,24881,ZAKOPANE,PL,+49:18:00,+019:57:00,857, SD2,1951-01-01,2022-09-30,26,Miroslaw Mietus
240593,2017,6.534246575342466,24903,ZAKOPANE,PL,+49:18:00,+019:57:00,857, SD2,1951-01-01,2022-09-30,26,Miroslaw Mietus
240593,2017,6.534246575342466,1383,ZAKOPANE,PL,+49:18:00,+019:57:00,857, SD2,1951-01-01,2022-09-30,26,Miroslaw Mietus
240593,2018,3.8273972602739725,24880,ZAKOPANE,PL,+49:18:00,+019:57:00,857, SD2,1951-01-01,2022-09-30,26,Miroslaw Mietus
240593,2018,3.8273972602739725,24881,ZAKOPANE,PL,+49:18:00,+019:57:00,857, SD2,1951-01-01,2022-09-30,26,Miroslaw Mietus
240593,2018,3.8273972602739725,24903,ZAKOPANE,PL,+49:18:00,+019:57:00,857, SD2,1951-01-01,2022-09-30,26,Miroslaw Mietus
240593,2018,3.8273972602739725,1383,ZAKOPANE,PL,+49:18:00,+019:57:00,857, SD2,1951-01-01,2022-09-30,26,Miroslaw Mietus
240593,2019,7.358904109589041,24880,ZAKOPANE,PL,+49:18:00,+019:57:00,857, SD2,1951-01-01,2022-09-30,26,Miroslaw Mietus
240593,2019,7.358904109589041,24881,ZAKOPANE,PL,+49:18:00,+019:57:00,857, SD2,1951-01-01,2022-09-30,26,Miroslaw Mietus
240593,2019,7.358904109589041,24903,ZAKOPANE,PL,+49:18:00,+019:57:00,857, SD2,1951-01-01,2022-09-30,26,Miroslaw Mietus
240593,2019,7.358904109589041,1383,ZAKOPANE,PL,+49:18:00,+019:57:00,857, SD2,1951-01-01,2022-09-30,26,Miroslaw Mietus
240593,2020,4.273224043715847,24880,ZAKOPANE,PL,+49:18:00,+019:57:00,857, SD2,1951-01-01,2022-09-30,26,Miroslaw Mietus
240593,2020,4.273224043715847,24881,ZAKOPANE,PL,+49:18:00,+019:57:00,857, SD2,1951-01-01,2022-09-30,26,Miroslaw Mietus
240593,2020,4.273224043715847,24903,ZAKOPANE,PL,+49:18:00,+019:57:00,857, SD2,1951-01-01,2022-09-30,26,Miroslaw Mietus
240593,2020,4.273224043715847,1383,ZAKOPANE,PL,+49:18:00,+019:57:00,857, SD2,1951-01-01,2022-09-30,26,Miroslaw Mietus
240593,2021,6.252054794520548,24880,ZAKOPANE,PL,+49:18:00,+019:57:00,857, SD2,1951-01-01,2022-09-30,26,Miroslaw Mietus
240593,2021,6.252054794520548,24881,ZAKOPANE,PL,+49:18:00,+019:57:00,857, SD2,1951-01-01,2022-09-30,26,Miroslaw Mietus
240593,2021,6.252054794520548,24903,ZAKOPANE,PL,+49:18:00,+019:57:00,857, SD2,1951-01-01,2022-09-30,26,Miroslaw Mietus
240593,2021,6.252054794520548,1383,ZAKOPANE,PL,+49:18:00,+019:57:00,857, SD2,1951-01-01,2022-09-30,26,Miroslaw Mietus
240595,2017,4.145205479452055,24921,LESKO,PL,+49:27:59,+022:20:30,420, SD2,1954-06-17,2022-09-30,26,Miroslaw Mietus
240595,2017,4.145205479452055,933,LESKO,PL,+49:27:59,+022:20:30,420, SD2,1954-06-17,2022-09-30,26,Miroslaw Mietus
240595,2018,3.1945205479452055,24921,LESKO,PL,+49:27:59,+022:20:30,420, SD2,1954-06-17,2022-09-30,26,Miroslaw Mietus
240595,2018,3.1945205479452055,933,LESKO,PL,+49:27:59,+022:20:30,420, SD2,1954-06-17,2022-09-30,26,Miroslaw Mietus
240595,2019,2.0547945205479454,24921,LESKO,PL,+49:27:59,+022:20:30,420, SD2,1954-06-17,2022-09-30,26,Miroslaw Mietus
240595,2019,2.0547945205479454,933,LESKO,PL,+49:27:59,+022:20:30,420, SD2,1954-06-17,2022-09-30,26,Miroslaw Mietus
240595,2020,0.46174863387978143,24921,LESKO,PL,+49:27:59,+022:20:30,420, SD2,1954-06-17,2022-09-30,26,Miroslaw Mietus
240595,2020,0.46174863387978143,933,LESKO,PL,+49:27:59,+022:20:30,420, SD2,1954-06-17,2022-09-30,26,Miroslaw Mietus
240595,2021,3.5205479452054793,24921,LESKO,PL,+49:27:59,+022:20:30,420, SD2,1954-06-17,2022-09-30,26,Miroslaw Mietus
240595,2021,3.5205479452054793,933,LESKO,PL,+49:27:59,+022:20:30,420, SD2,1954-06-17,2022-09-30,26,Miroslaw Mietus
240596,2017,0.8356164383561644,2036,KLODZKO,PL,+50:26:13,+016:36:51,356, SD2,1951-01-01,2022-09-30,26,Miroslaw Mietus
240596,2018,0.2547945205479452,2036,KLODZKO,PL,+50:26:13,+016:36:51,356, SD2,1951-01-01,2022-09-30,26,Miroslaw Mietus
240596,2019,0.4246575342465753,2036,KLODZKO,PL,+50:26:13,+016:36:51,356, SD2,1951-01-01,2022-09-30,26,Miroslaw Mietus
240596,2020,0.09562841530054644,2036,KLODZKO,PL,+50:26:13,+016:36:51,356, SD2,1951-01-01,2022-09-30,26,Miroslaw Mietus
240596,2021,1.4109589041095891,2036,KLODZKO,PL,+50:26:13,+016:36:51,356, SD2,1951-01-01,2022-09-30,26,Miroslaw Mietus
240597,2017,0.09818181818181818,928,RACIBORZ,PL,+50:03:40,+018:11:27,206, SD2,1951-01-01,2022-09-30,26,Miroslaw Mietus
240597,2018,0.3726027397260274,928,RACIBORZ,PL,+50:03:40,+018:11:27,206, SD2,1951-01-01,2022-09-30,26,Miroslaw Mietus
240597,2019,0.28493150684931506,928,RACIBORZ,PL,+50:03:40,+018:11:27,206, SD2,1951-01-01,2022-09-30,26,Miroslaw Mietus
240597,2020,0.01092896174863388,928,RACIBORZ,PL,+50:03:40,+018:11:27,206, SD2,1951-01-01,2022-09-30,26,Miroslaw Mietus
240597,2021,0.8602739726027397,928,RACIBORZ,PL,+50:03:40,+018:11:27,206, SD2,1951-01-01,2022-09-30,26,Miroslaw Mietus
240598,2017,1.8,2038,KIELCE,PL,+50:48:38,+020:41:32,260, SD2,1951-01-01,2022-09-30,26,Miroslaw Mietus
240598,2018,0.5424657534246575,2038,KIELCE,PL,+50:48:38,+020:41:32,260, SD2,1951-01-01,2022-09-30,26,Miroslaw Mietus
240598,2019,0.6520547945205479,2038,KIELCE,PL,+50:48:38,+020:41:32,260, SD2,1951-01-01,2022-09-30,26,Miroslaw Mietus
240598,2020,0.03910614525139665,2038,KIELCE,PL,+50:48:38,+020:41:32,260, SD2,1951-01-01,2022-09-30,26,Miroslaw Mietus
240598,2021,1.4301369863013698,2038,KIELCE,PL,+50:48:38,+020:41:32,260, SD2,1951-01-01,2022-09-30,26,Miroslaw Mietus
240599,2017,1.6136986301369862,207,RZESZOW JASIONKA,PL,+50:06:39,+022:02:32,206, SD2,1952-01-01,2022-09-30,26,Miroslaw Mietus
240599,2018,1.063013698630137,207,RZESZOW JASIONKA,PL,+50:06:39,+022:02:32,206, SD2,1952-01-01,2022-09-30,26,Miroslaw Mietus
240599,2019,0.4849315068493151,207,RZESZOW JASIONKA,PL,+50:06:39,+022:02:32,206, SD2,1952-01-01,2022-09-30,26,Miroslaw Mietus
240599,2020,0.02185792349726776,207,RZESZOW JASIONKA,PL,+50:06:39,+022:02:32,206, SD2,1952-01-01,2022-09-30,26,Miroslaw Mietus
240599,2021,1.904109589041096,207,RZESZOW JASIONKA,PL,+50:06:39,+022:02:32,206, SD2,1952-01-01,2022-09-30,26,Miroslaw Mietus
240600,2017,1.2027397260273973,2031,ZIELONA GORA,PL,+51:55:48,+015:31:29,192, SD2,1951-01-01,2022-09-30,26,Miroslaw Mietus
240600,2018,0.2465753424657534,2031,ZIELONA GORA,PL,+51:55:48,+015:31:29,192, SD2,1951-01-01,2022-09-30,26,Miroslaw Mietus
240600,2019,0.2273972602739726,2031,ZIELONA GORA,PL,+51:55:48,+015:31:29,192, SD2,1951-01-01,2022-09-30,26,Miroslaw Mietus
240600,2020,0.00819672131147541,2031,ZIELONA GORA,PL,+51:55:48,+015:31:29,192, SD2,1951-01-01,2022-09-30,26,Miroslaw Mietus
240600,2021,1.1178082191780823,2031,ZIELONA GORA,PL,+51:55:48,+015:31:29,192, SD2,1951-01-01,2022-09-30,26,Miroslaw Mietus
240601,2017,0.0,923,LESZNO,PL,+51:50:08,+016:32:05,91, SD2,1958-01-01,2022-09-30,26,Miroslaw Mietus
240601,2019,0.021917808219178082,923,LESZNO,PL,+51:50:08,+016:32:05,91, SD2,1958-01-01,2022-09-30,26,Miroslaw Mietus
240601,2020,0.015015015015015015,923,LESZNO,PL,+51:50:08,+016:32:05,91, SD2,1958-01-01,2022-09-30,26,Miroslaw Mietus
240601,2021,0.6857142857142857,923,LESZNO,PL,+51:50:08,+016:32:05,91, SD2,1958-01-01,2022-09-30,26,Miroslaw Mietus
240602,2017,0.13972602739726028,25004,WROCLAW,PL,+51:06:12,+016:54:00,120, SD2,1951-01-01,2022-09-30,26,Miroslaw Mietus
240602,2017,0.13972602739726028,210,WROCLAW,PL,+51:06:12,+016:54:00,120, SD2,1951-01-01,2022-09-30,26,Miroslaw Mietus
240602,2018,0.11232876712328767,25004,WROCLAW,PL,+51:06:12,+016:54:00,120, SD2,1951-01-01,2022-09-30,26,Miroslaw Mietus
240602,2018,0.11232876712328767,210,WROCLAW,PL,+51:06:12,+016:54:00,120, SD2,1951-01-01,2022-09-30,26,Miroslaw Mietus
240602,2019,0.09863013698630137,25004,WROCLAW,PL,+51:06:12,+016:54:00,120, SD2,1951-01-01,2022-09-30,26,Miroslaw Mietus
240602,2019,0.09863013698630137,210,WROCLAW,PL,+51:06:12,+016:54:00,120, SD2,1951-01-01,2022-09-30,26,Miroslaw Mietus
240602,2020,0.01366120218579235,25004,WROCLAW,PL,+51:06:12,+016:54:00,120, SD2,1951-01-01,2022-09-30,26,Miroslaw Mietus
240602,2020,0.01366120218579235,210,WROCLAW,PL,+51:06:12,+016:54:00,120, SD2,1951-01-01,2022-09-30,26,Miroslaw Mietus
240602,2021,0.6794520547945205,25004,WROCLAW,PL,+51:06:12,+016:54:00,120, SD2,1951-01-01,2022-09-30,26,Miroslaw Mietus
240602,2021,0.6794520547945205,210,WROCLAW,PL,+51:06:12,+016:54:00,120, SD2,1951-01-01,2022-09-30,26,Miroslaw Mietus
240603,2017,0.21643835616438356,2032,KALISZ,PL,+51:43:48,+018:04:48,140, SD2,1951-01-01,2022-09-30,26,Miroslaw Mietus
240603,2018,0.14246575342465753,2032,KALISZ,PL,+51:43:48,+018:04:48,140, SD2,1951-01-01,2022-09-30,26,Miroslaw Mietus
240603,2019,0.1506849315068493,2032,KALISZ,PL,+51:43:48,+018:04:48,140, SD2,1951-01-01,2022-09-30,26,Miroslaw Mietus
240603,2020,0.00819672131147541,2032,KALISZ,PL,+51:43:48,+018:04:48,140, SD2,1951-01-01,2022-09-30,26,Miroslaw Mietus
240603,2021,0.6657534246575343,2032,KALISZ,PL,+51:43:48,+018:04:48,140, SD2,1951-01-01,2022-09-30,26,Miroslaw Mietus
240604,2017,0.0326530612244898,924,WIELUN,PL,+51:12:37,+018:33:24,199, SD2,1951-01-01,2022-09-30,26,Miroslaw Mietus
240604,2018,0.20821917808219179,924,WIELUN,PL,+51:12:37,+018:33:24,199, SD2,1951-01-01,2022-09-30,26,Miroslaw Mietus
240604,2019,0.25205479452054796,924,WIELUN,PL,+51:12:37,+018:33:24,199, SD2,1951-01-01,2022-09-30,26,Miroslaw Mietus
240604,2020,0.0,924,WIELUN,PL,+51:12:37,+018:33:24,199, SD2,1951-01-01,2022-09-30,26,Miroslaw Mietus
240604,2021,1.1369863013698631,924,WIELUN,PL,+51:12:37,+018:33:24,199, SD2,1951-01-01,2022-09-30,26,Miroslaw Mietus
240605,2017,1.0904109589041096,2033,LODZ,PL,+51:43:48,+019:24:00,187, SD2,1951-01-01,2022-09-30,26,Miroslaw Mietus
240605,2018,0.29863013698630136,2033,LODZ,PL,+51:43:48,+019:24:00,187, SD2,1951-01-01,2022-09-30,26,Miroslaw Mietus
240605,2019,0.3424657534246575,2033,LODZ,PL,+51:43:48,+019:24:00,187, SD2,1951-01-01,2022-09-30,26,Miroslaw Mietus
240605,2020,0.00273224043715847,2033,LODZ,PL,+51:43:48,+019:24:00,187, SD2,1951-01-01,2022-09-30,26,Miroslaw Mietus
240605,2021,0.936986301369863,2033,LODZ,PL,+51:43:48,+019:24:00,187, SD2,1951-01-01,2022-09-30,26,Miroslaw Mietus
240606,2017,0.16304347826086957,926,SULEJOW,PL,+51:21:12,+019:51:59,188, SD2,1961-05-01,2022-09-30,26,Miroslaw Mietus
240606,2018,0.4410958904109589,926,SULEJOW,PL,+51:21:12,+019:51:59,188, SD2,1961-05-01,2022-09-30,26,Miroslaw Mietus
240606,2019,0.27123287671232876,926,SULEJOW,PL,+51:21:12,+019:51:59,188, SD2,1961-05-01,2022-09-30,26,Miroslaw Mietus
240606,2020,0.01639344262295082,926,SULEJOW,PL,+51:21:12,+019:51:59,188, SD2,1961-05-01,2022-09-30,26,Miroslaw Mietus
240606,2021,0.9726027397260274,926,SULEJOW,PL,+51:21:12,+019:51:59,188, SD2,1961-05-01,2022-09-30,26,Miroslaw Mietus
240607,2017,1.5698630136986302,927,WLODAWA,PL,+51:33:12,+023:31:46,177, SD2,1951-01-01,2022-09-30,26,Miroslaw Mietus
240607,2018,1.1561643835616437,927,WLODAWA,PL,+51:33:12,+023:31:46,177, SD2,1951-01-01,2022-09-30,26,Miroslaw Mietus
240607,2019,0.6054794520547945,927,WLODAWA,PL,+51:33:12,+023:31:46,177, SD2,1951-01-01,2022-09-30,26,Miroslaw Mietus
240607,2020,0.07377049180327869,927,WLODAWA,PL,+51:33:12,+023:31:46,177, SD2,1951-01-01,2022-09-30,26,Miroslaw Mietus
240607,2021,1.8356164383561644,927,WLODAWA,PL,+51:33:12,+023:31:46,177, SD2,1951-01-01,2022-09-30,26,Miroslaw Mietus
240608,2017,0.012244897959183673,4108,SLUBICE,PL,+52:20:55,+014:37:11,53, SD2,1951-01-01,2022-09-30,26,Miroslaw Mietus
240608,2017,0.012244897959183673,779,SLUBICE,PL,+52:20:55,+014:37:11,53, SD2,1951-01-01,2022-09-30,26,Miroslaw Mietus
240608,2018,0.043835616438356165,4108,SLUBICE,PL,+52:20:55,+014:37:11,53, SD2,1951-01-01,2022-09-30,26,Miroslaw Mietus
240608,2018,0.043835616438356165,779,SLUBICE,PL,+52:20:55,+014:37:11,53, SD2,1951-01-01,2022-09-30,26,Miroslaw Mietus
240608,2019,0.024657534246575342,4108,SLUBICE,PL,+52:20:55,+014:37:11,53, SD2,1951-01-01,2022-09-30,26,Miroslaw Mietus
240608,2019,0.024657534246575342,779,SLUBICE,PL,+52:20:55,+014:37:11,53, SD2,1951-01-01,2022-09-30,26,Miroslaw Mietus
240608,2020,0.0,4108,SLUBICE,PL,+52:20:55,+014:37:11,53, SD2,1951-01-01,2022-09-30,26,Miroslaw Mietus
240608,2020,0.0,779,SLUBICE,PL,+52:20:55,+014:37:11,53, SD2,1951-01-01,2022-09-30,26,Miroslaw Mietus
240608,2021,0.2876712328767123,4108,SLUBICE,PL,+52:20:55,+014:37:11,53, SD2,1951-01-01,2022-09-30,26,Miroslaw Mietus
240608,2021,0.2876712328767123,779,SLUBICE,PL,+52:20:55,+014:37:11,53, SD2,1951-01-01,2022-09-30,26,Miroslaw Mietus
240609,2017,0.14794520547945206,2029,GORZOW WLKP,PL,+52:44:28,+015:16:38,71, SD2,1951-01-01,2022-09-30,26,Miroslaw Mietus
240609,2018,0.14246575342465753,2029,GORZOW WLKP,PL,+52:44:28,+015:16:38,71, SD2,1951-01-01,2022-09-30,26,Miroslaw Mietus
240609,2019,0.049315068493150684,2029,GORZOW WLKP,PL,+52:44:28,+015:16:38,71, SD2,1951-01-01,2022-09-30,26,Miroslaw Mietus
240609,2020,0.0,2029,GORZOW WLKP,PL,+52:44:28,+015:16:38,71, SD2,1951-01-01,2022-09-30,26,Miroslaw Mietus
240609,2021,0.6547945205479452,2029,GORZOW WLKP,PL,+52:44:28,+015:16:38,71, SD2,1951-01-01,2022-09-30,26,Miroslaw Mietus
240610,2017,0.11232876712328767,25140,POZNAN,PL,+52:11:59,+018:39:37,115, SD2,1951-01-01,2022-09-30,26,Miroslaw Mietus
240610,2017,0.11232876712328767,206,POZNAN,PL,+52:11:59,+018:39:37,115, SD2,1951-01-01,2022-09-30,26,Miroslaw Mietus
240610,2018,0.09315068493150686,25140,POZNAN,PL,+52:11:59,+018:39:37,115, SD2,1951-01-01,2022-09-30,26,Miroslaw Mietus
240610,2018,0.09315068493150686,206,POZNAN,PL,+52:11:59,+018:39:37,115, SD2,1951-01-01,2022-09-30,26,Miroslaw Mietus
240610,2019,0.07123287671232877,25140,POZNAN,PL,+52:11:59,+018:39:37,115, SD2,1951-01-01,2022-09-30,26,Miroslaw Mietus
240610,2019,0.07123287671232877,206,POZNAN,PL,+52:11:59,+018:39:37,115, SD2,1951-01-01,2022-09-30,26,Miroslaw Mietus
240610,2020,0.00546448087431694,25140,POZNAN,PL,+52:11:59,+018:39:37,115, SD2,1951-01-01,2022-09-30,26,Miroslaw Mietus
240610,2020,0.00546448087431694,206,POZNAN,PL,+52:11:59,+018:39:37,115, SD2,1951-01-01,2022-09-30,26,Miroslaw Mietus
240610,2021,0.4958904109589041,25140,POZNAN,PL,+52:11:59,+018:39:37,115, SD2,1951-01-01,2022-09-30,26,Miroslaw Mietus
240610,2021,0.4958904109589041,206,POZNAN,PL,+52:11:59,+018:39:37,115, SD2,1951-01-01,2022-09-30,26,Miroslaw Mietus
240611,2017,0.6246575342465753,25054,WARSZAWA-OKECIE,PL,+52:09:46,+020:57:40,107, SD2,1951-01-01,2022-09-30,26,Miroslaw Mietus
240611,2017,0.6246575342465753,25060,WARSZAWA-OKECIE,PL,+52:09:46,+020:57:40,107, SD2,1951-01-01,2022-09-30,26,Miroslaw Mietus
240611,2017,0.6246575342465753,25152,WARSZAWA-OKECIE,PL,+52:09:46,+020:57:40,107, SD2,1951-01-01,2022-09-30,26,Miroslaw Mietus
240611,2017,0.6246575342465753,9040,WARSZAWA-OKECIE,PL,+52:09:46,+020:57:40,107, SD2,1951-01-01,2022-09-30,26,Miroslaw Mietus
240611,2017,0.6246575342465753,209,WARSZAWA-OKECIE,PL,+52:09:46,+020:57:40,107, SD2,1951-01-01,2022-09-30,26,Miroslaw Mietus
240611,2018,0.4328767123287671,25054,WARSZAWA-OKECIE,PL,+52:09:46,+020:57:40,107, SD2,1951-01-01,2022-09-30,26,Miroslaw Mietus
240611,2018,0.4328767123287671,25060,WARSZAWA-OKECIE,PL,+52:09:46,+020:57:40,107, SD2,1951-01-01,2022-09-30,26,Miroslaw Mietus
240611,2018,0.4328767123287671,25152,WARSZAWA-OKECIE,PL,+52:09:46,+020:57:40,107, SD2,1951-01-01,2022-09-30,26,Miroslaw Mietus
240611,2018,0.4328767123287671,9040,WARSZAWA-OKECIE,PL,+52:09:46,+020:57:40,107, SD2,1951-01-01,2022-09-30,26,Miroslaw Mietus
240611,2018,0.4328767123287671,209,WARSZAWA-OKECIE,PL,+52:09:46,+020:57:40,107, SD2,1951-01-01,2022-09-30,26,Miroslaw Mietus
240611,2019,0.23013698630136986,25054,WARSZAWA-OKECIE,PL,+52:09:46,+020:57:40,107, SD2,1951-01-01,2022-09-30,26,Miroslaw Mietus
240611,2019,0.23013698630136986,25060,WARSZAWA-OKECIE,PL,+52:09:46,+020:57:40,107, SD2,1951-01-01,2022-09-30,26,Miroslaw Mietus
240611,2019,0.23013698630136986,25152,WARSZAWA-OKECIE,PL,+52:09:46,+020:57:40,107, SD2,1951-01-01,2022-09-30,26,Miroslaw Mietus
240611,2019,0.23013698630136986,9040,WARSZAWA-OKECIE,PL,+52:09:46,+020:57:40,107, SD2,1951-01-01,2022-09-30,26,Miroslaw Mietus
240611,2019,0.23013698630136986,209,WARSZAWA-OKECIE,PL,+52:09:46,+020:57:40,107, SD2,1951-01-01,2022-09-30,26,Miroslaw Mietus
240611,2020,0.00273224043715847,25054,WARSZAWA-OKECIE,PL,+52:09:46,+020:57:40,107, SD2,1951-01-01,2022-09-30,26,Miroslaw Mietus
240611,2020,0.00273224043715847,25060,WARSZAWA-OKECIE,PL,+52:09:46,+020:57:40,107, SD2,1951-01-01,2022-09-30,26,Miroslaw Mietus
240611,2020,0.00273224043715847,25152,WARSZAWA-OKECIE,PL,+52:09:46,+020:57:40,107, SD2,1951-01-01,2022-09-30,26,Miroslaw Mietus
240611,2020,0.00273224043715847,9040,WARSZAWA-OKECIE,PL,+52:09:46,+020:57:40,107, SD2,1951-01-01,2022-09-30,26,Miroslaw Mietus
240611,2020,0.00273224043715847,209,WARSZAWA-OKECIE,PL,+52:09:46,+020:57:40,107, SD2,1951-01-01,2022-09-30,26,Miroslaw Mietus
240611,2021,1.876595744680851,25054,WARSZAWA-OKECIE,PL,+52:09:46,+020:57:40,107, SD2,1951-01-01,2022-09-30,26,Miroslaw Mietus
240611,2021,1.876595744680851,25060,WARSZAWA-OKECIE,PL,+52:09:46,+020:57:40,107, SD2,1951-01-01,2022-09-30,26,Miroslaw Mietus
240611,2021,1.876595744680851,25152,WARSZAWA-OKECIE,PL,+52:09:46,+020:57:40,107, SD2,1951-01-01,2022-09-30,26,Miroslaw Mietus
240611,2021,1.876595744680851,9040,WARSZAWA-OKECIE,PL,+52:09:46,+020:57:40,107, SD2,1951-01-01,2022-09-30,26,Miroslaw Mietus
240611,2021,1.876595744680851,209,WARSZAWA-OKECIE,PL,+52:09:46,+020:57:40,107, SD2,1951-01-01,2022-09-30,26,Miroslaw Mietus
240612,2017,1.0767123287671232,333,SIEDLCE,PL,+52:10:52,+022:14:41,152, SD2,1951-01-01,2022-09-30,26,Miroslaw Mietus
240612,2018,0.5972602739726027,333,SIEDLCE,PL,+52:10:52,+022:14:41,152, SD2,1951-01-01,2022-09-30,26,Miroslaw Mietus
240612,2019,0.4438356164383562,333,SIEDLCE,PL,+52:10:52,+022:14:41,152, SD2,1951-01-01,2022-09-30,26,Miroslaw Mietus
240612,2020,0.01912568306010929,333,SIEDLCE,PL,+52:10:52,+022:14:41,152, SD2,1951-01-01,2022-09-30,26,Miroslaw Mietus
240612,2021,1.0328767123287672,333,SIEDLCE,PL,+52:10:52,+022:14:41,152, SD2,1951-01-01,2022-09-30,26,Miroslaw Mietus
240613,2017,2.0767123287671234,922,TERESPOL,PL,+52:04:43,+023:37:19,133, SD2,1955-01-01,2022-09-30,26,Miroslaw Mietus
240613,2018,1.0438356164383562,922,TERESPOL,PL,+52:04:43,+023:37:19,133, SD2,1955-01-01,2022-09-30,26,Miroslaw Mietus
240613,2019,0.673972602739726,922,TERESPOL,PL,+52:04:43,+023:37:19,133, SD2,1955-01-01,2022-09-30,26,Miroslaw Mietus
240613,2020,0.06830601092896176,922,TERESPOL,PL,+52:04:43,+023:37:19,133, SD2,1955-01-01,2022-09-30,26,Miroslaw Mietus
240613,2021,1.8438356164383563,922,TERESPOL,PL,+52:04:43,+023:37:19,133, SD2,1955-01-01,2022-09-30,26,Miroslaw Mietus
240614,2017,0.3041095890410959,696,SWINOUJSCIE,PL,+53:55:24,+014:14:32,5, SD2,1951-01-01,2022-09-30,26,Miroslaw Mietus
240614,2018,0.23013698630136986,696,SWINOUJSCIE,PL,+53:55:24,+014:14:32,5, SD2,1951-01-01,2022-09-30,26,Miroslaw Mietus
240614,2019,0.038356164383561646,696,SWINOUJSCIE,PL,+53:55:24,+014:14:32,5, SD2,1951-01-01,2022-09-30,26,Miroslaw Mietus
240614,2020,0.0,696,SWINOUJSCIE,PL,+53:55:24,+014:14:32,5, SD2,1951-01-01,2022-09-30,26,Miroslaw Mietus
240614,2021,0.7726027397260274,696,SWINOUJSCIE,PL,+53:55:24,+014:14:32,5, SD2,1951-01-01,2022-09-30,26,Miroslaw Mietus
240615,2017,0.18904109589041096,208,SZCZECIN,PL,+53:23:43,+014:37:22,1, SD2,1951-01-01,2022-09-30,26,Miroslaw Mietus
240615,2018,0.0821917808219178,208,SZCZECIN,PL,+53:23:43,+014:37:22,1, SD2,1951-01-01,2022-09-30,26,Miroslaw Mietus
240615,2019,0.01643835616438356,208,SZCZECIN,PL,+53:23:43,+014:37:22,1, SD2,1951-01-01,2022-09-30,26,Miroslaw Mietus
240615,2020,0.0,208,SZCZECIN,PL,+53:23:43,+014:37:22,1, SD2,1951-01-01,2022-09-30,26,Miroslaw Mietus
240615,2021,0.5561643835616439,208,SZCZECIN,PL,+53:23:43,+014:37:22,1, SD2,1951-01-01,2022-09-30,26,Miroslaw Mietus
240616,2017,0.7534246575342466,2026,CHOJNICE,PL,+53:42:55,+017:31:57,164, SD2,1951-01-01,2022-09-30,26,Miroslaw Mietus
240616,2018,0.4301369863013699,2026,CHOJNICE,PL,+53:42:55,+017:31:57,164, SD2,1951-01-01,2022-09-30,26,Miroslaw Mietus
240616,2019,0.03287671232876712,2026,CHOJNICE,PL,+53:42:55,+017:31:57,164, SD2,1951-01-01,2022-09-30,26,Miroslaw Mietus
240616,2020,0.06830601092896176,2026,CHOJNICE,PL,+53:42:55,+017:31:57,164, SD2,1951-01-01,2022-09-30,26,Miroslaw Mietus
240616,2021,2.5945205479452054,2026,CHOJNICE,PL,+53:42:55,+017:31:57,164, SD2,1951-01-01,2022-09-30,26,Miroslaw Mietus
240617,2017,0.1917808219178082,2027,TORUN,PL,+53:02:31,+018:35:44,69, SD2,1951-01-01,2022-09-30,26,Miroslaw Mietus
240617,2018,0.5123287671232877,2027,TORUN,PL,+53:02:31,+018:35:44,69, SD2,1951-01-01,2022-09-30,26,Miroslaw Mietus
240617,2019,0.2,2027,TORUN,PL,+53:02:31,+018:35:44,69, SD2,1951-01-01,2022-09-30,26,Miroslaw Mietus
240617,2020,0.00273224043715847,2027,TORUN,PL,+53:02:31,+018:35:44,69, SD2,1951-01-01,2022-09-30,26,Miroslaw Mietus
240617,2021,1.5232876712328767,2027,TORUN,PL,+53:02:31,+018:35:44,69, SD2,1951-01-01,2022-09-30,26,Miroslaw Mietus
240618,2017,1.4246575342465753,2028,MLAWA,PL,+53:06:15,+020:21:40,147, SD2,1961-01-01,2022-09-30,26,Miroslaw Mietus
240618,2018,0.5835616438356165,2028,MLAWA,PL,+53:06:15,+020:21:40,147, SD2,1961-01-01,2022-09-30,26,Miroslaw Mietus
240618,2019,0.4438356164383562,2028,MLAWA,PL,+53:06:15,+020:21:40,147, SD2,1961-01-01,2022-09-30,26,Miroslaw Mietus
240618,2020,0.01366120218579235,2028,MLAWA,PL,+53:06:15,+020:21:40,147, SD2,1961-01-01,2022-09-30,26,Miroslaw Mietus
240618,2021,1.7205479452054795,2028,MLAWA,PL,+53:06:15,+020:21:40,147, SD2,1961-01-01,2022-09-30,26,Miroslaw Mietus
240619,2017,0.07246376811594203,752,OLSZTYN,PL,+53:46:07,+020:25:17,133, SD2,1951-01-01,2022-09-30,26,Miroslaw Mietus
240619,2018,0.3506849315068493,752,OLSZTYN,PL,+53:46:07,+020:25:17,133, SD2,1951-01-01,2022-09-30,26,Miroslaw Mietus
240619,2019,0.6712328767123288,752,OLSZTYN,PL,+53:46:07,+020:25:17,133, SD2,1951-01-01,2022-09-30,26,Miroslaw Mietus
240619,2020,0.04644808743169399,752,OLSZTYN,PL,+53:46:07,+020:25:17,133, SD2,1951-01-01,2022-09-30,26,Miroslaw Mietus
240619,2021,2.210958904109589,752,OLSZTYN,PL,+53:46:07,+020:25:17,133, SD2,1951-01-01,2022-09-30,26,Miroslaw Mietus
240620,2017,1.8383561643835618,204,BIALYSTOK,PL,+53:06:26,+023:09:44,148, SD2,1951-01-01,2022-09-30,26,Miroslaw Mietus
240620,2018,0.7972602739726027,204,BIALYSTOK,PL,+53:06:26,+023:09:44,148, SD2,1951-01-01,2022-09-30,26,Miroslaw Mietus
240620,2019,1.6191780821917807,204,BIALYSTOK,PL,+53:06:26,+023:09:44,148, SD2,1951-01-01,2022-09-30,26,Miroslaw Mietus
240620,2020,0.08469945355191257,204,BIALYSTOK,PL,+53:06:26,+023:09:44,148, SD2,1951-01-01,2022-09-30,26,Miroslaw Mietus
240620,2021,3.96986301369863,204,BIALYSTOK,PL,+53:06:26,+023:09:44,148, SD2,1951-01-01,2022-09-30,26,Miroslaw Mietus
240621,2017,0.2356164383561644,332,LEBA,PL,+54:45:13,+017:32:05,2, SD2,1951-01-01,2022-09-30,26,Miroslaw Mietus
240621,2018,0.6109589041095891,332,LEBA,PL,+54:45:13,+017:32:05,2, SD2,1951-01-01,2022-09-30,26,Miroslaw Mietus
240621,2019,0.06027397260273973,332,LEBA,PL,+54:45:13,+017:32:05,2, SD2,1951-01-01,2022-09-30,26,Miroslaw Mietus
240621,2020,0.01366120218579235,332,LEBA,PL,+54:45:13,+017:32:05,2, SD2,1951-01-01,2022-09-30,26,Miroslaw Mietus
240621,2021,1.5452054794520549,332,LEBA,PL,+54:45:13,+017:32:05,2, SD2,1951-01-01,2022-09-30,26,Miroslaw Mietus
240622,2017,0.6520547945205479,205,HEL,PL,+54:36:13,+018:48:43,1, SD2,1951-01-01,2022-09-30,26,Miroslaw Mietus
240622,2018,0.6958904109589041,205,HEL,PL,+54:36:13,+018:48:43,1, SD2,1951-01-01,2022-09-30,26,Miroslaw Mietus
240622,2019,0.10136986301369863,205,HEL,PL,+54:36:13,+018:48:43,1, SD2,1951-01-01,2022-09-30,26,Miroslaw Mietus
240622,2020,0.00546448087431694,205,HEL,PL,+54:36:13,+018:48:43,1, SD2,1951-01-01,2022-09-30,26,Miroslaw Mietus
240622,2021,1.4438356164383561,205,HEL,PL,+54:36:13,+018:48:43,1, SD2,1951-01-01,2022-09-30,26,Miroslaw Mietus
240623,2017,1.5068493150684932,396,ELBLAG,PL,+54:13:24,+019:32:37,189, SD2,1951-01-01,2022-09-30,26,Miroslaw Mietus
240623,2018,1.0657534246575342,396,ELBLAG,PL,+54:13:24,+019:32:37,189, SD2,1951-01-01,2022-09-30,26,Miroslaw Mietus
240623,2019,1.7342465753424658,396,ELBLAG,PL,+54:13:24,+019:32:37,189, SD2,1951-01-01,2022-09-30,26,Miroslaw Mietus
240623,2020,0.06284153005464481,396,ELBLAG,PL,+54:13:24,+019:32:37,189, SD2,1951-01-01,2022-09-30,26,Miroslaw Mietus
240623,2021,4.120547945205479,396,ELBLAG,PL,+54:13:24,+019:32:37,189, SD2,1951-01-01,2022-09-30,26,Miroslaw Mietus
912125,2017,3.0,25149,LEBORK,PL,+54:33:00,+017:45:00,41, SD1,1980-01-22,2018-01-24,,
912125,2018,1.0,25149,LEBORK,PL,+54:33:00,+017:45:00,41, SD1,1980-01-22,2018-01-24,,
912185,2017,6.775510204081633,2023,KETRZYN,PL,+54:04:00,+021:22:00,110, SD1,1980-01-01,2020-02-29,,
912230,2017,1.6933333333333334,25076,PILA,PL,+53:08:00,+016:45:00,73, SD1,1980-02-17,2020-02-29,,
912230,2017,1.6933333333333334,8943,PILA,PL,+53:08:00,+016:45:00,73, SD1,1980-02-17,2020-02-29,,
912272,2017,6.649122807017544,752,OLSZTYN,PL,+53:46:00,+020:25:00,137, SD1,1980-01-22,2020-02-29,,
912360,2017,2.0,25141,PLOCK,PL,+52:35:00,+019:44:00,109, SD1,1980-01-01,2019-03-08,,
912360,2018,4.142857142857143,25141,PLOCK,PL,+52:35:00,+019:44:00,109, SD1,1980-01-01,2019-03-08,,
912360,2019,1.7391304347826086,25141,PLOCK,PL,+52:35:00,+019:44:00,109, SD1,1980-01-01,2019-03-08,,
912360,2021,3.2,25141,PLOCK,PL,+52:35:00,+019:44:00,109, SD1,1980-01-01,2019-03-08,,
912418,2017,5.976744186046512,923,LESZNO,PL,+51:50:00,+016:32:00,92, SD1,1980-11-17,2020-02-29,,
912418,2018,2.6363636363636362,923,LESZNO,PL,+51:50:00,+016:32:00,92, SD1,1980-11-17,2020-02-29,,
912418,2021,5.222222222222222,923,LESZNO,PL,+51:50:00,+016:32:00,92, SD1,1980-11-17,2020-02-29,,
912455,2017,8.732142857142858,924,WIELUN,PL,+51:13:00,+018:34:00,201, SD1,1980-01-22,2020-02-29,,
912469,2017,6.931818181818182,926,SULEJOW,PL,+51:21:00,+019:52:00,189, SD1,1980-11-17,2020-02-29,,
912540,2017,2.8157894736842106,928,RACIBORZ,PL,+50:03:00,+018:12:00,206, SD1,1980-11-17,2020-02-29,,
912575,2017,5.878048780487805,25134,TARNOW,PL,+50:02:00,+020:59:00,209, SD1,1980-01-02,2020-01-12,,
912575,2018,4.735849056603773,25134,TARNOW,PL,+50:02:00,+020:59:00,209, SD1,1980-01-02,2020-01-12,,
912575,2019,1.55,25134,TARNOW,PL,+50:02:00,+020:59:00,209, SD1,1980-01-02,2020-01-12,,
912575,2020,1.25,25134,TARNOW,PL,+50:02:00,+020:59:00,209, SD1,1980-01-02,2020-01-12,,
912575,2021,5.294117647058823,25134,TARNOW,PL,+50:02:00,+020:59:00,209, SD1,1980-01-02,2020-01-12,,
912660,2017,8.627906976744185,24909,NOWY SACZ,PL,+49:37:00,+020:42:00,295, SD1,1980-01-22,2020-01-09,,
912660,2017,8.627906976744185,932,NOWY SACZ,PL,+49:37:00,+020:42:00,295, SD1,1980-01-22,2020-01-09,,
912660,2018,4.7974683544303796,24909,NOWY SACZ,PL,+49:37:00,+020:42:00,295, SD1,1980-01-22,2020-01-09,,
912660,2018,4.7974683544303796,932,NOWY SACZ,PL,+49:37:00,+020:42:00,295, SD1,1980-01-22,2020-01-09,,
912660,2019,5.097560975609756,24909,NOWY SACZ,PL,+49:37:00,+020:42:00,295, SD1,1980-01-22,2020-01-09,,
912660,2019,5.097560975609756,932,NOWY SACZ,PL,+49:37:00,+020:42:00,295, SD1,1980-01-22,2020-01-09,,
912660,2020,1.7647058823529411,24909,NOWY SACZ,PL,+49:37:00,+020:42:00,295, SD1,1980-01-22,2020-01-09,,
912660,2020,1.7647058823529411,932,NOWY SACZ,PL,+49:37:00,+020:42:00,295, SD1,1980-01-22,2020-01-09,,
912660,2021,8.09375,24909,NOWY SACZ,PL,+49:37:00,+020:42:00,295, SD1,1980-01-22,2020-01-09,,
912660,2021,8.09375,932,NOWY SACZ,PL,+49:37:00,+020:42:00,295, SD1,1980-01-22,2020-01-09,,
912670,2017,18.470588235294116,25156,KROSNO,PL,+49:42:25,+021:46:09,331, SD1,2012-11-01,2020-02-29,,
912670,2017,18.470588235294116,8969,KROSNO,PL,+49:42:25,+021:46:09,331, SD1,2012-11-01,2020-02-29,,
