SOUID,DATE,RR,STAID,SOUNAME,CN,LAT,LON,HGHT,ELEI,BEGIN,END,PARID,PARNAME
100639,2017,11.96986301369863,204,BIALYSTOK,PL,+53:06:26,+023:09:44,148, RR9,1951-01-01,2022-09-30,26,Miroslaw Mietus
100639,2018,7.057534246575343,204,BIALYSTOK,PL,+53:06:26,+023:09:44,148, RR9,1951-01-01,2022-09-30,26,Miroslaw Mietus
100639,2019,10.443835616438356,204,BIALYSTOK,PL,+53:06:26,+023:09:44,148, RR9,1951-01-01,2022-09-30,26,Miroslaw Mietus
100639,2020,8.502732240437158,204,BIALYSTOK,PL,+53:06:26,+023:09:44,148, RR9,1951-01-01,2022-09-30,26,Miroslaw Mietus
100639,2021,9.92876712328767,204,BIALYSTOK,PL,+53:06:26,+023:09:44,148, RR9,1951-01-01,2022-09-30,26,Miroslaw Mietus
100643,2017,9.052054794520547,205,HEL,PL,+54:36:13,+018:48:43,1, RR9,1920-12-01,2022-09-30,26,Miroslaw Mietus
100643,2018,7.2465753424657535,205,HEL,PL,+54:36:13,+018:48:43,1, RR9,1920-12-01,2022-09-30,26,Miroslaw Mietus
100643,2019,7.934246575342466,205,HEL,PL,+54:36:13,+018:48:43,1, RR9,1920-12-01,2022-09-30,26,Miroslaw Mietus
100643,2020,6.191256830601093,205,HEL,PL,+54:36:13,+018:48:43,1, RR9,1920-12-01,2022-09-30,26,Miroslaw Mietus
100643,2021,7.608219178082192,205,HEL,PL,+54:36:13,+018:48:43,1, RR9,1920-12-01,2022-09-30,26,Miroslaw Mietus
100647,2017,8.04109589041096,206,POZNAN,PL,+52:11:59,+018:39:37,115, RR9,1951-01-01,2022-09-30,26,Miroslaw Mietus
100647,2017,8.04109589041096,25140,POZNAN,PL,+52:11:59,+018:39:37,115, RR9,1951-01-01,2022-09-30,26,Miroslaw Mietus
100647,2018,6.487671232876712,206,POZNAN,PL,+52:11:59,+018:39:37,115, RR9,1951-01-01,2022-09-30,26,Miroslaw Mietus
100647,2018,6.487671232876712,25140,POZNAN,PL,+52:11:59,+018:39:37,115, RR9,1951-01-01,2022-09-30,26,Miroslaw Mietus
100647,2019,4.986301369863014,206,POZNAN,PL,+52:11:59,+018:39:37,115, RR9,1951-01-01,2022-09-30,26,Miroslaw Mietus
100647,2019,4.986301369863014,25140,POZNAN,PL,+52:11:59,+018:39:37,115, RR9,1951-01-01,2022-09-30,26,Miroslaw Mietus
100647,2020,6.8743169398907105,206,POZNAN,PL,+52:11:59,+018:39:37,115, RR9,1951-01-01,2022-09-30,26,Miroslaw Mietus
100647,2020,6.8743169398907105,25140,POZNAN,PL,+52:11:59,+018:39:37,115, RR9,1951-01-01,2022-09-30,26,Miroslaw Mietus
100647,2021,6.271232876712329,206,POZNAN,PL,+52:11:59,+018:39:37,115, RR9,1951-01-01,2022-09-30,26,Miroslaw Mietus
100647,2021,6.271232876712329,25140,POZNAN,PL,+52:11:59,+018:39:37,115, RR9,1951-01-01,2022-09-30,26,Miroslaw Mietus
100651,2017,7.098630136986301,207,RZESZOW JASIONKA,PL,+50:06:39,+022:02:32,206, RR9,1952-01-01,2022-09-30,26,Miroslaw Mietus
100651,2018,5.624657534246575,207,RZESZOW JASIONKA,PL,+50:06:39,+022:02:32,206, RR9,1952-01-01,2022-09-30,26,Miroslaw Mietus
100651,2019,6.964383561643835,207,RZESZOW JASIONKA,PL,+50:06:39,+022:02:32,206, RR9,1952-01-01,2022-09-30,26,Miroslaw Mietus
100651,2020,9.21311475409836,207,RZESZOW JASIONKA,PL,+50:06:39,+022:02:32,206, RR9,1952-01-01,2022-09-30,26,Miroslaw Mietus
100651,2021,12.726027397260275,207,RZESZOW JASIONKA,PL,+50:06:39,+022:02:32,206, RR9,1952-01-01,2022-09-30,26,Miroslaw Mietus
100655,2017,11.917808219178083,208,SZCZECIN,PL,+53:23:43,+014:37:22,1, RR9,1951-01-01,2022-09-30,26,Miroslaw Mietus
100655,2018,5.6136986301369864,208,SZCZECIN,PL,+53:23:43,+014:37:22,1, RR9,1951-01-01,2022-09-30,26,Miroslaw Mietus
100655,2019,7.005479452054795,208,SZCZECIN,PL,+53:23:43,+014:37:22,1, RR9,1951-01-01,2022-09-30,26,Miroslaw Mietus
100655,2020,5.890710382513661,208,SZCZECIN,PL,+53:23:43,+014:37:22,1, RR9,1951-01-01,2022-09-30,26,Miroslaw Mietus
100655,2021,7.720547945205479,208,SZCZECIN,PL,+53:23:43,+014:37:22,1, RR9,1951-01-01,2022-09-30,26,Miroslaw Mietus
100659,2017,10.378082191780821,209,WARSZAWA-OKECIE,PL,+52:09:46,+020:57:40,107, RR9,1951-01-01,2022-09-30,26,Miroslaw Mietus
100659,2017,10.378082191780821,25054,WARSZAWA-OKECIE,PL,+52:09:46,+020:57:40,107, RR9,1951-01-01,2022-09-30,26,Miroslaw Mietus
100659,2017,10.378082191780821,25055,WARSZAWA-OKECIE,PL,+52:09:46,+020:57:40,107, RR9,1951-01-01,2022-09-30,26,Miroslaw Mietus
100659,2017,10.378082191780821,25060,WARSZAWA-OKECIE,PL,+52:09:46,+020:57:40,107, RR9,1951-01-01,2022-09-30,26,Miroslaw Mietus
100659,2017,10.378082191780821,25152,WARSZAWA-OKECIE,PL,+52:09:46,+020:57:40,107, RR9,1951-01-01,2022-09-30,26,Miroslaw Mietus
100659,2018,7.112328767123287,209,WARSZAWA-OKECIE,PL,+52:09:46,+020:57:40,107, RR9,1951-01-01,2022-09-30,26,Miroslaw Mietus
100659,2018,7.112328767123287,25054,WARSZAWA-OKECIE,PL,+52:09:46,+020:57:40,107, RR9,1951-01-01,2022-09-30,26,Miroslaw Mietus
100659,2018,7.112328767123287,25055,WARSZAWA-OKECIE,PL,+52:09:46,+020:57:40,107, RR9,1951-01-01,2022-09-30,26,Miroslaw Mietus
100659,2018,7.112328767123287,25060,WARSZAWA-OKECIE,PL,+52:09:46,+020:57:40,107, RR9,1951-01-01,2022-09-30,26,Miroslaw Mietus
100659,2018,7.112328767123287,25152,WARSZAWA-OKECIE,PL,+52:09:46,+020:57:40,107, RR9,1951-01-01,2022-09-30,26,Miroslaw Mietus
100659,2019,5.468493150684932,209,WARSZAWA-OKECIE,PL,+52:09:46,+020:57:40,107, RR9,1951-01-01,2022-09-30,26,Miroslaw Mietus
100659,2019,5.468493150684932,25054,WARSZAWA-OKECIE,PL,+52:09:46,+020:57:40,107, RR9,1951-01-01,2022-09-30,26,Miroslaw Mietus
100659,2019,5.468493150684932,25055,WARSZAWA-OKECIE,PL,+52:09:46,+020:57:40,107, RR9,1951-01-01,2022-09-30,26,Miroslaw Mietus
100659,2019,5.468493150684932,25060,WARSZAWA-OKECIE,PL,+52:09:46,+020:57:40,107, RR9,1951-01-01,2022-09-30,26,Miroslaw Mietus
100659,2019,5.468493150684932,25152,WARSZAWA-OKECIE,PL,+52:09:46,+020:57:40,107, RR9,1951-01-01,2022-09-30,26,Miroslaw Mietus
100659,2020,9.639344262295081,209,WARSZAWA-OKECIE,PL,+52:09:46,+020:57:40,107, RR9,1951-01-01,2022-09-30,26,Miroslaw Mietus
100659,2020,9.639344262295081,25054,WARSZAWA-OKECIE,PL,+52:09:46,+020:57:40,107, RR9,1951-01-01,2022-09-30,26,Miroslaw Mietus
100659,2020,9.639344262295081,25055,WARSZAWA-OKECIE,PL,+52:09:46,+020:57:40,107, RR9,1951-01-01,2022-09-30,26,Miroslaw Mietus
100659,2020,9.639344262295081,25060,WARSZAWA-OKECIE,PL,+52:09:46,+020:57:40,107, RR9,1951-01-01,2022-09-30,26,Miroslaw Mietus
100659,2020,9.639344262295081,25152,WARSZAWA-OKECIE,PL,+52:09:46,+020:57:40,107, RR9,1951-01-01,2022-09-30,26,Miroslaw Mietus
100659,2021,9.038356164383561,209,WARSZAWA-OKECIE,PL,+52:09:46,+020:57:40,107, RR9,1951-01-01,2022-09-30,26,Miroslaw Mietus
100659,2021,9.038356164383561,25054,WARSZAWA-OKECIE,PL,+52:09:46,+020:57:40,107, RR9,1951-01-01,2022-09-30,26,Miroslaw Mietus
100659,2021,9.038356164383561,25055,WARSZAWA-OKECIE,PL,+52:09:46,+020:57:40,107, RR9,1951-01-01,2022-09-30,26,Miroslaw Mietus
100659,2021,9.038356164383561,25060,WARSZAWA-OKECIE,PL,+52:09:46,+020:57:40,107, RR9,1951-01-01,2022-09-30,26,Miroslaw Mietus
100659,2021,9.038356164383561,25152,WARSZAWA-OKECIE,PL,+52:09:46,+020:57:40,107, RR9,1951-01-01,2022-09-30,26,Miroslaw Mietus
100663,2017,7.810958904109589,210,WROCLAW,PL,+51:06:12,+016:54:00,120, RR9,1951-01-01,2022-09-30,26,Miroslaw Mietus
100663,2017,7.810958904109589,25004,WROCLAW,PL,+51:06:12,+016:54:00,120, RR9,1951-01-01,2022-09-30,26,Miroslaw Mietus
100663,2018,5.821917808219178,210,WROCLAW,PL,+51:06:12,+016:54:00,120, RR9,1951-01-01,2022-09-30,26,Miroslaw Mietus
100663,2018,5.821917808219178,25004,WROCLAW,PL,+51:06:12,+016:54:00,120, RR9,1951-01-01,2022-09-30,26,Miroslaw Mietus
100663,2019,7.668493150684932,210,WROCLAW,PL,+51:06:12,+016:54:00,120, RR9,1951-01-01,2022-09-30,26,Miroslaw Mietus
100663,2019,7.668493150684932,25004,WROCLAW,PL,+51:06:12,+016:54:00,120, RR9,1951-01-01,2022-09-30,26,Miroslaw Mietus
100663,2020,10.3551912568306,210,WROCLAW,PL,+51:06:12,+016:54:00,120, RR9,1951-01-01,2022-09-30,26,Miroslaw Mietus
100663,2020,10.3551912568306,25004,WROCLAW,PL,+51:06:12,+016:54:00,120, RR9,1951-01-01,2022-09-30,26,Miroslaw Mietus
100663,2021,6.397260273972603,210,WROCLAW,PL,+51:06:12,+016:54:00,120, RR9,1951-01-01,2022-09-30,26,Miroslaw Mietus
100663,2021,6.397260273972603,25004,WROCLAW,PL,+51:06:12,+016:54:00,120, RR9,1951-01-01,2022-09-30,26,Miroslaw Mietus
106612,2017,10.331506849315069,2022,KOSZALIN,PL,+54:12:16,+016:09:19,33, RR9,1920-12-01,2022-09-30,26,Miroslaw Mietus
106612,2018,6.832876712328767,2022,KOSZALIN,PL,+54:12:16,+016:09:19,33, RR9,1920-12-01,2022-09-30,26,Miroslaw Mietus
106612,2019,10.241095890410959,2022,KOSZALIN,PL,+54:12:16,+016:09:19,33, RR9,1920-12-01,2022-09-30,26,Miroslaw Mietus
106612,2020,9.475409836065573,2022,KOSZALIN,PL,+54:12:16,+016:09:19,33, RR9,1920-12-01,2022-09-30,26,Miroslaw Mietus
106612,2021,9.421917808219177,2022,KOSZALIN,PL,+54:12:16,+016:09:19,33, RR9,1920-12-01,2022-09-30,26,Miroslaw Mietus
107200,2017,9.780821917808218,332,LEBA,PL,+54:45:13,+017:32:05,2, RR9,1951-01-01,2022-09-30,26,Miroslaw Mietus
107200,2018,7.016438356164383,332,LEBA,PL,+54:45:13,+017:32:05,2, RR9,1951-01-01,2022-09-30,26,Miroslaw Mietus
107200,2019,10.241095890410959,332,LEBA,PL,+54:45:13,+017:32:05,2, RR9,1951-01-01,2022-09-30,26,Miroslaw Mietus
107200,2020,7.079234972677596,332,LEBA,PL,+54:45:13,+017:32:05,2, RR9,1951-01-01,2022-09-30,26,Miroslaw Mietus
107200,2021,7.164383561643835,332,LEBA,PL,+54:45:13,+017:32:05,2, RR9,1951-01-01,2022-09-30,26,Miroslaw Mietus
107242,2017,12.098630136986301,396,ELBLAG,PL,+54:13:24,+019:32:37,189, RR9,1951-01-01,2022-09-30,26,Miroslaw Mietus
107242,2018,7.101369863013699,396,ELBLAG,PL,+54:13:24,+019:32:37,189, RR9,1951-01-01,2022-09-30,26,Miroslaw Mietus
107242,2019,6.186301369863013,396,ELBLAG,PL,+54:13:24,+019:32:37,189, RR9,1951-01-01,2022-09-30,26,Miroslaw Mietus
107242,2020,7.040983606557377,396,ELBLAG,PL,+54:13:24,+019:32:37,189, RR9,1951-01-01,2022-09-30,26,Miroslaw Mietus
107242,2021,11.621917808219179,396,ELBLAG,PL,+54:13:24,+019:32:37,189, RR9,1951-01-01,2022-09-30,26,Miroslaw Mietus
107295,2017,10.753424657534246,696,SWINOUJSCIE,PL,+53:55:24,+014:14:32,5, RR9,1951-01-01,2022-09-30,26,Miroslaw Mietus
107295,2018,4.895890410958904,696,SWINOUJSCIE,PL,+53:55:24,+014:14:32,5, RR9,1951-01-01,2022-09-30,26,Miroslaw Mietus
107295,2019,7.917808219178082,696,SWINOUJSCIE,PL,+53:55:24,+014:14:32,5, RR9,1951-01-01,2022-09-30,26,Miroslaw Mietus
107295,2020,7.502732240437158,696,SWINOUJSCIE,PL,+53:55:24,+014:14:32,5, RR9,1951-01-01,2022-09-30,26,Miroslaw Mietus
107295,2021,8.76986301369863,696,SWINOUJSCIE,PL,+53:55:24,+014:14:32,5, RR9,1951-01-01,2022-09-30,26,Miroslaw Mietus
107301,2017,8.898630136986302,2026,CHOJNICE,PL,+53:42:55,+017:31:57,164, RR9,1951-01-01,2022-09-30,26,Miroslaw Mietus
107301,2018,8.293150684931506,2026,CHOJNICE,PL,+53:42:55,+017:31:57,164, RR9,1951-01-01,2022-09-30,26,Miroslaw Mietus
107301,2019,8.917808219178083,2026,CHOJNICE,PL,+53:42:55,+017:31:57,164, RR9,1951-01-01,2022-09-30,26,Miroslaw Mietus
107301,2020,8.300546448087431,2026,CHOJNICE,PL,+53:42:55,+017:31:57,164, RR9,1951-01-01,2022-09-30,26,Miroslaw Mietus
107301,2021,7.221917808219178,2026,CHOJNICE,PL,+53:42:55,+017:31:57,164, RR9,1951-01-01,2022-09-30,26,Miroslaw Mietus
107302,2017,10.334246575342465,2027,TORUN,PL,+53:02:31,+018:35:44,69, RR9,1920-12-01,2022-09-30,26,Miroslaw Mietus
107302,2018,5.882191780821918,2027,TORUN,PL,+53:02:31,+018:35:44,69, RR9,1920-12-01,2022-09-30,26,Miroslaw Mietus
107302,2019,7.906849315068493,2027,TORUN,PL,+53:02:31,+018:35:44,69, RR9,1920-12-01,2022-09-30,26,Miroslaw Mietus
107302,2020,8.442622950819672,2027,TORUN,PL,+53:02:31,+018:35:44,69, RR9,1920-12-01,2022-09-30,26,Miroslaw Mietus
107302,2021,8.452054794520548,2027,TORUN,PL,+53:02:31,+018:35:44,69, RR9,1920-12-01,2022-09-30,26,Miroslaw Mietus
107309,2017,12.756164383561643,2028,MLAWA,PL,+53:06:15,+020:21:40,147, RR9,1961-01-01,2022-09-30,26,Miroslaw Mietus
107309,2018,8.093150684931507,2028,MLAWA,PL,+53:06:15,+020:21:40,147, RR9,1961-01-01,2022-09-30,26,Miroslaw Mietus
107309,2019,7.005479452054795,2028,MLAWA,PL,+53:06:15,+020:21:40,147, RR9,1961-01-01,2022-09-30,26,Miroslaw Mietus
107309,2020,8.595628415300547,2028,MLAWA,PL,+53:06:15,+020:21:40,147, RR9,1961-01-01,2022-09-30,26,Miroslaw Mietus
107309,2021,9.03013698630137,2028,MLAWA,PL,+53:06:15,+020:21:40,147, RR9,1961-01-01,2022-09-30,26,Miroslaw Mietus
107315,2017,14.128767123287671,752,OLSZTYN,PL,+53:46:07,+020:25:17,133, RR9,1920-12-01,2022-09-30,26,Miroslaw Mietus
107315,2018,9.065753424657535,752,OLSZTYN,PL,+53:46:07,+020:25:17,133, RR9,1920-12-01,2022-09-30,26,Miroslaw Mietus
107315,2019,11.605479452054794,752,OLSZTYN,PL,+53:46:07,+020:25:17,133, RR9,1920-12-01,2022-09-30,26,Miroslaw Mietus
107315,2020,10.150273224043715,752,OLSZTYN,PL,+53:46:07,+020:25:17,133, RR9,1920-12-01,2022-09-30,26,Miroslaw Mietus
107315,2021,11.819178082191781,752,OLSZTYN,PL,+53:46:07,+020:25:17,133, RR9,1920-12-01,2022-09-30,26,Miroslaw Mietus
107316,2017,11.26849315068493,2029,GORZOW WLKP,PL,+52:44:28,+015:16:38,71, RR9,1951-01-01,2022-09-30,26,Miroslaw Mietus
107316,2018,6.073972602739726,2029,GORZOW WLKP,PL,+52:44:28,+015:16:38,71, RR9,1951-01-01,2022-09-30,26,Miroslaw Mietus
107316,2019,6.424657534246576,2029,GORZOW WLKP,PL,+52:44:28,+015:16:38,71, RR9,1951-01-01,2022-09-30,26,Miroslaw Mietus
107316,2020,6.461748633879782,2029,GORZOW WLKP,PL,+52:44:28,+015:16:38,71, RR9,1951-01-01,2022-09-30,26,Miroslaw Mietus
107316,2021,8.01095890410959,2029,GORZOW WLKP,PL,+52:44:28,+015:16:38,71, RR9,1951-01-01,2022-09-30,26,Miroslaw Mietus
107317,2017,7.936986301369863,779,SLUBICE,PL,+52:20:55,+014:37:11,53, RR9,1951-01-01,2022-09-30,26,Miroslaw Mietus
107317,2018,4.534246575342466,779,SLUBICE,PL,+52:20:55,+014:37:11,53, RR9,1951-01-01,2022-09-30,26,Miroslaw Mietus
107317,2019,5.049315068493151,779,SLUBICE,PL,+52:20:55,+014:37:11,53, RR9,1951-01-01,2022-09-30,26,Miroslaw Mietus
107317,2020,5.46448087431694,779,SLUBICE,PL,+52:20:55,+014:37:11,53, RR9,1951-01-01,2022-09-30,26,Miroslaw Mietus
107317,2021,9.465753424657533,779,SLUBICE,PL,+52:20:55,+014:37:11,53, RR9,1951-01-01,2022-09-30,26,Miroslaw Mietus
107318,2017,9.863013698630137,333,SIEDLCE,PL,+52:10:52,+022:14:41,152, RR9,1951-01-01,2022-09-30,26,Miroslaw Mietus
107318,2018,7.742465753424658,333,SIEDLCE,PL,+52:10:52,+022:14:41,152, RR9,1951-01-01,2022-09-30,26,Miroslaw Mietus
107318,2019,7.673972602739726,333,SIEDLCE,PL,+52:10:52,+022:14:41,152, RR9,1951-01-01,2022-09-30,26,Miroslaw Mietus
107318,2020,7.975409836065574,333,SIEDLCE,PL,+52:10:52,+022:14:41,152, RR9,1951-01-01,2022-09-30,26,Miroslaw Mietus
107318,2021,8.345205479452055,333,SIEDLCE,PL,+52:10:52,+022:14:41,152, RR9,1951-01-01,2022-09-30,26,Miroslaw Mietus
107319,2017,9.772602739726027,922,TERESPOL,PL,+52:04:43,+023:37:19,133, RR9,1955-01-01,2022-09-30,26,Miroslaw Mietus
107319,2018,7.254794520547946,922,TERESPOL,PL,+52:04:43,+023:37:19,133, RR9,1955-01-01,2022-09-30,26,Miroslaw Mietus
107319,2019,7.317808219178082,922,TERESPOL,PL,+52:04:43,+023:37:19,133, RR9,1955-01-01,2022-09-30,26,Miroslaw Mietus
107319,2020,6.456284153005464,922,TERESPOL,PL,+52:04:43,+023:37:19,133, RR9,1955-01-01,2022-09-30,26,Miroslaw Mietus
107319,2021,9.054794520547945,922,TERESPOL,PL,+52:04:43,+023:37:19,133, RR9,1955-01-01,2022-09-30,26,Miroslaw Mietus
107320,2017,8.789041095890411,2031,ZIELONA GORA,PL,+51:55:48,+015:31:29,192, RR9,1951-01-01,2022-09-30,26,Miroslaw Mietus
107320,2018,6.186301369863013,2031,ZIELONA GORA,PL,+51:55:48,+015:31:29,192, RR9,1951-01-01,2022-09-30,26,Miroslaw Mietus
107320,2019,6.841095890410959,2031,ZIELONA GORA,PL,+51:55:48,+015:31:29,192, RR9,1951-01-01,2022-09-30,26,Miroslaw Mietus
107320,2020,7.251366120218579,2031,ZIELONA GORA,PL,+51:55:48,+015:31:29,192, RR9,1951-01-01,2022-09-30,26,Miroslaw Mietus
107320,2021,9.545205479452054,2031,ZIELONA GORA,PL,+51:55:48,+015:31:29,192, RR9,1951-01-01,2022-09-30,26,Miroslaw Mietus
107321,2017,7.7972602739726025,923,LESZNO,PL,+51:50:08,+016:32:05,91, RR9,1958-01-01,2022-09-30,26,Miroslaw Mietus
107321,2018,6.928767123287671,923,LESZNO,PL,+51:50:08,+016:32:05,91, RR9,1958-01-01,2022-09-30,26,Miroslaw Mietus
107321,2019,5.810958904109589,923,LESZNO,PL,+51:50:08,+016:32:05,91, RR9,1958-01-01,2022-09-30,26,Miroslaw Mietus
107321,2020,6.532786885245901,923,LESZNO,PL,+51:50:08,+016:32:05,91, RR9,1958-01-01,2022-09-30,26,Miroslaw Mietus
107321,2021,6.873972602739726,923,LESZNO,PL,+51:50:08,+016:32:05,91, RR9,1958-01-01,2022-09-30,26,Miroslaw Mietus
107322,2017,8.405479452054795,924,WIELUN,PL,+51:12:37,+018:33:24,199, RR9,1951-01-01,2022-09-30,26,Miroslaw Mietus
107322,2018,5.750684931506849,924,WIELUN,PL,+51:12:37,+018:33:24,199, RR9,1951-01-01,2022-09-30,26,Miroslaw Mietus
107322,2019,6.101369863013699,924,WIELUN,PL,+51:12:37,+018:33:24,199, RR9,1951-01-01,2022-09-30,26,Miroslaw Mietus
107322,2020,8.729508196721312,924,WIELUN,PL,+51:12:37,+018:33:24,199, RR9,1951-01-01,2022-09-30,26,Miroslaw Mietus
107322,2021,6.605479452054794,924,WIELUN,PL,+51:12:37,+018:33:24,199, RR9,1951-01-01,2022-09-30,26,Miroslaw Mietus
107323,2017,10.128767123287671,926,SULEJOW,PL,+51:21:12,+019:51:59,188, RR9,1961-05-01,2022-09-30,26,Miroslaw Mietus
107323,2018,6.917808219178082,926,SULEJOW,PL,+51:21:12,+019:51:59,188, RR9,1961-05-01,2022-09-30,26,Miroslaw Mietus
107323,2019,6.301369863013699,926,SULEJOW,PL,+51:21:12,+019:51:59,188, RR9,1961-05-01,2022-09-30,26,Miroslaw Mietus
107323,2020,8.019125683060109,926,SULEJOW,PL,+51:21:12,+019:51:59,188, RR9,1961-05-01,2022-09-30,26,Miroslaw Mietus
107323,2021,8.693150684931506,926,SULEJOW,PL,+51:21:12,+019:51:59,188, RR9,1961-05-01,2022-09-30,26,Miroslaw Mietus
107324,2017,9.854794520547944,927,WLODAWA,PL,+51:33:12,+023:31:46,177, RR9,1951-01-01,2022-09-30,26,Miroslaw Mietus
107324,2018,8.065753424657535,927,WLODAWA,PL,+51:33:12,+023:31:46,177, RR9,1951-01-01,2022-09-30,26,Miroslaw Mietus
107324,2019,8.816438356164383,927,WLODAWA,PL,+51:33:12,+023:31:46,177, RR9,1951-01-01,2022-09-30,26,Miroslaw Mietus
107324,2020,8.013661202185792,927,WLODAWA,PL,+51:33:12,+023:31:46,177, RR9,1951-01-01,2022-09-30,26,Miroslaw Mietus
107324,2021,9.616438356164384,927,WLODAWA,PL,+51:33:12,+023:31:46,177, RR9,1951-01-01,2022-09-30,26,Miroslaw Mietus
107325,2017,7.794520547945205,2036,KLODZKO,PL,+50:26:13,+016:36:51,356, RR9,1951-01-01,2022-09-30,26,Miroslaw Mietus
107325,2018,7.419178082191781,2036,KLODZKO,PL,+50:26:13,+016:36:51,356, RR9,1951-01-01,2022-09-30,26,Miroslaw Mietus
107325,2019,8.742465753424657,2036,KLODZKO,PL,+50:26:13,+016:36:51,356, RR9,1951-01-01,2022-09-30,26,Miroslaw Mietus
107325,2020,11.289617486338798,2036,KLODZKO,PL,+50:26:13,+016:36:51,356, RR9,1951-01-01,2022-09-30,26,Miroslaw Mietus
107325,2021,7.049315068493151,2036,KLODZKO,PL,+50:26:13,+016:36:51,356, RR9,1951-01-01,2022-09-30,26,Miroslaw Mietus
107326,2017,8.221917808219178,928,RACIBORZ,PL,+50:03:40,+018:11:27,206, RR9,1951-01-01,2022-09-30,26,Miroslaw Mietus
107326,2018,7.843835616438356,928,RACIBORZ,PL,+50:03:40,+018:11:27,206, RR9,1951-01-01,2022-09-30,26,Miroslaw Mietus
107326,2019,7.63013698630137,928,RACIBORZ,PL,+50:03:40,+018:11:27,206, RR9,1951-01-01,2022-09-30,26,Miroslaw Mietus
107326,2020,11.243169398907105,928,RACIBORZ,PL,+50:03:40,+018:11:27,206, RR9,1951-01-01,2022-09-30,26,Miroslaw Mietus
107326,2021,6.287671232876712,928,RACIBORZ,PL,+50:03:40,+018:11:27,206, RR9,1951-01-01,2022-09-30,26,Miroslaw Mietus
107329,2017,10.024657534246575,2038,KIELCE,PL,+50:48:38,+020:41:32,260, RR9,1951-01-01,2022-09-30,26,Miroslaw Mietus
107329,2018,7.835616438356165,2038,KIELCE,PL,+50:48:38,+020:41:32,260, RR9,1951-01-01,2022-09-30,26,Miroslaw Mietus
107329,2019,10.747945205479452,2038,KIELCE,PL,+50:48:38,+020:41:32,260, RR9,1951-01-01,2022-09-30,26,Miroslaw Mietus
107329,2020,8.78688524590164,2038,KIELCE,PL,+50:48:38,+020:41:32,260, RR9,1951-01-01,2022-09-30,26,Miroslaw Mietus
107329,2021,10.2,2038,KIELCE,PL,+50:48:38,+020:41:32,260, RR9,1951-01-01,2022-09-30,26,Miroslaw Mietus
107330,2017,17.28219178082192,930,BIELSKO-BIALA,PL,+49:48:26,+019:00:01,396, RR9,1951-01-01,2022-09-30,26,Miroslaw Mietus
107330,2018,10.72054794520548,930,BIELSKO-BIALA,PL,+49:48:26,+019:00:01,396, RR9,1951-01-01,2022-09-30,26,Miroslaw Mietus
107330,2019,16.23835616438356,930,BIELSKO-BIALA,PL,+49:48:26,+019:00:01,396, RR9,1951-01-01,2022-09-30,26,Miroslaw Mietus
107330,2020,16.147540983606557,930,BIELSKO-BIALA,PL,+49:48:26,+019:00:01,396, RR9,1951-01-01,2022-09-30,26,Miroslaw Mietus
107330,2021,8.682191780821919,930,BIELSKO-BIALA,PL,+49:48:26,+019:00:01,396, RR9,1951-01-01,2022-09-30,26,Miroslaw Mietus
107331,2017,9.093150684931507,932,NOWY SACZ,PL,+49:37:38,+020:41:19,292, RR9,1920-12-01,2022-09-30,26,Miroslaw Mietus
107331,2017,9.093150684931507,24909,NOWY SACZ,PL,+49:37:38,+020:41:19,292, RR9,1920-12-01,2022-09-30,26,Miroslaw Mietus
107331,2018,7.49041095890411,932,NOWY SACZ,PL,+49:37:38,+020:41:19,292, RR9,1920-12-01,2022-09-30,26,Miroslaw Mietus
107331,2018,7.49041095890411,24909,NOWY SACZ,PL,+49:37:38,+020:41:19,292, RR9,1920-12-01,2022-09-30,26,Miroslaw Mietus
107331,2019,8.904109589041095,932,NOWY SACZ,PL,+49:37:38,+020:41:19,292, RR9,1920-12-01,2022-09-30,26,Miroslaw Mietus
107331,2019,8.904109589041095,24909,NOWY SACZ,PL,+49:37:38,+020:41:19,292, RR9,1920-12-01,2022-09-30,26,Miroslaw Mietus
107331,2020,10.060109289617486,932,NOWY SACZ,PL,+49:37:38,+020:41:19,292, RR9,1920-12-01,2022-09-30,26,Miroslaw Mietus
107331,2020,10.060109289617486,24909,NOWY SACZ,PL,+49:37:38,+020:41:19,292, RR9,1920-12-01,2022-09-30,26,Miroslaw Mietus
107331,2021,11.945205479452055,932,NOWY SACZ,PL,+49:37:38,+020:41:19,292, RR9,1920-12-01,2022-09-30,26,Miroslaw Mietus
107331,2021,11.945205479452055,24909,NOWY SACZ,PL,+49:37:38,+020:41:19,292, RR9,1920-12-01,2022-09-30,26,Miroslaw Mietus
107332,2017,13.01917808219178,933,LESKO,PL,+49:27:59,+022:20:30,420, RR9,1954-06-17,2022-09-30,26,Miroslaw Mietus
107332,2017,13.01917808219178,24921,LESKO,PL,+49:27:59,+022:20:30,420, RR9,1954-06-17,2022-09-30,26,Miroslaw Mietus
107332,2018,9.04109589041096,933,LESKO,PL,+49:27:59,+022:20:30,420, RR9,1954-06-17,2022-09-30,26,Miroslaw Mietus
107332,2018,9.04109589041096,24921,LESKO,PL,+49:27:59,+022:20:30,420, RR9,1954-06-17,2022-09-30,26,Miroslaw Mietus
107332,2019,10.816438356164383,933,LESKO,PL,+49:27:59,+022:20:30,420, RR9,1954-06-17,2022-09-30,26,Miroslaw Mietus
107332,2019,10.816438356164383,24921,LESKO,PL,+49:27:59,+022:20:30,420, RR9,1954-06-17,2022-09-30,26,Miroslaw Mietus
107332,2020,12.898907103825136,933,LESKO,PL,+49:27:59,+022:20:30,420, RR9,1954-06-17,2022-09-30,26,Miroslaw Mietus
107332,2020,12.898907103825136,24921,LESKO,PL,+49:27:59,+022:20:30,420, RR9,1954-06-17,2022-09-30,26,Miroslaw Mietus
107332,2021,12.353424657534246,933,LESKO,PL,+49:27:59,+022:20:30,420, RR9,1954-06-17,2022-09-30,26,Miroslaw Mietus
107332,2021,12.353424657534246,24921,LESKO,PL,+49:27:59,+022:20:30,420, RR9,1954-06-17,2022-09-30,26,Miroslaw Mietus
236771,2017,25.46027397260274,24860,PSZCZYNA,PL,+50:00:00,+018:55:00,261, RR9,1956-01-01,2022-08-31,26,Miroslaw Mietus
236771,2018,17.528767123287672,24860,PSZCZYNA,PL,+50:00:00,+018:55:00,261, RR9,1956-01-01,2022-08-31,26,Miroslaw Mietus
236771,2019,21.96164383561644,24860,PSZCZYNA,PL,+50:00:00,+018:55:00,261, RR9,1956-01-01,2022-08-31,26,Miroslaw Mietus
236771,2020,24.76502732240437,24860,PSZCZYNA,PL,+50:00:00,+018:55:00,261, RR9,1956-01-01,2022-08-31,26,Miroslaw Mietus
236771,2021,24.605479452054794,24860,PSZCZYNA,PL,+50:00:00,+018:55:00,261, RR9,1956-01-01,2022-08-31,26,Miroslaw Mietus
236963,2017,23.904109589041095,24876,JABLONKA,PL,+49:28:00,+019:42:00,671, RR9,1961-01-01,2022-08-31,26,Miroslaw Mietus
236963,2018,18.589041095890412,24876,JABLONKA,PL,+49:28:00,+019:42:00,671, RR9,1961-01-01,2022-08-31,26,Miroslaw Mietus
236963,2019,21.81095890410959,24876,JABLONKA,PL,+49:28:00,+019:42:00,671, RR9,1961-01-01,2022-08-31,26,Miroslaw Mietus
236963,2020,20.55191256830601,24876,JABLONKA,PL,+49:28:00,+019:42:00,671, RR9,1961-01-01,2022-08-31,26,Miroslaw Mietus
236963,2021,21.443835616438356,24876,JABLONKA,PL,+49:28:00,+019:42:00,671, RR9,1961-01-01,2022-08-31,26,Miroslaw Mietus
237071,2017,19.610958904109587,24885,LAZY,PL,+49:58:00,+020:30:00,251, RR9,1989-01-01,2022-08-31,26,Miroslaw Mietus
237071,2017,19.610958904109587,24911,LAZY,PL,+49:58:00,+020:30:00,251, RR9,1989-01-01,2022-08-31,26,Miroslaw Mietus
237071,2018,14.991780821917809,24885,LAZY,PL,+49:58:00,+020:30:00,251, RR9,1989-01-01,2022-08-31,26,Miroslaw Mietus
237071,2018,14.991780821917809,24911,LAZY,PL,+49:58:00,+020:30:00,251, RR9,1989-01-01,2022-08-31,26,Miroslaw Mietus
237071,2019,21.23835616438356,24885,LAZY,PL,+49:58:00,+020:30:00,251, RR9,1989-01-01,2022-08-31,26,Miroslaw Mietus
237071,2019,21.23835616438356,24911,LAZY,PL,+49:58:00,+020:30:00,251, RR9,1989-01-01,2022-08-31,26,Miroslaw Mietus
237071,2020,18.9672131147541,24885,LAZY,PL,+49:58:00,+020:30:00,251, RR9,1989-01-01,2022-08-31,26,Miroslaw Mietus
237071,2020,18.9672131147541,24911,LAZY,PL,+49:58:00,+020:30:00,251, RR9,1989-01-01,2022-08-31,26,Miroslaw Mietus
237119,2017,25.986301369863014,24889,LIMANOWA,PL,+49:41:00,+020:26:00,587, RR9,1952-01-01,2022-08-31,26,Miroslaw Mietus
237119,2018,21.73972602739726,24889,LIMANOWA,PL,+49:41:00,+020:26:00,587, RR9,1952-01-01,2022-08-31,26,Miroslaw Mietus
237119,2019,26.18904109589041,24889,LIMANOWA,PL,+49:41:00,+020:26:00,587, RR9,1952-01-01,2022-08-31,26,Miroslaw Mietus
237119,2020,25.729508196721312,24889,LIMANOWA,PL,+49:41:00,+020:26:00,587, RR9,1952-01-01,2022-08-31,26,Miroslaw Mietus
237119,2021,31.410958904109588,24889,LIMANOWA,PL,+49:41:00,+020:26:00,587, RR9,1952-01-01,2022-08-31,26,Miroslaw Mietus
237143,2017,19.224657534246575,24891,LACKO,PL,+49:33:34,+020:26:22,516, RR9,1956-01-01,2022-08-31,26,Miroslaw Mietus
237143,2018,18.364383561643837,24891,LACKO,PL,+49:33:34,+020:26:22,516, RR9,1956-01-01,2022-08-31,26,Miroslaw Mietus
237143,2019,18.87123287671233,24891,LACKO,PL,+49:33:34,+020:26:22,516, RR9,1956-01-01,2022-08-31,26,Miroslaw Mietus
237143,2020,21.363387978142075,24891,LACKO,PL,+49:33:34,+020:26:22,516, RR9,1956-01-01,2022-08-31,26,Miroslaw Mietus
237143,2021,22.476712328767125,24891,LACKO,PL,+49:33:34,+020:26:22,516, RR9,1956-01-01,2022-08-31,26,Miroslaw Mietus
237203,2017,26.44109589041096,24896,KRYNICA,PL,+49:25:00,+020:58:00,702, RR9,1961-01-01,2022-08-31,26,Miroslaw Mietus
237203,2017,26.44109589041096,24907,KRYNICA,PL,+49:25:00,+020:58:00,702, RR9,1961-01-01,2022-08-31,26,Miroslaw Mietus
237203,2018,20.126027397260273,24896,KRYNICA,PL,+49:25:00,+020:58:00,702, RR9,1961-01-01,2022-08-31,26,Miroslaw Mietus
237203,2018,20.126027397260273,24907,KRYNICA,PL,+49:25:00,+020:58:00,702, RR9,1961-01-01,2022-08-31,26,Miroslaw Mietus
237203,2019,22.863013698630137,24896,KRYNICA,PL,+49:25:00,+020:58:00,702, RR9,1961-01-01,2022-08-31,26,Miroslaw Mietus
237203,2019,22.863013698630137,24907,KRYNICA,PL,+49:25:00,+020:58:00,702, RR9,1961-01-01,2022-08-31,26,Miroslaw Mietus
237203,2020,26.352459016393443,24896,KRYNICA,PL,+49:25:00,+020:58:00,702, RR9,1961-01-01,2022-08-31,26,Miroslaw Mietus
237203,2020,26.352459016393443,24907,KRYNICA,PL,+49:25:00,+020:58:00,702, RR9,1961-01-01,2022-08-31,26,Miroslaw Mietus
237203,2021,23.7013698630137,24896,KRYNICA,PL,+49:25:00,+020:58:00,702, RR9,1961-01-01,2022-08-31,26,Miroslaw Mietus
237203,2021,23.7013698630137,24907,KRYNICA,PL,+49:25:00,+020:58:00,702, RR9,1961-01-01,2022-08-31,26,Miroslaw Mietus
237275,2017,26.03835616438356,24894,PIWNICZNA,PL,+49:25:31,+020:43:23,684, RR9,2008-07-01,2022-08-31,26,Miroslaw Mietus
237275,2017,26.03835616438356,24902,PIWNICZNA,PL,+49:25:31,+020:43:23,684, RR9,2008-07-01,2022-08-31,26,Miroslaw Mietus
237275,2018,17.78904109589041,24894,PIWNICZNA,PL,+49:25:31,+020:43:23,684, RR9,2008-07-01,2022-08-31,26,Miroslaw Mietus
237275,2018,17.78904109589041,24902,PIWNICZNA,PL,+49:25:31,+020:43:23,684, RR9,2008-07-01,2022-08-31,26,Miroslaw Mietus
237275,2019,23.389041095890413,24894,PIWNICZNA,PL,+49:25:31,+020:43:23,684, RR9,2008-07-01,2022-08-31,26,Miroslaw Mietus
237275,2019,23.389041095890413,24902,PIWNICZNA,PL,+49:25:31,+020:43:23,684, RR9,2008-07-01,2022-08-31,26,Miroslaw Mietus
237275,2020,27.879781420765028,24894,PIWNICZNA,PL,+49:25:31,+020:43:23,684, RR9,2008-07-01,2022-08-31,26,Miroslaw Mietus
237275,2020,27.879781420765028,24902,PIWNICZNA,PL,+49:25:31,+020:43:23,684, RR9,2008-07-01,2022-08-31,26,Miroslaw Mietus
237275,2021,24.556164383561644,24894,PIWNICZNA,PL,+49:25:31,+020:43:23,684, RR9,2008-07-01,2022-08-31,26,Miroslaw Mietus
237275,2021,24.556164383561644,24902,PIWNICZNA,PL,+49:25:31,+020:43:23,684, RR9,2008-07-01,2022-08-31,26,Miroslaw Mietus
237287,2017,35.64383561643836,24903,PORONIN,PL,+49:19:49,+020:02:06,848, RR9,2010-01-01,2022-08-31,26,Miroslaw Mietus
237287,2018,27.893150684931506,24903,PORONIN,PL,+49:19:49,+020:02:06,848, RR9,2010-01-01,2022-08-31,26,Miroslaw Mietus
237287,2019,30.715068493150685,24903,PORONIN,PL,+49:19:49,+020:02:06,848, RR9,2010-01-01,2022-08-31,26,Miroslaw Mietus
237287,2020,31.53551912568306,24903,PORONIN,PL,+49:19:49,+020:02:06,848, RR9,2010-01-01,2022-08-31,26,Miroslaw Mietus
237287,2021,31.378082191780823,24903,PORONIN,PL,+49:19:49,+020:02:06,848, RR9,2010-01-01,2022-08-31,26,Miroslaw Mietus
237299,2017,28.353424657534248,24904,MSZANA DOLNA,PL,+49:39:49,+020:03:16,537, RR9,2013-01-01,2022-08-31,26,Miroslaw Mietus
237299,2017,28.353424657534248,24908,MSZANA DOLNA,PL,+49:39:49,+020:03:16,537, RR9,2013-01-01,2022-08-31,26,Miroslaw Mietus
237299,2018,20.936986301369863,24904,MSZANA DOLNA,PL,+49:39:49,+020:03:16,537, RR9,2013-01-01,2022-08-31,26,Miroslaw Mietus
237299,2018,20.936986301369863,24908,MSZANA DOLNA,PL,+49:39:49,+020:03:16,537, RR9,2013-01-01,2022-08-31,26,Miroslaw Mietus
237299,2019,23.386301369863013,24904,MSZANA DOLNA,PL,+49:39:49,+020:03:16,537, RR9,2013-01-01,2022-08-31,26,Miroslaw Mietus
237299,2019,23.386301369863013,24908,MSZANA DOLNA,PL,+49:39:49,+020:03:16,537, RR9,2013-01-01,2022-08-31,26,Miroslaw Mietus
237299,2020,27.37431693989071,24904,MSZANA DOLNA,PL,+49:39:49,+020:03:16,537, RR9,2013-01-01,2022-08-31,26,Miroslaw Mietus
237299,2020,27.37431693989071,24908,MSZANA DOLNA,PL,+49:39:49,+020:03:16,537, RR9,2013-01-01,2022-08-31,26,Miroslaw Mietus
237299,2021,29.364383561643837,24904,MSZANA DOLNA,PL,+49:39:49,+020:03:16,537, RR9,2013-01-01,2022-08-31,26,Miroslaw Mietus
237299,2021,29.364383561643837,24908,MSZANA DOLNA,PL,+49:39:49,+020:03:16,537, RR9,2013-01-01,2022-08-31,26,Miroslaw Mietus
237467,2017,22.19178082191781,24918,DYNOW,PL,+49:50:00,+022:14:00,284, RR9,1951-01-01,2022-08-31,26,Miroslaw Mietus
237467,2018,17.893150684931506,24918,DYNOW,PL,+49:50:00,+022:14:00,284, RR9,1951-01-01,2022-08-31,26,Miroslaw Mietus
237467,2019,20.117808219178084,24918,DYNOW,PL,+49:50:00,+022:14:00,284, RR9,1951-01-01,2022-08-31,26,Miroslaw Mietus
237467,2020,23.060109289617486,24918,DYNOW,PL,+49:50:00,+022:14:00,284, RR9,1951-01-01,2022-08-31,26,Miroslaw Mietus
237467,2021,23.786301369863015,24918,DYNOW,PL,+49:50:00,+022:14:00,284, RR9,1951-01-01,2022-08-31,26,Miroslaw Mietus
237503,2017,27.602739726027398,24921,SOLINA-JAWOR,PL,+49:24:00,+022:28:00,441, RR9,1981-01-01,2022-08-31,26,Miroslaw Mietus
237503,2018,22.972602739726028,24921,SOLINA-JAWOR,PL,+49:24:00,+022:28:00,441, RR9,1981-01-01,2022-08-31,26,Miroslaw Mietus
237503,2019,24.736986301369864,24921,SOLINA-JAWOR,PL,+49:24:00,+022:28:00,441, RR9,1981-01-01,2022-08-31,26,Miroslaw Mietus
237503,2020,26.816939890710383,24921,SOLINA-JAWOR,PL,+49:24:00,+022:28:00,441, RR9,1981-01-01,2022-08-31,26,Miroslaw Mietus
237503,2021,25.45205479452055,24921,SOLINA-JAWOR,PL,+49:24:00,+022:28:00,441, RR9,1981-01-01,2022-08-31,26,Miroslaw Mietus
237515,2017,31.378082191780823,24922,KOMANCZA,PL,+49:20:00,+022:04:00,569, RR9,1956-01-01,2022-08-31,26,Miroslaw Mietus
237515,2018,24.15890410958904,24922,KOMANCZA,PL,+49:20:00,+022:04:00,569, RR9,1956-01-01,2022-08-31,26,Miroslaw Mietus
237515,2019,26.213698630136985,24922,KOMANCZA,PL,+49:20:00,+022:04:00,569, RR9,1956-01-01,2022-08-31,26,Miroslaw Mietus
237515,2020,30.4672131147541,24922,KOMANCZA,PL,+49:20:00,+022:04:00,569, RR9,1956-01-01,2022-08-31,26,Miroslaw Mietus
237515,2021,23.002739726027396,24922,KOMANCZA,PL,+49:20:00,+022:04:00,569, RR9,1956-01-01,2022-08-31,26,Miroslaw Mietus
237923,2017,22.753424657534246,24956,DRONIOWICE,PL,+50:41:46,+018:48:32,284, RR9,2003-11-01,2022-08-31,26,Miroslaw Mietus
237923,2017,22.753424657534246,24958,DRONIOWICE,PL,+50:41:46,+018:48:32,284, RR9,2003-11-01,2022-08-31,26,Miroslaw Mietus
237923,2018,16.50958904109589,24956,DRONIOWICE,PL,+50:41:46,+018:48:32,284, RR9,2003-11-01,2022-08-31,26,Miroslaw Mietus
237923,2018,16.50958904109589,24958,DRONIOWICE,PL,+50:41:46,+018:48:32,284, RR9,2003-11-01,2022-08-31,26,Miroslaw Mietus
237923,2019,15.578082191780823,24956,DRONIOWICE,PL,+50:41:46,+018:48:32,284, RR9,2003-11-01,2022-08-31,26,Miroslaw Mietus
237923,2019,15.578082191780823,24958,DRONIOWICE,PL,+50:41:46,+018:48:32,284, RR9,2003-11-01,2022-08-31,26,Miroslaw Mietus
237923,2020,21.19945355191257,24956,DRONIOWICE,PL,+50:41:46,+018:48:32,284, RR9,2003-11-01,2022-08-31,26,Miroslaw Mietus
237923,2020,21.19945355191257,24958,DRONIOWICE,PL,+50:41:46,+018:48:32,284, RR9,2003-11-01,2022-08-31,26,Miroslaw Mietus
237923,2021,19.97808219178082,24956,DRONIOWICE,PL,+50:41:46,+018:48:32,284, RR9,2003-11-01,2022-08-31,26,Miroslaw Mietus
237923,2021,19.97808219178082,24958,DRONIOWICE,PL,+50:41:46,+018:48:32,284, RR9,2003-11-01,2022-08-31,26,Miroslaw Mietus
238115,2017,19.565359477124183,24972,BORUSOWA,PL,+50:17:00,+020:48:00,176, RR9,1961-01-01,2022-08-31,26,Miroslaw Mietus
238115,2018,13.35890410958904,24972,BORUSOWA,PL,+50:17:00,+020:48:00,176, RR9,1961-01-01,2022-08-31,26,Miroslaw Mietus
238115,2019,16.72876712328767,24972,BORUSOWA,PL,+50:17:00,+020:48:00,176, RR9,1961-01-01,2022-08-31,26,Miroslaw Mietus
238115,2020,17.669398907103826,24972,BORUSOWA,PL,+50:17:00,+020:48:00,176, RR9,1961-01-01,2022-08-31,26,Miroslaw Mietus
238115,2021,23.15868263473054,24972,BORUSOWA,PL,+50:17:00,+020:48:00,176, RR9,1961-01-01,2022-08-31,26,Miroslaw Mietus
238175,2017,16.81917808219178,24977,STASZOW,PL,+50:36:00,+021:11:00,249, RR9,1961-01-01,2022-08-31,26,Miroslaw Mietus
238175,2018,14.027397260273972,24977,STASZOW,PL,+50:36:00,+021:11:00,249, RR9,1961-01-01,2022-08-31,26,Miroslaw Mietus
238175,2019,16.90958904109589,24977,STASZOW,PL,+50:36:00,+021:11:00,249, RR9,1961-01-01,2022-08-31,26,Miroslaw Mietus
238175,2020,15.311475409836065,24977,STASZOW,PL,+50:36:00,+021:11:00,249, RR9,1961-01-01,2022-08-31,26,Miroslaw Mietus
238175,2021,19.778082191780822,24977,STASZOW,PL,+50:36:00,+021:11:00,249, RR9,1961-01-01,2022-08-31,26,Miroslaw Mietus
238187,2017,19.805479452054794,24978,CHORZELOW,PL,+50:21:00,+021:27:00,161, RR9,1961-01-01,2022-08-31,26,Miroslaw Mietus
238187,2018,17.263013698630136,24978,CHORZELOW,PL,+50:21:00,+021:27:00,161, RR9,1961-01-01,2022-08-31,26,Miroslaw Mietus
238187,2019,18.208219178082192,24978,CHORZELOW,PL,+50:21:00,+021:27:00,161, RR9,1961-01-01,2022-08-31,26,Miroslaw Mietus
238187,2020,18.6775956284153,24978,CHORZELOW,PL,+50:21:00,+021:27:00,161, RR9,1961-01-01,2022-08-31,26,Miroslaw Mietus
238187,2021,20.221917808219178,24978,CHORZELOW,PL,+50:21:00,+021:27:00,161, RR9,1961-01-01,2022-08-31,26,Miroslaw Mietus
238355,2017,16.101369863013698,24991,CIESZANOW,PL,+50:14:01,+023:07:05,231, RR9,2004-01-01,2022-08-31,26,Miroslaw Mietus
238355,2017,16.101369863013698,24992,CIESZANOW,PL,+50:14:01,+023:07:05,231, RR9,2004-01-01,2022-08-31,26,Miroslaw Mietus
238355,2017,16.101369863013698,24993,CIESZANOW,PL,+50:14:01,+023:07:05,231, RR9,2004-01-01,2022-08-31,26,Miroslaw Mietus
238355,2018,16.372602739726027,24991,CIESZANOW,PL,+50:14:01,+023:07:05,231, RR9,2004-01-01,2022-08-31,26,Miroslaw Mietus
238355,2018,16.372602739726027,24992,CIESZANOW,PL,+50:14:01,+023:07:05,231, RR9,2004-01-01,2022-08-31,26,Miroslaw Mietus
238355,2018,16.372602739726027,24993,CIESZANOW,PL,+50:14:01,+023:07:05,231, RR9,2004-01-01,2022-08-31,26,Miroslaw Mietus
238355,2019,15.684931506849315,24991,CIESZANOW,PL,+50:14:01,+023:07:05,231, RR9,2004-01-01,2022-08-31,26,Miroslaw Mietus
238355,2019,15.684931506849315,24992,CIESZANOW,PL,+50:14:01,+023:07:05,231, RR9,2004-01-01,2022-08-31,26,Miroslaw Mietus
238355,2019,15.684931506849315,24993,CIESZANOW,PL,+50:14:01,+023:07:05,231, RR9,2004-01-01,2022-08-31,26,Miroslaw Mietus
238355,2020,22.527322404371585,24991,CIESZANOW,PL,+50:14:01,+023:07:05,231, RR9,2004-01-01,2022-08-31,26,Miroslaw Mietus
238355,2020,22.527322404371585,24992,CIESZANOW,PL,+50:14:01,+023:07:05,231, RR9,2004-01-01,2022-08-31,26,Miroslaw Mietus
238355,2020,22.527322404371585,24993,CIESZANOW,PL,+50:14:01,+023:07:05,231, RR9,2004-01-01,2022-08-31,26,Miroslaw Mietus
238355,2021,17.304109589041097,24991,CIESZANOW,PL,+50:14:01,+023:07:05,231, RR9,2004-01-01,2022-08-31,26,Miroslaw Mietus
238355,2021,17.304109589041097,24992,CIESZANOW,PL,+50:14:01,+023:07:05,231, RR9,2004-01-01,2022-08-31,26,Miroslaw Mietus
238355,2021,17.304109589041097,24993,CIESZANOW,PL,+50:14:01,+023:07:05,231, RR9,2004-01-01,2022-08-31,26,Miroslaw Mietus
238595,2017,19.797260273972604,25012,PUCZNIEW,PL,+51:47:00,+019:05:00,148, RR9,1951-01-01,2022-08-31,26,Miroslaw Mietus
238595,2018,13.961643835616439,25012,PUCZNIEW,PL,+51:47:00,+019:05:00,148, RR9,1951-01-01,2022-08-31,26,Miroslaw Mietus
238595,2019,12.838356164383562,25012,PUCZNIEW,PL,+51:47:00,+019:05:00,148, RR9,1951-01-01,2022-08-31,26,Miroslaw Mietus
238595,2020,18.133879781420767,25012,PUCZNIEW,PL,+51:47:00,+019:05:00,148, RR9,1951-01-01,2022-08-31,26,Miroslaw Mietus
238595,2021,17.389041095890413,25012,PUCZNIEW,PL,+51:47:00,+019:05:00,148, RR9,1951-01-01,2022-08-31,26,Miroslaw Mietus
238631,2017,22.465753424657535,25015,SKIERNIEWICE,PL,+51:58:00,+020:10:00,130, RR9,1951-01-01,2022-08-31,26,Miroslaw Mietus
238631,2018,14.682191780821919,25015,SKIERNIEWICE,PL,+51:58:00,+020:10:00,130, RR9,1951-01-01,2022-08-31,26,Miroslaw Mietus
238631,2019,13.065753424657535,25015,SKIERNIEWICE,PL,+51:58:00,+020:10:00,130, RR9,1951-01-01,2022-08-31,26,Miroslaw Mietus
238631,2020,18.396174863387976,25015,SKIERNIEWICE,PL,+51:58:00,+020:10:00,130, RR9,1951-01-01,2022-08-31,26,Miroslaw Mietus
238631,2021,18.778082191780822,25015,SKIERNIEWICE,PL,+51:58:00,+020:10:00,130, RR9,1951-01-01,2022-08-31,26,Miroslaw Mietus
238667,2017,20.893150684931506,25018,JARCZEW,PL,+51:49:00,+021:59:00,181, RR9,1975-01-01,2022-08-31,26,Miroslaw Mietus
238667,2018,14.35068493150685,25018,JARCZEW,PL,+51:49:00,+021:59:00,181, RR9,1975-01-01,2022-08-31,26,Miroslaw Mietus
238667,2019,14.36986301369863,25018,JARCZEW,PL,+51:49:00,+021:59:00,181, RR9,1975-01-01,2022-08-31,26,Miroslaw Mietus
238667,2020,17.950819672131146,25018,JARCZEW,PL,+51:49:00,+021:59:00,181, RR9,1975-01-01,2022-08-31,26,Miroslaw Mietus
238667,2021,17.605479452054794,25018,JARCZEW,PL,+51:49:00,+021:59:00,181, RR9,1975-01-01,2022-08-31,26,Miroslaw Mietus
238823,2017,24.44109589041096,25031,GORZYN,PL,+52:34:00,+015:54:00,79, RR9,1961-01-01,2022-08-31,26,Miroslaw Mietus
238823,2018,12.10958904109589,25031,GORZYN,PL,+52:34:00,+015:54:00,79, RR9,1961-01-01,2022-08-31,26,Miroslaw Mietus
238823,2019,14.495890410958904,25031,GORZYN,PL,+52:34:00,+015:54:00,79, RR9,1961-01-01,2022-08-31,26,Miroslaw Mietus
238823,2020,14.871584699453551,25031,GORZYN,PL,+52:34:00,+015:54:00,79, RR9,1961-01-01,2022-08-31,26,Miroslaw Mietus
238823,2021,16.684931506849313,25031,GORZYN,PL,+52:34:00,+015:54:00,79, RR9,1961-01-01,2022-08-31,26,Miroslaw Mietus
238907,2017,20.410958904109588,25038,WIELICHOWO,PL,+52:07:00,+016:21:00,72, RR9,1951-01-01,2022-08-31,26,Miroslaw Mietus
238907,2018,12.610958904109589,25038,WIELICHOWO,PL,+52:07:00,+016:21:00,72, RR9,1951-01-01,2022-08-31,26,Miroslaw Mietus
238907,2019,13.043835616438356,25038,WIELICHOWO,PL,+52:07:00,+016:21:00,72, RR9,1951-01-01,2022-08-31,26,Miroslaw Mietus
238907,2020,13.423497267759563,25038,WIELICHOWO,PL,+52:07:00,+016:21:00,72, RR9,1951-01-01,2022-08-31,26,Miroslaw Mietus
238907,2021,15.687671232876712,25038,WIELICHOWO,PL,+52:07:00,+016:21:00,72, RR9,1951-01-01,2022-08-31,26,Miroslaw Mietus
238979,2017,17.323287671232876,25044,KOLUDA WIELKA,PL,+52:44:00,+018:09:00,76, RR9,1951-01-01,2022-08-31,26,Miroslaw Mietus
238979,2018,11.263013698630138,25044,KOLUDA WIELKA,PL,+52:44:00,+018:09:00,76, RR9,1951-01-01,2022-08-31,26,Miroslaw Mietus
238979,2019,11.632876712328768,25044,KOLUDA WIELKA,PL,+52:44:00,+018:09:00,76, RR9,1951-01-01,2022-08-31,26,Miroslaw Mietus
238979,2020,17.83606557377049,25044,KOLUDA WIELKA,PL,+52:44:00,+018:09:00,76, RR9,1951-01-01,2022-08-31,26,Miroslaw Mietus
238979,2021,14.271232876712329,25044,KOLUDA WIELKA,PL,+52:44:00,+018:09:00,76, RR9,1951-01-01,2022-08-31,26,Miroslaw Mietus
239075,2017,19.912328767123288,25052,LEGIONOWO,PL,+52:24:00,+020:58:00,71, RR9,1951-02-05,2022-08-31,26,Miroslaw Mietus
239075,2018,10.912328767123288,25052,LEGIONOWO,PL,+52:24:00,+020:58:00,71, RR9,1951-02-05,2022-08-31,26,Miroslaw Mietus
239075,2019,11.978082191780821,25052,LEGIONOWO,PL,+52:24:00,+020:58:00,71, RR9,1951-02-05,2022-08-31,26,Miroslaw Mietus
239075,2020,19.887978142076502,25052,LEGIONOWO,PL,+52:24:00,+020:58:00,71, RR9,1951-02-05,2022-08-31,26,Miroslaw Mietus
239075,2021,16.421917808219177,25052,LEGIONOWO,PL,+52:24:00,+020:58:00,71, RR9,1951-02-05,2022-08-31,26,Miroslaw Mietus
239087,2017,22.693150684931506,25053,WARSZAWA-BIELANY,PL,+52:17:00,+020:58:00,91, RR9,1951-01-01,2022-08-31,26,Miroslaw Mietus
239087,2017,22.693150684931506,25054,WARSZAWA-BIELANY,PL,+52:17:00,+020:58:00,91, RR9,1951-01-01,2022-08-31,26,Miroslaw Mietus
239087,2017,22.693150684931506,25055,WARSZAWA-BIELANY,PL,+52:17:00,+020:58:00,91, RR9,1951-01-01,2022-08-31,26,Miroslaw Mietus
239087,2017,22.693150684931506,25152,WARSZAWA-BIELANY,PL,+52:17:00,+020:58:00,91, RR9,1951-01-01,2022-08-31,26,Miroslaw Mietus
239087,2018,14.301369863013699,25053,WARSZAWA-BIELANY,PL,+52:17:00,+020:58:00,91, RR9,1951-01-01,2022-08-31,26,Miroslaw Mietus
239087,2018,14.301369863013699,25054,WARSZAWA-BIELANY,PL,+52:17:00,+020:58:00,91, RR9,1951-01-01,2022-08-31,26,Miroslaw Mietus
239087,2018,14.301369863013699,25055,WARSZAWA-BIELANY,PL,+52:17:00,+020:58:00,91, RR9,1951-01-01,2022-08-31,26,Miroslaw Mietus
239087,2018,14.301369863013699,25152,WARSZAWA-BIELANY,PL,+52:17:00,+020:58:00,91, RR9,1951-01-01,2022-08-31,26,Miroslaw Mietus
239087,2019,13.797260273972602,25053,WARSZAWA-BIELANY,PL,+52:17:00,+020:58:00,91, RR9,1951-01-01,2022-08-31,26,Miroslaw Mietus
239087,2019,13.797260273972602,25054,WARSZAWA-BIELANY,PL,+52:17:00,+020:58:00,91, RR9,1951-01-01,2022-08-31,26,Miroslaw Mietus
239087,2019,13.797260273972602,25055,WARSZAWA-BIELANY,PL,+52:17:00,+020:58:00,91, RR9,1951-01-01,2022-08-31,26,Miroslaw Mietus
239087,2019,13.797260273972602,25152,WARSZAWA-BIELANY,PL,+52:17:00,+020:58:00,91, RR9,1951-01-01,2022-08-31,26,Miroslaw Mietus
239087,2020,20.191256830601095,25053,WARSZAWA-BIELANY,PL,+52:17:00,+020:58:00,91, RR9,1951-01-01,2022-08-31,26,Miroslaw Mietus
239087,2020,20.191256830601095,25054,WARSZAWA-BIELANY,PL,+52:17:00,+020:58:00,91, RR9,1951-01-01,2022-08-31,26,Miroslaw Mietus
239087,2020,20.191256830601095,25055,WARSZAWA-BIELANY,PL,+52:17:00,+020:58:00,91, RR9,1951-01-01,2022-08-31,26,Miroslaw Mietus
239087,2020,20.191256830601095,25152,WARSZAWA-BIELANY,PL,+52:17:00,+020:58:00,91, RR9,1951-01-01,2022-08-31,26,Miroslaw Mietus
239087,2021,19.704109589041096,25053,WARSZAWA-BIELANY,PL,+52:17:00,+020:58:00,91, RR9,1951-01-01,2022-08-31,26,Miroslaw Mietus
239087,2021,19.704109589041096,25054,WARSZAWA-BIELANY,PL,+52:17:00,+020:58:00,91, RR9,1951-01-01,2022-08-31,26,Miroslaw Mietus
239087,2021,19.704109589041096,25055,WARSZAWA-BIELANY,PL,+52:17:00,+020:58:00,91, RR9,1951-01-01,2022-08-31,26,Miroslaw Mietus
239087,2021,19.704109589041096,25152,WARSZAWA-BIELANY,PL,+52:17:00,+020:58:00,91, RR9,1951-01-01,2022-08-31,26,Miroslaw Mietus
239099,2017,22.5013698630137,25054,WARSZAWA-FILTRY,PL,+52:13:10,+020:59:57,91, RR9,2004-01-01,2022-08-31,26,Miroslaw Mietus
239099,2017,22.5013698630137,25152,WARSZAWA-FILTRY,PL,+52:13:10,+020:59:57,91, RR9,2004-01-01,2022-08-31,26,Miroslaw Mietus
239099,2018,13.717808219178082,25054,WARSZAWA-FILTRY,PL,+52:13:10,+020:59:57,91, RR9,2004-01-01,2022-08-31,26,Miroslaw Mietus
239099,2018,13.717808219178082,25152,WARSZAWA-FILTRY,PL,+52:13:10,+020:59:57,91, RR9,2004-01-01,2022-08-31,26,Miroslaw Mietus
239099,2019,12.367123287671232,25054,WARSZAWA-FILTRY,PL,+52:13:10,+020:59:57,91, RR9,2004-01-01,2022-08-31,26,Miroslaw Mietus
239099,2019,12.367123287671232,25152,WARSZAWA-FILTRY,PL,+52:13:10,+020:59:57,91, RR9,2004-01-01,2022-08-31,26,Miroslaw Mietus
239099,2020,19.737704918032787,25054,WARSZAWA-FILTRY,PL,+52:13:10,+020:59:57,91, RR9,2004-01-01,2022-08-31,26,Miroslaw Mietus
239099,2020,19.737704918032787,25152,WARSZAWA-FILTRY,PL,+52:13:10,+020:59:57,91, RR9,2004-01-01,2022-08-31,26,Miroslaw Mietus
239099,2021,21.095890410958905,25054,WARSZAWA-FILTRY,PL,+52:13:10,+020:59:57,91, RR9,2004-01-01,2022-08-31,26,Miroslaw Mietus
239099,2021,21.095890410958905,25152,WARSZAWA-FILTRY,PL,+52:13:10,+020:59:57,91, RR9,2004-01-01,2022-08-31,26,Miroslaw Mietus
239171,2017,22.18904109589041,209,PULTUSK,PL,+52:04:04,+021:00:06,109, RR9,1951-01-01,2022-08-31,26,Miroslaw Mietus
239171,2017,22.18904109589041,25060,PULTUSK,PL,+52:04:04,+021:00:06,109, RR9,1951-01-01,2022-08-31,26,Miroslaw Mietus
239171,2018,14.435616438356165,209,PULTUSK,PL,+52:04:04,+021:00:06,109, RR9,1951-01-01,2022-08-31,26,Miroslaw Mietus
239171,2018,14.435616438356165,25060,PULTUSK,PL,+52:04:04,+021:00:06,109, RR9,1951-01-01,2022-08-31,26,Miroslaw Mietus
239171,2019,13.26849315068493,209,PULTUSK,PL,+52:04:04,+021:00:06,109, RR9,1951-01-01,2022-08-31,26,Miroslaw Mietus
239171,2019,13.26849315068493,25060,PULTUSK,PL,+52:04:04,+021:00:06,109, RR9,1951-01-01,2022-08-31,26,Miroslaw Mietus
239171,2020,17.595628415300546,209,PULTUSK,PL,+52:04:04,+021:00:06,109, RR9,1951-01-01,2022-08-31,26,Miroslaw Mietus
239171,2020,17.595628415300546,25060,PULTUSK,PL,+52:04:04,+021:00:06,109, RR9,1951-01-01,2022-08-31,26,Miroslaw Mietus
239171,2021,15.8,209,PULTUSK,PL,+52:04:04,+021:00:06,109, RR9,1951-01-01,2022-08-31,26,Miroslaw Mietus
239171,2021,15.8,25060,PULTUSK,PL,+52:04:04,+021:00:06,109, RR9,1951-01-01,2022-08-31,26,Miroslaw Mietus
239219,2017,17.794520547945204,25064,SZEPIETOWO,PL,+52:51:00,+022:33:00,152, RR9,1951-01-01,2022-08-31,26,Miroslaw Mietus
239219,2018,14.882191780821918,25064,SZEPIETOWO,PL,+52:51:00,+022:33:00,152, RR9,1951-01-01,2022-08-31,26,Miroslaw Mietus
239219,2019,13.104109589041096,25064,SZEPIETOWO,PL,+52:51:00,+022:33:00,152, RR9,1951-01-01,2022-08-31,26,Miroslaw Mietus
239219,2020,16.57103825136612,25064,SZEPIETOWO,PL,+52:51:00,+022:33:00,152, RR9,1951-01-01,2022-08-31,26,Miroslaw Mietus
239219,2021,19.34794520547945,25064,SZEPIETOWO,PL,+52:51:00,+022:33:00,152, RR9,1951-01-01,2022-08-31,26,Miroslaw Mietus
239243,2017,21.175342465753424,25066,BIALOWIEZA,PL,+52:42:00,+023:51:00,170, RR9,1951-01-01,2022-08-31,26,Miroslaw Mietus
239243,2018,15.167123287671233,25066,BIALOWIEZA,PL,+52:42:00,+023:51:00,170, RR9,1951-01-01,2022-08-31,26,Miroslaw Mietus
239243,2019,12.56986301369863,25066,BIALOWIEZA,PL,+52:42:00,+023:51:00,170, RR9,1951-01-01,2022-08-31,26,Miroslaw Mietus
239243,2020,15.714285714285714,25066,BIALOWIEZA,PL,+52:42:00,+023:51:00,170, RR9,1951-01-01,2022-08-31,26,Miroslaw Mietus
239243,2021,18.80821917808219,25066,BIALOWIEZA,PL,+52:42:00,+023:51:00,170, RR9,1951-01-01,2022-08-31,26,Miroslaw Mietus
239591,2017,20.556164383561644,25095,BIEBRZA-PIENCZYKOWEK,PL,+53:39:00,+022:36:00,128, RR9,1956-01-01,2022-08-31,26,Miroslaw Mietus
239591,2018,12.624657534246575,25095,BIEBRZA-PIENCZYKOWEK,PL,+53:39:00,+022:36:00,128, RR9,1956-01-01,2022-08-31,26,Miroslaw Mietus
239591,2019,13.657534246575343,25095,BIEBRZA-PIENCZYKOWEK,PL,+53:39:00,+022:36:00,128, RR9,1956-01-01,2022-08-31,26,Miroslaw Mietus
239591,2020,17.64207650273224,25095,BIEBRZA-PIENCZYKOWEK,PL,+53:39:00,+022:36:00,128, RR9,1956-01-01,2022-08-31,26,Miroslaw Mietus
239591,2021,17.23835616438356,25095,BIEBRZA-PIENCZYKOWEK,PL,+53:39:00,+022:36:00,128, RR9,1956-01-01,2022-08-31,26,Miroslaw Mietus
239663,2017,20.723287671232878,25101,ROZANYSTOK,PL,+53:38:00,+023:24:00,152, RR9,1961-01-01,2022-08-31,26,Miroslaw Mietus
239663,2018,15.523287671232877,25101,ROZANYSTOK,PL,+53:38:00,+023:24:00,152, RR9,1961-01-01,2022-08-31,26,Miroslaw Mietus
239663,2019,11.643835616438356,25101,ROZANYSTOK,PL,+53:38:00,+023:24:00,152, RR9,1961-01-01,2022-08-31,26,Miroslaw Mietus
239663,2020,14.890710382513662,25101,ROZANYSTOK,PL,+53:38:00,+023:24:00,152, RR9,1961-01-01,2022-08-31,26,Miroslaw Mietus
239663,2021,18.471232876712328,25101,ROZANYSTOK,PL,+53:38:00,+023:24:00,152, RR9,1961-01-01,2022-08-31,26,Miroslaw Mietus
239831,2017,25.336986301369862,25115,GDANSK-REBIECHOWO,PL,+54:23:00,+018:28:00,145, RR9,1991-01-01,2022-08-31,26,Miroslaw Mietus
239831,2017,25.336986301369862,25150,GDANSK-REBIECHOWO,PL,+54:23:00,+018:28:00,145, RR9,1991-01-01,2022-08-31,26,Miroslaw Mietus
239831,2018,13.38082191780822,25115,GDANSK-REBIECHOWO,PL,+54:23:00,+018:28:00,145, RR9,1991-01-01,2022-08-31,26,Miroslaw Mietus
239831,2018,13.38082191780822,25150,GDANSK-REBIECHOWO,PL,+54:23:00,+018:28:00,145, RR9,1991-01-01,2022-08-31,26,Miroslaw Mietus
239831,2019,17.295890410958904,25115,GDANSK-REBIECHOWO,PL,+54:23:00,+018:28:00,145, RR9,1991-01-01,2022-08-31,26,Miroslaw Mietus
239831,2019,17.295890410958904,25150,GDANSK-REBIECHOWO,PL,+54:23:00,+018:28:00,145, RR9,1991-01-01,2022-08-31,26,Miroslaw Mietus
239831,2020,16.693989071038253,25115,GDANSK-REBIECHOWO,PL,+54:23:00,+018:28:00,145, RR9,1991-01-01,2022-08-31,26,Miroslaw Mietus
239831,2020,16.693989071038253,25150,GDANSK-REBIECHOWO,PL,+54:23:00,+018:28:00,145, RR9,1991-01-01,2022-08-31,26,Miroslaw Mietus
239831,2021,15.446575342465753,25115,GDANSK-REBIECHOWO,PL,+54:23:00,+018:28:00,145, RR9,1991-01-01,2022-08-31,26,Miroslaw Mietus
239831,2021,15.446575342465753,25150,GDANSK-REBIECHOWO,PL,+54:23:00,+018:28:00,145, RR9,1991-01-01,2022-08-31,26,Miroslaw Mietus
239843,2017,8.238356164383562,25116,GDANSK-SWIBNO,PL,+54:20:00,+018:56:00,0, RR9,1951-01-01,2022-09-30,26,Miroslaw Mietus
239843,2018,5.542465753424658,25116,GDANSK-SWIBNO,PL,+54:20:00,+018:56:00,0, RR9,1951-01-01,2022-09-30,26,Miroslaw Mietus
239843,2019,7.326027397260274,25116,GDANSK-SWIBNO,PL,+54:20:00,+018:56:00,0, RR9,1951-01-01,2022-09-30,26,Miroslaw Mietus
239843,2020,6.1775956284153,25116,GDANSK-SWIBNO,PL,+54:20:00,+018:56:00,0, RR9,1951-01-01,2022-09-30,26,Miroslaw Mietus
239843,2021,5.36986301369863,25116,GDANSK-SWIBNO,PL,+54:20:00,+018:56:00,0, RR9,1951-01-01,2022-09-30,26,Miroslaw Mietus
239915,2017,24.89041095890411,25122,LIDZBARK WARMINSKI,PL,+54:08:00,+020:36:00,99, RR9,1951-01-01,2022-08-31,26,Miroslaw Mietus
239915,2018,14.101369863013698,25122,LIDZBARK WARMINSKI,PL,+54:08:00,+020:36:00,99, RR9,1951-01-01,2022-08-31,26,Miroslaw Mietus
239915,2019,17.09041095890411,25122,LIDZBARK WARMINSKI,PL,+54:08:00,+020:36:00,99, RR9,1951-01-01,2022-08-31,26,Miroslaw Mietus
239915,2020,18.027322404371585,25122,LIDZBARK WARMINSKI,PL,+54:08:00,+020:36:00,99, RR9,1951-01-01,2022-08-31,26,Miroslaw Mietus
239915,2021,18.835616438356166,25122,LIDZBARK WARMINSKI,PL,+54:08:00,+020:36:00,99, RR9,1951-01-01,2022-08-31,26,Miroslaw Mietus
239951,2017,22.783561643835615,25125,OLECKO,PL,+54:03:00,+022:29:00,173, RR9,1961-01-01,2022-08-31,26,Miroslaw Mietus
239951,2018,13.389041095890411,25125,OLECKO,PL,+54:03:00,+022:29:00,173, RR9,1961-01-01,2022-08-31,26,Miroslaw Mietus
239951,2019,14.923287671232877,25125,OLECKO,PL,+54:03:00,+022:29:00,173, RR9,1961-01-01,2022-08-31,26,Miroslaw Mietus
239951,2020,16.56830601092896,25125,OLECKO,PL,+54:03:00,+022:29:00,173, RR9,1961-01-01,2022-08-31,26,Miroslaw Mietus
239951,2021,19.6,25125,OLECKO,PL,+54:03:00,+022:29:00,173, RR9,1961-01-01,2022-08-31,26,Miroslaw Mietus
239963,2017,29.71780821917808,25126,KASPROWY WIERCH,PL,+49:13:57,+019:58:55,1348, RR9,1951-01-01,2022-09-30,26,Miroslaw Mietus
239963,2018,23.93972602739726,25126,KASPROWY WIERCH,PL,+49:13:57,+019:58:55,1348, RR9,1951-01-01,2022-09-30,26,Miroslaw Mietus
239963,2019,25.076712328767123,25126,KASPROWY WIERCH,PL,+49:13:57,+019:58:55,1348, RR9,1951-01-01,2022-09-30,26,Miroslaw Mietus
239963,2020,27.005464480874316,25126,KASPROWY WIERCH,PL,+49:13:57,+019:58:55,1348, RR9,1951-01-01,2022-09-30,26,Miroslaw Mietus
239963,2021,19.34794520547945,25126,KASPROWY WIERCH,PL,+49:13:57,+019:58:55,1348, RR9,1951-01-01,2022-09-30,26,Miroslaw Mietus
239987,2017,10.413698630136986,25128,JELENIA GORA,PL,+50:54:01,+015:47:20,427, RR9,1951-01-01,2022-09-30,26,Miroslaw Mietus
239987,2018,6.4301369863013695,25128,JELENIA GORA,PL,+50:54:01,+015:47:20,427, RR9,1951-01-01,2022-09-30,26,Miroslaw Mietus
239987,2019,8.46027397260274,25128,JELENIA GORA,PL,+50:54:01,+015:47:20,427, RR9,1951-01-01,2022-09-30,26,Miroslaw Mietus
239987,2020,10.33879781420765,25128,JELENIA GORA,PL,+50:54:01,+015:47:20,427, RR9,1951-01-01,2022-09-30,26,Miroslaw Mietus
239987,2021,8.32876712328767,25128,JELENIA GORA,PL,+50:54:01,+015:47:20,427, RR9,1951-01-01,2022-09-30,26,Miroslaw Mietus
239999,2017,16.794520547945204,24932,SNIEZKA,PL,+50:44:10,+015:44:22,958, RR9,1951-01-01,2022-09-30,26,Miroslaw Mietus
239999,2017,16.794520547945204,25129,SNIEZKA,PL,+50:44:10,+015:44:22,958, RR9,1951-01-01,2022-09-30,26,Miroslaw Mietus
239999,2018,12.323287671232876,24932,SNIEZKA,PL,+50:44:10,+015:44:22,958, RR9,1951-01-01,2022-09-30,26,Miroslaw Mietus
239999,2018,12.323287671232876,25129,SNIEZKA,PL,+50:44:10,+015:44:22,958, RR9,1951-01-01,2022-09-30,26,Miroslaw Mietus
239999,2019,14.452054794520548,24932,SNIEZKA,PL,+50:44:10,+015:44:22,958, RR9,1951-01-01,2022-09-30,26,Miroslaw Mietus
239999,2019,14.452054794520548,25129,SNIEZKA,PL,+50:44:10,+015:44:22,958, RR9,1951-01-01,2022-09-30,26,Miroslaw Mietus
239999,2020,14.478142076502733,24932,SNIEZKA,PL,+50:44:10,+015:44:22,958, RR9,1951-01-01,2022-09-30,26,Miroslaw Mietus
239999,2020,14.478142076502733,25129,SNIEZKA,PL,+50:44:10,+015:44:22,958, RR9,1951-01-01,2022-09-30,26,Miroslaw Mietus
239999,2021,16.643835616438356,24932,SNIEZKA,PL,+50:44:10,+015:44:22,958, RR9,1951-01-01,2022-09-30,26,Miroslaw Mietus
239999,2021,16.643835616438356,25129,SNIEZKA,PL,+50:44:10,+015:44:22,958, RR9,1951-01-01,2022-09-30,26,Miroslaw Mietus
240011,2017,9.495890410958904,25130,OPOLE,PL,+50:37:37,+017:58:08,163, RR9,1951-01-01,2022-09-30,26,Miroslaw Mietus
240011,2018,8.232876712328768,25130,OPOLE,PL,+50:37:37,+017:58:08,163, RR9,1951-01-01,2022-09-30,26,Miroslaw Mietus
240011,2019,7.441095890410959,25130,OPOLE,PL,+50:37:37,+017:58:08,163, RR9,1951-01-01,2022-09-30,26,Miroslaw Mietus
240011,2020,11.412568306010929,25130,OPOLE,PL,+50:37:37,+017:58:08,163, RR9,1951-01-01,2022-09-30,26,Miroslaw Mietus
240011,2021,7.183561643835616,25130,OPOLE,PL,+50:37:37,+017:58:08,163, RR9,1951-01-01,2022-09-30,26,Miroslaw Mietus
240023,2017,11.424657534246576,25131,CZOSTOCHOWA,PL,+50:48:45,+019:05:33,266, RR9,1951-01-01,2022-09-30,26,Miroslaw Mietus
240023,2018,6.504109589041096,25131,CZOSTOCHOWA,PL,+50:48:45,+019:05:33,266, RR9,1951-01-01,2022-09-30,26,Miroslaw Mietus
240023,2019,7.353424657534247,25131,CZOSTOCHOWA,PL,+50:48:45,+019:05:33,266, RR9,1951-01-01,2022-09-30,26,Miroslaw Mietus
240023,2020,10.30327868852459,25131,CZOSTOCHOWA,PL,+50:48:45,+019:05:33,266, RR9,1951-01-01,2022-09-30,26,Miroslaw Mietus
240023,2021,8.095890410958905,25131,CZOSTOCHOWA,PL,+50:48:45,+019:05:33,266, RR9,1951-01-01,2022-09-30,26,Miroslaw Mietus
240035,2017,11.342465753424657,2037,KATOWICE-MUCHOWIEC,PL,+50:14:26,+019:01:58,281, RR9,1951-01-01,2022-09-30,26,Miroslaw Mietus
240035,2017,11.342465753424657,25132,KATOWICE-MUCHOWIEC,PL,+50:14:26,+019:01:58,281, RR9,1951-01-01,2022-09-30,26,Miroslaw Mietus
240035,2018,7.515068493150685,2037,KATOWICE-MUCHOWIEC,PL,+50:14:26,+019:01:58,281, RR9,1951-01-01,2022-09-30,26,Miroslaw Mietus
240035,2018,7.515068493150685,25132,KATOWICE-MUCHOWIEC,PL,+50:14:26,+019:01:58,281, RR9,1951-01-01,2022-09-30,26,Miroslaw Mietus
240035,2019,12.23013698630137,2037,KATOWICE-MUCHOWIEC,PL,+50:14:26,+019:01:58,281, RR9,1951-01-01,2022-09-30,26,Miroslaw Mietus
240035,2019,12.23013698630137,25132,KATOWICE-MUCHOWIEC,PL,+50:14:26,+019:01:58,281, RR9,1951-01-01,2022-09-30,26,Miroslaw Mietus
240035,2020,12.663934426229508,2037,KATOWICE-MUCHOWIEC,PL,+50:14:26,+019:01:58,281, RR9,1951-01-01,2022-09-30,26,Miroslaw Mietus
240035,2020,12.663934426229508,25132,KATOWICE-MUCHOWIEC,PL,+50:14:26,+019:01:58,281, RR9,1951-01-01,2022-09-30,26,Miroslaw Mietus
240035,2021,8.682191780821919,2037,KATOWICE-MUCHOWIEC,PL,+50:14:26,+019:01:58,281, RR9,1951-01-01,2022-09-30,26,Miroslaw Mietus
240035,2021,8.682191780821919,25132,KATOWICE-MUCHOWIEC,PL,+50:14:26,+019:01:58,281, RR9,1951-01-01,2022-09-30,26,Miroslaw Mietus
240047,2017,10.457534246575342,929,KRAKOW-BALICE,PL,+50:04:49,+019:48:07,234, RR9,1951-01-01,2022-09-30,26,Miroslaw Mietus
240047,2017,10.457534246575342,25133,KRAKOW-BALICE,PL,+50:04:49,+019:48:07,234, RR9,1951-01-01,2022-09-30,26,Miroslaw Mietus
240047,2018,8.413698630136986,929,KRAKOW-BALICE,PL,+50:04:49,+019:48:07,234, RR9,1951-01-01,2022-09-30,26,Miroslaw Mietus
240047,2018,8.413698630136986,25133,KRAKOW-BALICE,PL,+50:04:49,+019:48:07,234, RR9,1951-01-01,2022-09-30,26,Miroslaw Mietus
240047,2019,9.189041095890412,929,KRAKOW-BALICE,PL,+50:04:49,+019:48:07,234, RR9,1951-01-01,2022-09-30,26,Miroslaw Mietus
240047,2019,9.189041095890412,25133,KRAKOW-BALICE,PL,+50:04:49,+019:48:07,234, RR9,1951-01-01,2022-09-30,26,Miroslaw Mietus
240047,2020,8.808743169398907,929,KRAKOW-BALICE,PL,+50:04:49,+019:48:07,234, RR9,1951-01-01,2022-09-30,26,Miroslaw Mietus
240047,2020,8.808743169398907,25133,KRAKOW-BALICE,PL,+50:04:49,+019:48:07,234, RR9,1951-01-01,2022-09-30,26,Miroslaw Mietus
240047,2021,9.882191780821918,929,KRAKOW-BALICE,PL,+50:04:49,+019:48:07,234, RR9,1951-01-01,2022-09-30,26,Miroslaw Mietus
240047,2021,9.882191780821918,25133,KRAKOW-BALICE,PL,+50:04:49,+019:48:07,234, RR9,1951-01-01,2022-09-30,26,Miroslaw Mietus
240059,2017,8.964383561643835,25134,TARNOW,PL,+50:01:48,+020:59:04,207, RR9,1951-01-01,2022-09-30,26,Miroslaw Mietus
240059,2018,4.821917808219178,25134,TARNOW,PL,+50:01:48,+020:59:04,207, RR9,1951-01-01,2022-09-30,26,Miroslaw Mietus
240059,2019,9.013698630136986,25134,TARNOW,PL,+50:01:48,+020:59:04,207, RR9,1951-01-01,2022-09-30,26,Miroslaw Mietus
240059,2020,7.743169398907104,25134,TARNOW,PL,+50:01:48,+020:59:04,207, RR9,1951-01-01,2022-09-30,26,Miroslaw Mietus
240059,2021,9.673972602739726,25134,TARNOW,PL,+50:01:48,+020:59:04,207, RR9,1951-01-01,2022-09-30,26,Miroslaw Mietus
240071,2017,7.052054794520548,25135,SANDOMIERZ,PL,+50:41:48,+021:42:57,143, RR9,1951-01-01,2022-09-30,26,Miroslaw Mietus
240071,2018,6.854794520547945,25135,SANDOMIERZ,PL,+50:41:48,+021:42:57,143, RR9,1951-01-01,2022-09-30,26,Miroslaw Mietus
240071,2019,6.63013698630137,25135,SANDOMIERZ,PL,+50:41:48,+021:42:57,143, RR9,1951-01-01,2022-09-30,26,Miroslaw Mietus
240071,2020,7.360655737704918,25135,SANDOMIERZ,PL,+50:41:48,+021:42:57,143, RR9,1951-01-01,2022-09-30,26,Miroslaw Mietus
240071,2021,9.38082191780822,25135,SANDOMIERZ,PL,+50:41:48,+021:42:57,143, RR9,1951-01-01,2022-09-30,26,Miroslaw Mietus
240083,2017,8.687671232876712,25136,ZAMOSC,PL,+50:41:52,+023:12:23,258, RR9,1951-01-01,2022-09-30,26,Miroslaw Mietus
240083,2018,6.594520547945206,25136,ZAMOSC,PL,+50:41:52,+023:12:23,258, RR9,1951-01-01,2022-09-30,26,Miroslaw Mietus
240083,2019,8.361643835616439,25136,ZAMOSC,PL,+50:41:52,+023:12:23,258, RR9,1951-01-01,2022-09-30,26,Miroslaw Mietus
240083,2020,9.26775956284153,25136,ZAMOSC,PL,+50:41:52,+023:12:23,258, RR9,1951-01-01,2022-09-30,26,Miroslaw Mietus
240083,2021,10.194520547945206,25136,ZAMOSC,PL,+50:41:52,+023:12:23,258, RR9,1951-01-01,2022-09-30,26,Miroslaw Mietus
240107,2017,6.76986301369863,25138,LEGNICA,PL,+51:11:33,+016:12:27,134, RR9,1951-01-01,2022-09-30,26,Miroslaw Mietus
240107,2018,5.328767123287672,25138,LEGNICA,PL,+51:11:33,+016:12:27,134, RR9,1951-01-01,2022-09-30,26,Miroslaw Mietus
240107,2019,7.131506849315069,25138,LEGNICA,PL,+51:11:33,+016:12:27,134, RR9,1951-01-01,2022-09-30,26,Miroslaw Mietus
240107,2020,7.5710382513661205,25138,LEGNICA,PL,+51:11:33,+016:12:27,134, RR9,1951-01-01,2022-09-30,26,Miroslaw Mietus
240107,2021,5.30958904109589,25138,LEGNICA,PL,+51:11:33,+016:12:27,134, RR9,1951-01-01,2022-09-30,26,Miroslaw Mietus
240119,2017,9.794520547945206,25139,LUBLIN-RADAWIEC,PL,+51:13:01,+022:23:37,228, RR9,1951-01-01,2022-09-30,26,Miroslaw Mietus
240119,2018,5.808219178082192,25139,LUBLIN-RADAWIEC,PL,+51:13:01,+022:23:37,228, RR9,1951-01-01,2022-09-30,26,Miroslaw Mietus
240119,2019,8.717808219178082,25139,LUBLIN-RADAWIEC,PL,+51:13:01,+022:23:37,228, RR9,1951-01-01,2022-09-30,26,Miroslaw Mietus
240119,2020,9.510928961748634,25139,LUBLIN-RADAWIEC,PL,+51:13:01,+022:23:37,228, RR9,1951-01-01,2022-09-30,26,Miroslaw Mietus
240119,2021,8.915068493150685,25139,LUBLIN-RADAWIEC,PL,+51:13:01,+022:23:37,228, RR9,1951-01-01,2022-09-30,26,Miroslaw Mietus
240131,2017,7.071232876712329,25140,KOLO,PL,+52:12:01,+018:39:41,113, RR9,1951-01-01,2020-12-31,26,Miroslaw Mietus
240131,2018,6.517808219178082,25140,KOLO,PL,+52:12:01,+018:39:41,113, RR9,1951-01-01,2020-12-31,26,Miroslaw Mietus
240131,2019,6.5698630136986305,25140,KOLO,PL,+52:12:01,+018:39:41,113, RR9,1951-01-01,2020-12-31,26,Miroslaw Mietus
240131,2020,6.286885245901639,25140,KOLO,PL,+52:12:01,+018:39:41,113, RR9,1951-01-01,2020-12-31,26,Miroslaw Mietus
240143,2017,8.468493150684932,25141,PLOCK,PL,+52:35:18,+019:43:33,87, RR9,1951-01-01,2022-09-30,26,Miroslaw Mietus
240143,2018,5.358904109589041,25141,PLOCK,PL,+52:35:18,+019:43:33,87, RR9,1951-01-01,2022-09-30,26,Miroslaw Mietus
240143,2019,4.843835616438356,25141,PLOCK,PL,+52:35:18,+019:43:33,87, RR9,1951-01-01,2022-09-30,26,Miroslaw Mietus
240143,2020,5.03551912568306,25141,PLOCK,PL,+52:35:18,+019:43:33,87, RR9,1951-01-01,2022-09-30,26,Miroslaw Mietus
240143,2021,8.32876712328767,25141,PLOCK,PL,+52:35:18,+019:43:33,87, RR9,1951-01-01,2022-09-30,26,Miroslaw Mietus
240155,2018,9.192307692307692,25142,RESKO-SMOLSKO,PL,+53:46:18,+015:24:53,66, RR9,1951-01-01,2022-09-30,26,Miroslaw Mietus
240155,2019,7.531506849315068,25142,RESKO-SMOLSKO,PL,+53:46:18,+015:24:53,66, RR9,1951-01-01,2022-09-30,26,Miroslaw Mietus
240155,2020,8.12295081967213,25142,RESKO-SMOLSKO,PL,+53:46:18,+015:24:53,66, RR9,1951-01-01,2022-09-30,26,Miroslaw Mietus
240155,2021,7.953424657534247,25142,RESKO-SMOLSKO,PL,+53:46:18,+015:24:53,66, RR9,1951-01-01,2022-09-30,26,Miroslaw Mietus
240191,2017,10.931506849315069,25145,MIKOLAJKI,PL,+53:47:22,+021:35:19,144, RR9,1952-01-01,2022-09-30,26,Miroslaw Mietus
240191,2018,8.873972602739727,25145,MIKOLAJKI,PL,+53:47:22,+021:35:19,144, RR9,1952-01-01,2022-09-30,26,Miroslaw Mietus
240191,2019,9.794520547945206,25145,MIKOLAJKI,PL,+53:47:22,+021:35:19,144, RR9,1952-01-01,2022-09-30,26,Miroslaw Mietus
240191,2020,7.387978142076503,25145,MIKOLAJKI,PL,+53:47:22,+021:35:19,144, RR9,1952-01-01,2022-09-30,26,Miroslaw Mietus
240191,2021,11.126027397260273,25145,MIKOLAJKI,PL,+53:47:22,+021:35:19,144, RR9,1952-01-01,2022-09-30,26,Miroslaw Mietus
240215,2017,11.063013698630137,25147,KOLOBRZEG-DZWIRZYNO,PL,+54:09:30,+015:23:20,1, RR9,1951-01-01,2022-09-30,26,Miroslaw Mietus
240215,2018,6.120547945205479,25147,KOLOBRZEG-DZWIRZYNO,PL,+54:09:30,+015:23:20,1, RR9,1951-01-01,2022-09-30,26,Miroslaw Mietus
240215,2019,9.117808219178082,25147,KOLOBRZEG-DZWIRZYNO,PL,+54:09:30,+015:23:20,1, RR9,1951-01-01,2022-09-30,26,Miroslaw Mietus
240215,2020,8.896174863387978,25147,KOLOBRZEG-DZWIRZYNO,PL,+54:09:30,+015:23:20,1, RR9,1951-01-01,2022-09-30,26,Miroslaw Mietus
240215,2021,10.419178082191781,25147,KOLOBRZEG-DZWIRZYNO,PL,+54:09:30,+015:23:20,1, RR9,1951-01-01,2022-09-30,26,Miroslaw Mietus
240227,2017,9.857534246575343,25148,USTKA,PL,+54:35:18,+016:51:15,18, RR9,1951-01-01,2022-09-30,26,Miroslaw Mietus
240227,2018,7.947945205479452,25148,USTKA,PL,+54:35:18,+016:51:15,18, RR9,1951-01-01,2022-09-30,26,Miroslaw Mietus
240227,2019,9.10958904109589,25148,USTKA,PL,+54:35:18,+016:51:15,18, RR9,1951-01-01,2022-09-30,26,Miroslaw Mietus
240227,2020,7.693989071038251,25148,USTKA,PL,+54:35:18,+016:51:15,18, RR9,1951-01-01,2022-09-30,26,Miroslaw Mietus
240227,2021,8.517808219178082,25148,USTKA,PL,+54:35:18,+016:51:15,18, RR9,1951-01-01,2022-09-30,26,Miroslaw Mietus
240239,2017,12.490410958904109,25149,LEBORK,PL,+54:33:11,+017:43:25,45, RR9,1951-01-01,2022-09-30,26,Miroslaw Mietus
240239,2018,9.241095890410959,25149,LEBORK,PL,+54:33:11,+017:43:25,45, RR9,1951-01-01,2022-09-30,26,Miroslaw Mietus
240239,2019,12.345205479452055,25149,LEBORK,PL,+54:33:11,+017:43:25,45, RR9,1951-01-01,2022-09-30,26,Miroslaw Mietus
240239,2020,9.994535519125684,25149,LEBORK,PL,+54:33:11,+017:43:25,45, RR9,1951-01-01,2022-09-30,26,Miroslaw Mietus
240239,2021,8.977900552486188,25149,LEBORK,PL,+54:33:11,+017:43:25,45, RR9,1951-01-01,2022-09-30,26,Miroslaw Mietus
240263,2017,15.01095890410959,25151,ELBLAG-MILEJEWO,PL,+54:13:23,+019:32:37,151, RR9,1951-01-01,2022-09-30,26,Miroslaw Mietus
240263,2018,10.473972602739726,25151,ELBLAG-MILEJEWO,PL,+54:13:23,+019:32:37,151, RR9,1951-01-01,2022-09-30,26,Miroslaw Mietus
240263,2019,12.736986301369862,25151,ELBLAG-MILEJEWO,PL,+54:13:23,+019:32:37,151, RR9,1951-01-01,2022-09-30,26,Miroslaw Mietus
240263,2020,10.740437158469945,25151,ELBLAG-MILEJEWO,PL,+54:13:23,+019:32:37,151, RR9,1951-01-01,2022-09-30,26,Miroslaw Mietus
240263,2021,11.408219178082192,25151,ELBLAG-MILEJEWO,PL,+54:13:23,+019:32:37,151, RR9,1951-01-01,2022-09-30,26,Miroslaw Mietus
240346,2017,9.331506849315069,25076,PILA,PL,+53:07:48,+016:45:00,72, RR9,1970-10-12,2022-09-30,26,Miroslaw Mietus
240346,2017,9.331506849315069,8943,PILA,PL,+53:07:48,+016:45:00,72, RR9,1970-10-12,2022-09-30,26,Miroslaw Mietus
240346,2018,6.345205479452055,25076,PILA,PL,+53:07:48,+016:45:00,72, RR9,1970-10-12,2022-09-30,26,Miroslaw Mietus
240346,2018,6.345205479452055,8943,PILA,PL,+53:07:48,+016:45:00,72, RR9,1970-10-12,2022-09-30,26,Miroslaw Mietus
240346,2019,5.717808219178083,25076,PILA,PL,+53:07:48,+016:45:00,72, RR9,1970-10-12,2022-09-30,26,Miroslaw Mietus
240346,2019,5.717808219178083,8943,PILA,PL,+53:07:48,+016:45:00,72, RR9,1970-10-12,2022-09-30,26,Miroslaw Mietus
240346,2020,7.4289617486338795,25076,PILA,PL,+53:07:48,+016:45:00,72, RR9,1970-10-12,2022-09-30,26,Miroslaw Mietus
240346,2020,7.4289617486338795,8943,PILA,PL,+53:07:48,+016:45:00,72, RR9,1970-10-12,2022-09-30,26,Miroslaw Mietus
240346,2021,6.83013698630137,25076,PILA,PL,+53:07:48,+016:45:00,72, RR9,1970-10-12,2022-09-30,26,Miroslaw Mietus
240346,2021,6.83013698630137,8943,PILA,PL,+53:07:48,+016:45:00,72, RR9,1970-10-12,2022-09-30,26,Miroslaw Mietus
240390,2017,10.8,8959,KOZIENCE,PL,+51:33:53,+021:32:34,123, RR9,1977-01-01,2022-09-30,26,Miroslaw Mietus
240390,2018,9.323287671232876,8959,KOZIENCE,PL,+51:33:53,+021:32:34,123, RR9,1977-01-01,2022-09-30,26,Miroslaw Mietus
240390,2019,7.208219178082191,8959,KOZIENCE,PL,+51:33:53,+021:32:34,123, RR9,1977-01-01,2022-09-30,26,Miroslaw Mietus
240390,2020,10.674863387978142,8959,KOZIENCE,PL,+51:33:53,+021:32:34,123, RR9,1977-01-01,2022-09-30,26,Miroslaw Mietus
240390,2021,8.715068493150685,8959,KOZIENCE,PL,+51:33:53,+021:32:34,123, RR9,1977-01-01,2022-09-30,26,Miroslaw Mietus
240402,2017,9.621917808219179,25156,KROSNO,PL,+49:42:25,+021:46:09,326, RR9,1985-01-01,2022-09-30,26,Miroslaw Mietus
240402,2017,9.621917808219179,8969,KROSNO,PL,+49:42:25,+021:46:09,326, RR9,1985-01-01,2022-09-30,26,Miroslaw Mietus
240402,2018,8.205479452054794,25156,KROSNO,PL,+49:42:25,+021:46:09,326, RR9,1985-01-01,2022-09-30,26,Miroslaw Mietus
240402,2018,8.205479452054794,8969,KROSNO,PL,+49:42:25,+021:46:09,326, RR9,1985-01-01,2022-09-30,26,Miroslaw Mietus
240402,2019,12.284931506849315,25156,KROSNO,PL,+49:42:25,+021:46:09,326, RR9,1985-01-01,2022-09-30,26,Miroslaw Mietus
240402,2019,12.284931506849315,8969,KROSNO,PL,+49:42:25,+021:46:09,326, RR9,1985-01-01,2022-09-30,26,Miroslaw Mietus
240402,2020,11.1448087431694,25156,KROSNO,PL,+49:42:25,+021:46:09,326, RR9,1985-01-01,2022-09-30,26,Miroslaw Mietus
240402,2020,11.1448087431694,8969,KROSNO,PL,+49:42:25,+021:46:09,326, RR9,1985-01-01,2022-09-30,26,Miroslaw Mietus
240402,2021,12.26849315068493,25156,KROSNO,PL,+49:42:25,+021:46:09,326, RR9,1985-01-01,2022-09-30,26,Miroslaw Mietus
240402,2021,12.26849315068493,8969,KROSNO,PL,+49:42:25,+021:46:09,326, RR9,1985-01-01,2022-09-30,26,Miroslaw Mietus
240551,2017,16.991780821917807,24880,ZAKOPANE,PL,+49:18:00,+019:57:00,857, RR9,1951-01-01,2022-09-30,26,Miroslaw Mietus
240551,2017,16.991780821917807,24881,ZAKOPANE,PL,+49:18:00,+019:57:00,857, RR9,1951-01-01,2022-09-30,26,Miroslaw Mietus
240551,2017,16.991780821917807,24903,ZAKOPANE,PL,+49:18:00,+019:57:00,857, RR9,1951-01-01,2022-09-30,26,Miroslaw Mietus
240551,2017,16.991780821917807,1383,ZAKOPANE,PL,+49:18:00,+019:57:00,857, RR9,1951-01-01,2022-09-30,26,Miroslaw Mietus
240551,2018,14.30958904109589,24880,ZAKOPANE,PL,+49:18:00,+019:57:00,857, RR9,1951-01-01,2022-09-30,26,Miroslaw Mietus
240551,2018,14.30958904109589,24881,ZAKOPANE,PL,+49:18:00,+019:57:00,857, RR9,1951-01-01,2022-09-30,26,Miroslaw Mietus
240551,2018,14.30958904109589,24903,ZAKOPANE,PL,+49:18:00,+019:57:00,857, RR9,1951-01-01,2022-09-30,26,Miroslaw Mietus
240551,2018,14.30958904109589,1383,ZAKOPANE,PL,+49:18:00,+019:57:00,857, RR9,1951-01-01,2022-09-30,26,Miroslaw Mietus
240551,2019,16.671232876712327,24880,ZAKOPANE,PL,+49:18:00,+019:57:00,857, RR9,1951-01-01,2022-09-30,26,Miroslaw Mietus
240551,2019,16.671232876712327,24881,ZAKOPANE,PL,+49:18:00,+019:57:00,857, RR9,1951-01-01,2022-09-30,26,Miroslaw Mietus
240551,2019,16.671232876712327,24903,ZAKOPANE,PL,+49:18:00,+019:57:00,857, RR9,1951-01-01,2022-09-30,26,Miroslaw Mietus
240551,2019,16.671232876712327,1383,ZAKOPANE,PL,+49:18:00,+019:57:00,857, RR9,1951-01-01,2022-09-30,26,Miroslaw Mietus
240551,2020,16.439890710382514,24880,ZAKOPANE,PL,+49:18:00,+019:57:00,857, RR9,1951-01-01,2022-09-30,26,Miroslaw Mietus
240551,2020,16.439890710382514,24881,ZAKOPANE,PL,+49:18:00,+019:57:00,857, RR9,1951-01-01,2022-09-30,26,Miroslaw Mietus
240551,2020,16.439890710382514,24903,ZAKOPANE,PL,+49:18:00,+019:57:00,857, RR9,1951-01-01,2022-09-30,26,Miroslaw Mietus
240551,2020,16.439890710382514,1383,ZAKOPANE,PL,+49:18:00,+019:57:00,857, RR9,1951-01-01,2022-09-30,26,Miroslaw Mietus
240551,2021,12.065753424657535,24880,ZAKOPANE,PL,+49:18:00,+019:57:00,857, RR9,1951-01-01,2022-09-30,26,Miroslaw Mietus
240551,2021,12.065753424657535,24881,ZAKOPANE,PL,+49:18:00,+019:57:00,857, RR9,1951-01-01,2022-09-30,26,Miroslaw Mietus
240551,2021,12.065753424657535,24903,ZAKOPANE,PL,+49:18:00,+019:57:00,857, RR9,1951-01-01,2022-09-30,26,Miroslaw Mietus
240551,2021,12.065753424657535,1383,ZAKOPANE,PL,+49:18:00,+019:57:00,857, RR9,1951-01-01,2022-09-30,26,Miroslaw Mietus
240563,2017,11.747945205479452,2033,LODZ,PL,+51:43:48,+019:24:00,187, RR9,1951-01-01,2022-09-30,26,Miroslaw Mietus
240563,2018,7.7315068493150685,2033,LODZ,PL,+51:43:48,+019:24:00,187, RR9,1951-01-01,2022-09-30,26,Miroslaw Mietus
240563,2019,6.260273972602739,2033,LODZ,PL,+51:43:48,+019:24:00,187, RR9,1951-01-01,2022-09-30,26,Miroslaw Mietus
240563,2020,8.923497267759563,2033,LODZ,PL,+51:43:48,+019:24:00,187, RR9,1951-01-01,2022-09-30,26,Miroslaw Mietus
240563,2021,8.093150684931507,2033,LODZ,PL,+51:43:48,+019:24:00,187, RR9,1951-01-01,2022-09-30,26,Miroslaw Mietus
912195,2017,23.4027397260274,2024,SUWALKI,PL,+54:08:00,+022:57:00,186, RR8,1982-01-14,2020-02-29,,
912195,2018,14.30958904109589,2024,SUWALKI,PL,+54:08:00,+022:57:00,186, RR8,1982-01-14,2020-02-29,,
912195,2019,13.36986301369863,2024,SUWALKI,PL,+54:08:00,+022:57:00,186, RR8,1982-01-14,2020-02-29,,
912195,2020,16.770083102493075,2024,SUWALKI,PL,+54:08:00,+022:57:00,186, RR8,1982-01-14,2020-02-29,,
912195,2021,19.794520547945204,2024,SUWALKI,PL,+54:08:00,+022:57:00,186, RR8,1982-01-14,2020-02-29,,
912210,2017,21.559888579387188,25142,RESKO,PL,+53:46:00,+015:25:00,56, RR8,1982-01-12,2020-02-29,,
912210,2018,10.940766550522648,25142,RESKO,PL,+53:46:00,+015:25:00,56, RR8,1982-01-12,2020-02-29,,
