,county_code,voivod_code,county_x,voivodship,county_area,voivod_area,county_ratio_by_area,county_y,2017_county_pop,2018_county_pop,2019_county_pop,2020_county_pop,2021_county_pop,2017_voivod_pop,2018_voivod_pop,2019_voivod_pop,2020_voivod_pop,2021_voivod_pop,county_pop_mean,voivod_pop_mean,2017_county_ratio_by_pop,2018_county_ratio_by_pop,2019_county_ratio_by_pop,2020_county_ratio_by_pop,2021_county_ratio_by_pop,county_ratio_by_pop
0,201000,200000,powiat bolesławiecki,dolnośląskie,1304.0,19947.0,0.065373,powiat bolesławiecki,89976,89976,89976,88672,88672,2901430,2901925,2898312,2910229,2898212,89454,2902021,0.031011,0.031006,0.031044,0.030469,0.030595,0.030825
1,202000,200000,powiat dzierżoniowski,dolnośląskie,479.0,19947.0,0.024014,powiat dzierżoniowski,102027,101548,101069,98195,96758,2901430,2901925,2898312,2910229,2898212,99919,2902021,0.035164,0.034993,0.034872,0.033741,0.033385,0.034431
2,203000,200000,powiat głogowski,dolnośląskie,443.0,19947.0,0.022209,powiat głogowski,89929,89486,89043,86828,86385,2901430,2901925,2898312,2910229,2898212,88334,2902021,0.030995,0.030837,0.030722,0.029835,0.029806,0.030439
3,204000,200000,powiat górowski,dolnośląskie,738.0,19947.0,0.036998,powiat górowski,35424,35424,34686,33210,33210,2901430,2901925,2898312,2910229,2898212,34390,2902021,0.012209,0.012207,0.011968,0.011411,0.011459,0.01185
4,205000,200000,powiat jaworski,dolnośląskie,582.0,19947.0,0.029177,powiat jaworski,51216,50634,50052,48888,48306,2901430,2901925,2898312,2910229,2898212,49819,2902021,0.017652,0.017448,0.017269,0.016799,0.016668,0.017167
5,206000,200000,powiat jeleniogórski,dolnośląskie,627.0,19947.0,0.031433,powiat jeleniogórski,63954,63954,63327,62073,61446,2901430,2901925,2898312,2910229,2898212,62950,2902021,0.022042,0.022038,0.02185,0.021329,0.021201,0.021692
6,207000,200000,powiat kamiennogórski,dolnośląskie,396.0,19947.0,0.019853,powiat kamiennogórski,43956,43560,43164,41976,41184,2901430,2901925,2898312,2910229,2898212,42768,2902021,0.01515,0.015011,0.014893,0.014424,0.01421,0.014737
7,208000,200000,powiat kłodzki,dolnośląskie,1642.0,19947.0,0.082318,powiat kłodzki,160916,159274,157632,152706,151064,2901430,2901925,2898312,2910229,2898212,156318,2902021,0.055461,0.054886,0.054388,0.052472,0.052123,0.053865
8,209000,200000,powiat legnicki,dolnośląskie,744.0,19947.0,0.037299,powiat legnicki,55056,55056,55056,55056,55056,2901430,2901925,2898312,2910229,2898212,55056,2902021,0.018975,0.018972,0.018996,0.018918,0.018997,0.018972
9,210000,200000,powiat lubański,dolnośląskie,428.0,19947.0,0.021457,powiat lubański,54784,54784,54356,53072,52216,2901430,2901925,2898312,2910229,2898212,53842,2902021,0.018882,0.018879,0.018754,0.018236,0.018017,0.018553
10,211000,200000,powiat lubiński,dolnośląskie,712.0,19947.0,0.035695,powiat lubiński,106088,106088,106088,104664,103952,2901430,2901925,2898312,2910229,2898212,105376,2902021,0.036564,0.036558,0.036603,0.035964,0.035868,0.036311
11,212000,200000,powiat lwówecki,dolnośląskie,710.0,19947.0,0.035594,powiat lwówecki,46150,46150,46150,44020,43310,2901430,2901925,2898312,2910229,2898212,45156,2902021,0.015906,0.015903,0.015923,0.015126,0.014944,0.01556
12,213000,200000,powiat milicki,dolnośląskie,715.0,19947.0,0.035845,powiat milicki,37180,37180,37180,36465,35750,2901430,2901925,2898312,2910229,2898212,36751,2902021,0.012814,0.012812,0.012828,0.01253,0.012335,0.012664
13,214000,200000,powiat oleśnicki,dolnośląskie,1049.0,19947.0,0.052589,powiat oleśnicki,106998,106998,106998,106998,105949,2901430,2901925,2898312,2910229,2898212,106788,2902021,0.036878,0.036871,0.036917,0.036766,0.036557,0.036798
14,215000,200000,powiat oławski,dolnośląskie,524.0,19947.0,0.02627,powiat oławski,76504,76504,76504,77552,77552,2901430,2901925,2898312,2910229,2898212,76923,2902021,0.026368,0.026363,0.026396,0.026648,0.026759,0.026507
15,216000,200000,powiat polkowicki,dolnośląskie,779.0,19947.0,0.039053,powiat polkowicki,63099,63099,63099,61541,61541,2901430,2901925,2898312,2910229,2898212,62475,2902021,0.021748,0.021744,0.021771,0.021146,0.021234,0.021528
16,217000,200000,powiat strzeliński,dolnośląskie,622.0,19947.0,0.031183,powiat strzeliński,44162,43540,43540,42296,42296,2901430,2901925,2898312,2910229,2898212,43166,2902021,0.015221,0.015004,0.015023,0.014534,0.014594,0.014874
17,218000,200000,powiat średzki,dolnośląskie,704.0,19947.0,0.035294,powiat średzki,53504,54208,54912,57728,57728,2901430,2901925,2898312,2910229,2898212,55616,2902021,0.018441,0.01868,0.018946,0.019836,0.019918,0.019165
18,219000,200000,powiat świdnicki,dolnośląskie,741.0,19947.0,0.037148,powiat świdnicki,158574,157833,157092,153387,152646,2901430,2901925,2898312,2910229,2898212,155906,2902021,0.054654,0.054389,0.054201,0.052706,0.052669,0.053723
19,220000,200000,powiat trzebnicki,dolnośląskie,1025.0,19947.0,0.051386,powiat trzebnicki,84050,85075,85075,87125,87125,2901430,2901925,2898312,2910229,2898212,85690,2902021,0.028968,0.029317,0.029353,0.029938,0.030062,0.029528
20,221000,200000,powiat wałbrzyski,dolnośląskie,430.0,19947.0,0.021557,powiat wałbrzyski,56330,55900,55470,54180,53320,2901430,2901925,2898312,2910229,2898212,55040,2902021,0.019415,0.019263,0.019139,0.018617,0.018398,0.018966
21,222000,200000,powiat wołowski,dolnośląskie,675.0,19947.0,0.03384,powiat wołowski,47250,47250,46575,46575,45900,2901430,2901925,2898312,2910229,2898212,46710,2902021,0.016285,0.016282,0.01607,0.016004,0.015837,0.016096
22,223000,200000,powiat wrocławski,dolnośląskie,1118.0,19947.0,0.056049,powiat wrocławski,140868,146458,150930,174408,178880,2901430,2901925,2898312,2910229,2898212,158308,2902021,0.048551,0.050469,0.052075,0.059929,0.061721,0.054551
23,224000,200000,powiat ząbkowicki,dolnośląskie,802.0,19947.0,0.040207,powiat ząbkowicki,65764,65764,64962,62556,61754,2901430,2901925,2898312,2910229,2898212,64160,2902021,0.022666,0.022662,0.022414,0.021495,0.021308,0.022109
24,225000,200000,powiat zgorzelecki,dolnośląskie,839.0,19947.0,0.042061,powiat zgorzelecki,90612,89773,88934,87256,86417,2901430,2901925,2898312,2910229,2898212,88598,2902021,0.03123,0.030936,0.030685,0.029983,0.029817,0.03053
25,226000,200000,powiat złotoryjski,dolnośląskie,576.0,19947.0,0.028877,powiat złotoryjski,44352,43776,43776,41472,41472,2901430,2901925,2898312,2910229,2898212,42969,2902021,0.015286,0.015085,0.015104,0.01425,0.01431,0.014807
26,261000,200000,powiat Jelenia Góra,dolnośląskie,109.0,19947.0,0.005464,powiat Jelenia Góra,79897,79352,78916,77390,76409,2901430,2901925,2898312,2910229,2898212,78392,2902021,0.027537,0.027345,0.027228,0.026592,0.026364,0.027013
27,262000,200000,powiat Legnica,dolnośląskie,56.0,19947.0,0.002807,powiat Legnica,99792,99232,98840,94640,93520,2901430,2901925,2898312,2910229,2898212,97204,2902021,0.034394,0.034195,0.034103,0.03252,0.032268,0.033495
28,264000,200000,powiat Wrocław,dolnośląskie,293.0,19947.0,0.014689,powiat Wrocław,639033,641084,643135,673900,674779,2901430,2901925,2898312,2910229,2898212,654386,2902021,0.220248,0.220917,0.2219,0.231563,0.232826,0.225493
29,265000,200000,powiat Wałbrzych,dolnośląskie,85.0,19947.0,0.004261,powiat Wałbrzych,113985,112965,111775,105400,103615,2901430,2901925,2898312,2910229,2898212,109548,2902021,0.039286,0.038928,0.038566,0.036217,0.035751,0.037749
30,401000,400000,powiat aleksandrowski,kujawsko-pomorskie,475.0,17971.4,0.026431,powiat aleksandrowski,55575,55100,55100,54150,54150,2081946,2078787,2071282,2032073,2015417,54815,2055901,0.026694,0.026506,0.026602,0.026648,0.026868,0.026662
31,402000,400000,powiat brodnicki,kujawsko-pomorskie,1040.0,17971.4,0.05787,powiat brodnicki,79040,79040,79040,78000,78000,2081946,2078787,2071282,2032073,2015417,78624,2055901,0.037964,0.038022,0.03816,0.038384,0.038702,0.038243
32,403000,400000,powiat bydgoski,kujawsko-pomorskie,1394.4,17971.4,0.07759,powiat bydgoski,115735,117129,118524,122707,124101,2081946,2078787,2071282,2032073,2015417,119639,2055901,0.05559,0.056345,0.057223,0.060385,0.061576,0.058193
33,404000,400000,powiat chełmiński,kujawsko-pomorskie,527.0,17971.4,0.029324,powiat chełmiński,52173,52173,52173,50065,50065,2081946,2078787,2071282,2032073,2015417,51329,2055901,0.02506,0.025098,0.025189,0.024637,0.024841,0.024967
34,405000,400000,powiat golubsko-dobrzyński,kujawsko-pomorskie,613.0,17971.4,0.03411,powiat golubsko-dobrzyński,45362,45362,44749,44136,43523,2081946,2078787,2071282,2032073,2015417,44626,2055901,0.021788,0.021821,0.021604,0.02172,0.021595,0.021706
35,406000,400000,powiat grudziądzki,kujawsko-pomorskie,728.0,17971.4,0.040509,powiat grudziądzki,40040,40040,40040,39312,39312,2081946,2078787,2071282,2032073,2015417,39748,2055901,0.019232,0.019261,0.019331,0.019346,0.019506,0.019334
36,407000,400000,powiat inowrocławski,kujawsko-pomorskie,1225.0,17971.4,0.068164,powiat inowrocławski,161700,160475,159250,154350,153125,2081946,2078787,2071282,2032073,2015417,157780,2055901,0.077668,0.077196,0.076885,0.075957,0.075977,0.076745
37,408000,400000,powiat lipnowski,kujawsko-pomorskie,1016.0,17971.4,0.056534,powiat lipnowski,66040,66040,66040,64008,62992,2081946,2078787,2071282,2032073,2015417,65024,2055901,0.03172,0.031769,0.031884,0.031499,0.031255,0.031628
38,409000,400000,powiat mogileński,kujawsko-pomorskie,675.0,17971.4,0.03756,powiat mogileński,45900,45900,45900,44550,43875,2081946,2078787,2071282,2032073,2015417,45225,2055901,0.022047,0.02208,0.02216,0.021923,0.02177,0.021998
39,410000,400000,powiat nakielski,kujawsko-pomorskie,1120.0,17971.4,0.062321,powiat nakielski,86240,86240,86240,84000,82880,2081946,2078787,2071282,2032073,2015417,85120,2055901,0.041423,0.041486,0.041636,0.041337,0.041123,0.041403
40,411000,400000,powiat radziejowski,kujawsko-pomorskie,607.0,17971.4,0.033776,powiat radziejowski,40669,40669,40062,38848,38848,2081946,2078787,2071282,2032073,2015417,39819,2055901,0.019534,0.019564,0.019342,0.019117,0.019275,0.019368
41,412000,400000,powiat rypiński,kujawsko-pomorskie,586.0,17971.4,0.032607,powiat rypiński,43950,43950,43364,42192,41606,2081946,2078787,2071282,2032073,2015417,43012,2055901,0.02111,0.021142,0.020936,0.020763,0.020644,0.020921
42,413000,400000,powiat sępoleński,kujawsko-pomorskie,791.0,17971.4,0.044014,powiat sępoleński,41132,41132,41132,39550,39550,2081946,2078787,2071282,2032073,2015417,40499,2055901,0.019757,0.019787,0.019858,0.019463,0.019624,0.019699
43,414000,400000,powiat świecki,kujawsko-pomorskie,1474.0,17971.4,0.082019,powiat świecki,98758,98758,98758,95810,95810,2081946,2078787,2071282,2032073,2015417,97578,2055901,0.047435,0.047508,0.04768,0.047149,0.047539,0.047462
44,415000,400000,powiat toruński,kujawsko-pomorskie,1230.0,17971.4,0.068442,powiat toruński,105780,107010,108240,111930,111930,2081946,2078787,2071282,2032073,2015417,108978,2055901,0.050808,0.051477,0.052257,0.055082,0.055537,0.053007
45,416000,400000,powiat tucholski,kujawsko-pomorskie,1075.0,17971.4,0.059817,powiat tucholski,48375,48375,48375,47300,47300,2081946,2078787,2071282,2032073,2015417,47945,2055901,0.023235,0.023271,0.023355,0.023277,0.023469,0.023321
46,417000,400000,powiat wąbrzeski,kujawsko-pomorskie,502.0,17971.4,0.027933,powiat wąbrzeski,34638,34638,34136,33132,33132,2081946,2078787,2071282,2032073,2015417,33935,2055901,0.016637,0.016663,0.016481,0.016305,0.016439,0.016506
47,418000,400000,powiat włocławski,kujawsko-pomorskie,1473.8,17971.4,0.082008,powiat włocławski,86954,86954,85480,84006,82532,2081946,2078787,2071282,2032073,2015417,85185,2055901,0.041766,0.041829,0.041269,0.04134,0.04095,0.041434
48,419000,400000,powiat żniński,kujawsko-pomorskie,985.0,17971.4,0.054809,powiat żniński,70920,70920,69935,68950,67965,2081946,2078787,2071282,2032073,2015417,69738,2055901,0.034064,0.034116,0.033764,0.033931,0.033723,0.033921
49,461000,400000,powiat Bydgoszcz,kujawsko-pomorskie,176.0,17971.4,0.009793,powiat Bydgoszcz,352352,350240,348304,339152,334048,2081946,2078787,2071282,2032073,2015417,344819,2055901,0.169242,0.168483,0.168159,0.1669,0.165746,0.167722
50,462000,400000,powiat Grudziądz,kujawsko-pomorskie,58.0,17971.4,0.003227,powiat Grudziądz,96048,95468,94772,91640,90654,2081946,2078787,2071282,2032073,2015417,93716,2055901,0.046134,0.045925,0.045755,0.045097,0.04498,0.045584
51,463000,400000,powiat Toruń,kujawsko-pomorskie,116.0,17971.4,0.006455,powiat Toruń,203000,202536,201956,199288,197548,2081946,2078787,2071282,2032073,2015417,200865,2055901,0.097505,0.09743,0.097503,0.098071,0.098018,0.097702
52,464000,400000,powiat Włocławek,kujawsko-pomorskie,84.2,17971.4,0.004685,powiat Włocławek,111565,110638,109712,104997,102471,2081946,2078787,2071282,2032073,2015417,107876,2055901,0.053587,0.053222,0.052968,0.05167,0.050844,0.052471
53,601000,600000,powiat bialski,lubelskie,2754.4,25122.6,0.109638,powiat bialski,112930,110176,110176,107421,107421,2126790,2113777,2108238,2056806,2039685,109624,2089059,0.053099,0.052123,0.05226,0.052227,0.052665,0.052475
54,602000,600000,powiat biłgorajski,lubelskie,1681.0,25122.6,0.066912,powiat biłgorajski,102541,100860,100860,99179,97498,2126790,2113777,2108238,2056806,2039685,100187,2089059,0.048214,0.047716,0.047841,0.04822,0.047801,0.047958
55,603000,600000,powiat chełmski,lubelskie,1886.4,25122.6,0.075088,powiat chełmski,79228,77342,77342,75456,75456,2126790,2113777,2108238,2056806,2039685,76964,2089059,0.037252,0.036589,0.036686,0.036686,0.036994,0.036841
56,604000,600000,powiat hrubieszowski,lubelskie,1268.0,25122.6,0.050472,powiat hrubieszowski,64668,63400,63400,59596,58328,2126790,2113777,2108238,2056806,2039685,61878,2089059,0.030406,0.029994,0.030073,0.028975,0.028597,0.02962
57,605000,600000,powiat janowski,lubelskie,875.6,25122.6,0.034853,powiat janowski,46406,46406,45531,43780,43780,2126790,2113777,2108238,2056806,2039685,45180,2089059,0.02182,0.021954,0.021597,0.021285,0.021464,0.021627
58,606000,600000,powiat krasnostawski,lubelskie,1031.6,25122.6,0.041063,powiat krasnostawski,63959,63959,62927,60864,59832,2126790,2113777,2108238,2056806,2039685,62308,2089059,0.030073,0.030258,0.029848,0.029592,0.029334,0.029826
59,607000,600000,powiat kraśnicki,lubelskie,1005.0,25122.6,0.040004,powiat kraśnicki,96480,96480,95475,92460,91455,2126790,2113777,2108238,2056806,2039685,94470,2089059,0.045364,0.045643,0.045287,0.044953,0.044838,0.045221
60,608000,600000,powiat lubartowski,lubelskie,1289.0,25122.6,0.051308,powiat lubartowski,88941,88941,88941,86363,85074,2126790,2113777,2108238,2056806,2039685,87652,2089059,0.041819,0.042077,0.042187,0.041989,0.041709,0.041958
61,609000,600000,powiat lubelski,lubelskie,1680.0,25122.6,0.066872,powiat lubelski,152880,154560,156240,161280,162960,2126790,2113777,2108238,2056806,2039685,157584,2089059,0.071883,0.07312,0.074109,0.078413,0.079895,0.075433
62,610000,600000,powiat łęczyński,lubelskie,637.0,25122.6,0.025356,powiat łęczyński,57330,57330,57330,56693,56056,2126790,2113777,2108238,2056806,2039685,56947,2089059,0.026956,0.027122,0.027193,0.027564,0.027483,0.02726
63,611000,600000,powiat łukowski,lubelskie,1394.0,25122.6,0.055488,powiat łukowski,107338,107338,107338,103156,101762,2126790,2113777,2108238,2056806,2039685,105386,2089059,0.050469,0.05078,0.050914,0.050153,0.049891,0.050447
64,612000,600000,powiat opolski,lubelskie,810.0,25122.6,0.032242,powiat opolski,59940,59940,59130,57510,56700,2126790,2113777,2108238,2056806,2039685,58644,2089059,0.028183,0.028357,0.028047,0.027961,0.027798,0.028072
65,613000,600000,powiat parczewski,lubelskie,952.0,25122.6,0.037894,powiat parczewski,35224,35224,34272,33320,33320,2126790,2113777,2108238,2056806,2039685,34272,2089059,0.016562,0.016664,0.016256,0.0162,0.016336,0.016405
66,614000,600000,powiat puławski,lubelskie,934.0,25122.6,0.037178,powiat puławski,113948,113948,113014,110212,108344,2126790,2113777,2108238,2056806,2039685,111893,2089059,0.053577,0.053907,0.053606,0.053584,0.053118,0.053561
67,615000,600000,powiat radzyński,lubelskie,965.0,25122.6,0.038412,powiat radzyński,59830,58865,58865,56935,55970,2126790,2113777,2108238,2056806,2039685,58093,2089059,0.028132,0.027848,0.027921,0.027681,0.027441,0.027808
68,616000,600000,powiat rycki,lubelskie,615.0,25122.6,0.02448,powiat rycki,56580,55965,55965,52890,52275,2126790,2113777,2108238,2056806,2039685,54735,2089059,0.026603,0.026476,0.026546,0.025715,0.025629,0.026201
69,617000,600000,powiat świdnicki,lubelskie,468.0,25122.6,0.018629,powiat świdnicki,72540,72072,71604,70668,70200,2126790,2113777,2108238,2056806,2039685,71416,2089059,0.034108,0.034096,0.033964,0.034358,0.034417,0.034186
70,618000,600000,powiat tomaszowski,lubelskie,1489.0,25122.6,0.059269,powiat tomaszowski,84873,83384,83384,80406,78917,2126790,2113777,2108238,2056806,2039685,82192,2089059,0.039907,0.039448,0.039552,0.039093,0.038691,0.039344
71,619000,600000,powiat włodawski,lubelskie,1256.0,25122.6,0.049995,powiat włodawski,38936,38936,38936,36424,36424,2126790,2113777,2108238,2056806,2039685,37931,2089059,0.018307,0.01842,0.018469,0.017709,0.017858,0.018157
72,620000,600000,powiat zamojski,lubelskie,1870.0,25122.6,0.074435,powiat zamojski,108460,106590,106590,102850,102850,2126790,2113777,2108238,2056806,2039685,105468,2089059,0.050997,0.050426,0.050559,0.050005,0.050424,0.050486
73,661000,600000,powiat Biała Podlaska,lubelskie,49.0,25122.6,0.00195,powiat Biała Podlaska,57085,56889,56693,55076,54635,2126790,2113777,2108238,2056806,2039685,56075,2089059,0.026841,0.026913,0.026891,0.026777,0.026786,0.026842
74,662000,600000,powiat Chełm,lubelskie,35.0,25122.6,0.001393,powiat Chełm,62825,62160,61425,59220,58345,2126790,2113777,2108238,2056806,2039685,60795,2089059,0.02954,0.029407,0.029136,0.028792,0.028605,0.029102
75,663000,600000,powiat Lublin,lubelskie,147.6,25122.6,0.005875,powiat Lublin,340218,339922,340070,335347,333133,2126790,2113777,2108238,2056806,2039685,337738,2089059,0.159968,0.160813,0.161305,0.163043,0.163326,0.16167
76,664000,600000,powiat Zamość,lubelskie,30.0,25122.6,0.001194,powiat Zamość,63630,63090,62730,59700,58950,2126790,2113777,2108238,2056806,2039685,61620,2089059,0.029918,0.029847,0.029755,0.029026,0.028902,0.029497
77,801000,800000,powiat gorzowski,lubuskie,1214.0,13988.0,0.086789,powiat gorzowski,71626,71626,71626,72840,72840,1017666,1015973,1010416,993451,983581,72111,1004217,0.070383,0.0705,0.070888,0.07332,0.074056,0.071808
78,802000,800000,powiat krośnieński,lubuskie,1391.0,13988.0,0.099442,powiat krośnieński,55640,55640,54249,54249,52858,1017666,1015973,1010416,993451,983581,54527,1004217,0.054674,0.054765,0.05369,0.054607,0.05374,0.054298
79,803000,800000,powiat międzyrzecki,lubuskie,1388.0,13988.0,0.099228,powiat międzyrzecki,58296,58296,56908,56908,55520,1017666,1015973,1010416,993451,983581,57185,1004217,0.057284,0.057379,0.056321,0.057283,0.056447,0.056945
80,804000,800000,powiat nowosolski,lubuskie,771.0,13988.0,0.055119,powiat nowosolski,87123,86352,86352,83268,83268,1017666,1015973,1010416,993451,983581,85272,1004217,0.085611,0.084994,0.085462,0.083817,0.084658,0.084914
81,805000,800000,powiat słubicki,lubuskie,999.0,13988.0,0.071418,powiat słubicki,46953,46953,46953,45954,45954,1017666,1015973,1010416,993451,983581,46553,1004217,0.046138,0.046215,0.046469,0.046257,0.046721,0.046358
82,806000,800000,powiat strzelecko-drezdenecki,lubuskie,1248.0,13988.0,0.089219,powiat strzelecko-drezdenecki,49920,49920,48672,47424,47424,1017666,1015973,1010416,993451,983581,48672,1004217,0.049053,0.049135,0.04817,0.047737,0.048216,0.048468
83,807000,800000,powiat sulęciński,lubuskie,1178.0,13988.0,0.084215,powiat sulęciński,35340,35340,35340,34162,34162,1017666,1015973,1010416,993451,983581,34868,1004217,0.034727,0.034784,0.034976,0.034387,0.034732,0.034722
84,808000,800000,powiat świebodziński,lubuskie,937.0,13988.0,0.066986,powiat świebodziński,56220,56220,56220,55283,54346,1017666,1015973,1010416,993451,983581,55657,1004217,0.055244,0.055336,0.05564,0.055647,0.055253,0.055423
85,809000,800000,powiat zielonogórski,lubuskie,1350.0,13988.0,0.096511,powiat zielonogórski,75600,75600,75600,75600,74250,1017666,1015973,1010416,993451,983581,75330,1004217,0.074288,0.074411,0.074821,0.076098,0.075489,0.075014
86,810000,800000,powiat żagański,lubuskie,1132.0,13988.0,0.080927,powiat żagański,80372,79240,79240,75844,74712,1017666,1015973,1010416,993451,983581,77881,1004217,0.078977,0.077994,0.078423,0.076344,0.075959,0.077554
87,811000,800000,powiat żarski,lubuskie,1393.0,13988.0,0.099585,powiat żarski,97510,97510,96117,93331,93331,1017666,1015973,1010416,993451,983581,95559,1004217,0.095817,0.095977,0.095126,0.093946,0.094889,0.095158
88,812000,800000,powiat wschowski,lubuskie,624.0,13988.0,0.04461,powiat wschowski,39312,39312,38688,38064,37440,1017666,1015973,1010416,993451,983581,38563,1004217,0.03863,0.038694,0.038289,0.038315,0.038065,0.038401
89,861000,800000,powiat Gorzów Wielkopolski,lubuskie,86.0,13988.0,0.006148,powiat Gorzów Wielkopolski,124700,124356,124012,120916,118422,1017666,1015973,1010416,993451,983581,122481,1004217,0.122535,0.122401,0.122734,0.121713,0.120399,0.121967
90,862000,800000,powiat Zielona Góra,lubuskie,277.0,13988.0,0.019803,powiat Zielona Góra,139054,139608,140439,139608,139054,1017666,1015973,1010416,993451,983581,139552,1004217,0.13664,0.137413,0.138991,0.140528,0.141375,0.138966
91,1001000,1000000,powiat bełchatowski,łódzkie,968.0,18219.0,0.053131,powiat bełchatowski,113256,113256,113256,110352,109384,2477352,2467552,2455033,2417355,2392624,111900,2441983,0.045717,0.045898,0.046132,0.04565,0.045717,0.045823
92,1002000,1000000,powiat kutnowski,łódzkie,887.0,18219.0,0.048685,powiat kutnowski,98457,97570,96683,94022,92248,2477352,2467552,2455033,2417355,2392624,95796,2441983,0.039743,0.039541,0.039382,0.038895,0.038555,0.039229
93,1003000,1000000,powiat łaski,łódzkie,618.0,18219.0,0.033921,powiat łaski,50058,50058,50058,49440,49440,2477352,2467552,2455033,2417355,2392624,49810,2441983,0.020206,0.020287,0.02039,0.020452,0.020664,0.020397
94,1004000,1000000,powiat łęczycki,łódzkie,773.0,18219.0,0.042428,powiat łęczycki,50245,50245,49472,47926,47153,2477352,2467552,2455033,2417355,2392624,49008,2441983,0.020282,0.020362,0.020151,0.019826,0.019708,0.020069
95,1005000,1000000,powiat łowicki,łódzkie,988.0,18219.0,0.054229,powiat łowicki,79040,79040,78052,76076,75088,2477352,2467552,2455033,2417355,2392624,77459,2441983,0.031905,0.032032,0.031793,0.031471,0.031383,0.03172
96,1006000,1000000,powiat łódzki wschodni,łódzkie,500.0,18219.0,0.027444,powiat łódzki wschodni,71000,71500,72000,73500,74000,2477352,2467552,2455033,2417355,2392624,72400,2441983,0.02866,0.028976,0.029328,0.030405,0.030928,0.029648
97,1007000,1000000,powiat opoczyński,łódzkie,1040.0,18219.0,0.057083,powiat opoczyński,76960,76960,75920,73840,72800,2477352,2467552,2455033,2417355,2392624,75296,2441983,0.031065,0.031189,0.030924,0.030546,0.030427,0.030834
98,1008000,1000000,powiat pabianicki,łódzkie,492.0,18219.0,0.027005,powiat pabianicki,119064,119064,119064,120048,119556,2477352,2467552,2455033,2417355,2392624,119359,2441983,0.048061,0.048252,0.048498,0.049661,0.049969,0.048878
99,1009000,1000000,powiat pajęczański,łódzkie,804.0,18219.0,0.04413,powiat pajęczański,52260,51456,51456,49848,49044,2477352,2467552,2455033,2417355,2392624,50812,2441983,0.021095,0.020853,0.020959,0.020621,0.020498,0.020808
100,1010000,1000000,powiat piotrkowski,łódzkie,1429.0,18219.0,0.078435,powiat piotrkowski,91456,91456,91456,91456,90027,2477352,2467552,2455033,2417355,2392624,91170,2441983,0.036917,0.037063,0.037252,0.037833,0.037627,0.037334
101,1011000,1000000,powiat poddębicki,łódzkie,881.0,18219.0,0.048356,powiat poddębicki,41407,41407,41407,39645,39645,2477352,2467552,2455033,2417355,2392624,40702,2441983,0.016714,0.016781,0.016866,0.0164,0.01657,0.016668
102,1012000,1000000,powiat radomszczański,łódzkie,1443.0,18219.0,0.079203,powiat radomszczański,113997,113997,112554,109668,108225,2477352,2467552,2455033,2417355,2392624,111688,2441983,0.046016,0.046198,0.045846,0.045367,0.045233,0.045737
103,1013000,1000000,powiat rawski,łódzkie,646.0,18219.0,0.035457,powiat rawski,49096,49096,48450,47158,46512,2477352,2467552,2455033,2417355,2392624,48062,2441983,0.019818,0.019897,0.019735,0.019508,0.01944,0.019682
104,1014000,1000000,powiat sieradzki,łódzkie,1491.0,18219.0,0.081838,powiat sieradzki,119280,117789,117789,114807,113316,2477352,2467552,2455033,2417355,2392624,116596,2441983,0.048148,0.047735,0.047979,0.047493,0.047361,0.047746
105,1015000,1000000,powiat skierniewicki,łódzkie,753.0,18219.0,0.04133,powiat skierniewicki,38403,38403,38403,38403,37650,2477352,2467552,2455033,2417355,2392624,38252,2441983,0.015502,0.015563,0.015643,0.015886,0.015736,0.015664
106,1016000,1000000,powiat tomaszowski,łódzkie,1025.0,18219.0,0.05626,powiat tomaszowski,117875,116850,116850,113775,112750,2477352,2467552,2455033,2417355,2392624,115620,2441983,0.047581,0.047355,0.047596,0.047066,0.047124,0.047347
107,1017000,1000000,powiat wieluński,łódzkie,926.0,18219.0,0.050826,powiat wieluński,76858,76858,75932,74080,74080,2477352,2467552,2455033,2417355,2392624,75561,2441983,0.031024,0.031147,0.030929,0.030645,0.030962,0.030942
108,1018000,1000000,powiat wieruszowski,łódzkie,577.0,18219.0,0.03167,powiat wieruszowski,42121,42121,42121,42121,41544,2477352,2467552,2455033,2417355,2392624,42005,2441983,0.017002,0.01707,0.017157,0.017424,0.017363,0.017201
109,1019000,1000000,powiat zduńskowolski,łódzkie,369.0,18219.0,0.020254,powiat zduńskowolski,67158,66789,66420,64575,64206,2477352,2467552,2455033,2417355,2392624,65829,2441983,0.027109,0.027067,0.027055,0.026713,0.026835,0.026957
110,1020000,1000000,powiat zgierski,łódzkie,855.0,18219.0,0.046929,powiat zgierski,165870,165870,165870,167580,166725,2477352,2467552,2455033,2417355,2392624,166383,2441983,0.066955,0.06722,0.067563,0.069324,0.069683,0.068134
111,1021000,1000000,powiat brzeziński,łódzkie,359.0,18219.0,0.019705,powiat brzeziński,30874,30874,30874,30515,30515,2477352,2467552,2455033,2417355,2392624,30730,2441983,0.012463,0.012512,0.012576,0.012623,0.012754,0.012584
112,1061000,1000000,powiat Łódź,łódzkie,293.0,18219.0,0.016082,powiat Łódź,689722,684741,679467,672435,664231,2477352,2467552,2455033,2417355,2392624,678119,2441983,0.278411,0.277498,0.276765,0.27817,0.277616,0.277692
113,1062000,1000000,powiat Piotrków Trybunalski,łódzkie,67.0,18219.0,0.003677,powiat Piotrków Trybunalski,74035,73432,72829,69010,68005,2477352,2467552,2455033,2417355,2392624,71462,2441983,0.029885,0.029759,0.029665,0.028548,0.028423,0.029264
114,1063000,1000000,powiat Skierniewice,łódzkie,35.0,18219.0,0.001921,powiat Skierniewice,48860,48720,48650,47075,46480,2477352,2467552,2455033,2417355,2392624,47957,2441983,0.019723,0.019744,0.019816,0.019474,0.019426,0.019639
115,1201000,1200000,powiat bocheński,małopolskie,649.0,15183.0,0.042745,powiat bocheński,106436,106436,107085,107085,107085,3394398,3400630,3413227,3433408,3430966,106825,3414525,0.031356,0.031299,0.031374,0.031189,0.031211,0.031285
116,1202000,1200000,powiat brzeski,małopolskie,591.0,15183.0,0.038925,powiat brzeski,93378,93378,93378,92196,92196,3394398,3400630,3413227,3433408,3430966,92905,3414525,0.027509,0.027459,0.027358,0.026853,0.026872,0.027209
117,1203000,1200000,powiat chrzanowski,małopolskie,370.0,15183.0,0.024369,powiat chrzanowski,125800,125430,124320,121730,120620,3394398,3400630,3413227,3433408,3430966,123580,3414525,0.037061,0.036884,0.036423,0.035455,0.035156,0.036192
118,1204000,1200000,powiat dąbrowski,małopolskie,530.0,15183.0,0.034907,powiat dąbrowski,59360,59360,59360,58300,57770,3394398,3400630,3413227,3433408,3430966,58830,3414525,0.017488,0.017456,0.017391,0.01698,0.016838,0.017229
119,1205000,1200000,powiat gorlicki,małopolskie,966.0,15183.0,0.063624,powiat gorlicki,109158,109158,109158,107226,106260,3394398,3400630,3413227,3433408,3430966,108192,3414525,0.032158,0.032099,0.031981,0.03123,0.030971,0.031686
120,1206000,1200000,powiat krakowski,małopolskie,1231.0,15183.0,0.081078,powiat krakowski,274513,276975,279437,295440,297902,3394398,3400630,3413227,3433408,3430966,284853,3414525,0.080872,0.081448,0.081869,0.086049,0.086827,0.083424
121,1207000,1200000,powiat limanowski,małopolskie,951.0,15183.0,0.062636,powiat limanowski,131238,131238,132189,131238,131238,3394398,3400630,3413227,3433408,3430966,131428,3414525,0.038663,0.038592,0.038728,0.038224,0.038251,0.038491
122,1208000,1200000,powiat miechowski,małopolskie,676.0,15183.0,0.044523,powiat miechowski,49348,49348,48672,47996,47320,3394398,3400630,3413227,3433408,3430966,48536,3414525,0.014538,0.014511,0.01426,0.013979,0.013792,0.014215
123,1209000,1200000,powiat myślenicki,małopolskie,673.0,15183.0,0.044326,powiat myślenicki,126524,127197,127870,129216,129216,3394398,3400630,3413227,3433408,3430966,128004,3414525,0.037274,0.037404,0.037463,0.037635,0.037662,0.037488
124,1210000,1200000,powiat nowosądecki,małopolskie,1549.0,15183.0,0.102022,powiat nowosądecki,215311,215311,216860,213762,215311,3394398,3400630,3413227,3433408,3430966,215311,3414525,0.063431,0.063315,0.063535,0.062259,0.062755,0.063057
125,1211000,1200000,powiat nowotarski,małopolskie,1474.0,15183.0,0.097082,powiat nowotarski,191620,191620,191620,190146,190146,3394398,3400630,3413227,3433408,3430966,191030,3414525,0.056452,0.056348,0.05614,0.055381,0.055421,0.055946
126,1212000,1200000,powiat olkuski,małopolskie,618.0,15183.0,0.040703,powiat olkuski,112476,111858,111240,108768,108150,3394398,3400630,3413227,3433408,3430966,110498,3414525,0.033136,0.032893,0.032591,0.031679,0.031522,0.032361
127,1213000,1200000,powiat oświęcimski,małopolskie,406.0,15183.0,0.02674,powiat oświęcimski,154280,153874,153468,151438,150220,3394398,3400630,3413227,3433408,3430966,152656,3414525,0.045451,0.045249,0.044963,0.044107,0.043784,0.044708
128,1214000,1200000,powiat proszowicki,małopolskie,415.0,15183.0,0.027333,powiat proszowicki,43575,43575,43160,42745,42330,3394398,3400630,3413227,3433408,3430966,43077,3414525,0.012837,0.012814,0.012645,0.01245,0.012338,0.012616
129,1215000,1200000,powiat suski,małopolskie,686.0,15183.0,0.045182,powiat suski,84378,84378,84378,83692,83006,3394398,3400630,3413227,3433408,3430966,83966,3414525,0.024858,0.024812,0.024721,0.024376,0.024193,0.024591
130,1216000,1200000,powiat tarnowski,małopolskie,1412.0,15183.0,0.092999,powiat tarnowski,201916,201916,201916,199092,197680,3394398,3400630,3413227,3433408,3430966,200504,3414525,0.059485,0.059376,0.059157,0.057987,0.057616,0.058721
131,1217000,1200000,powiat tatrzański,małopolskie,472.0,15183.0,0.031087,powiat tatrzański,67968,67968,67968,67024,66552,3394398,3400630,3413227,3433408,3430966,67496,3414525,0.020024,0.019987,0.019913,0.019521,0.019397,0.019767
132,1218000,1200000,powiat wadowicki,małopolskie,646.0,15183.0,0.042548,powiat wadowicki,160208,160208,160208,158916,158270,3394398,3400630,3413227,3433408,3430966,159562,3414525,0.047198,0.047111,0.046937,0.046285,0.04613,0.04673
133,1219000,1200000,powiat wielicki,małopolskie,411.0,15183.0,0.02707,powiat wielicki,125355,126999,129054,138507,140562,3394398,3400630,3413227,3433408,3430966,132095,3414525,0.03693,0.037346,0.03781,0.040341,0.040969,0.038686
134,1261000,1200000,powiat Kraków,małopolskie,327.0,15183.0,0.021537,powiat Kraków,767796,771393,779568,800823,803112,3394398,3400630,3413227,3433408,3430966,784538,3414525,0.226195,0.226838,0.228396,0.233244,0.234078,0.229765
135,1262000,1200000,powiat Nowy Sącz,małopolskie,58.0,15183.0,0.00382,powiat Nowy Sącz,84680,84506,84390,82012,81548,3394398,3400630,3413227,3433408,3430966,83427,3414525,0.024947,0.02485,0.024724,0.023886,0.023768,0.024433
136,1263000,1200000,powiat Tarnów,małopolskie,72.0,15183.0,0.004742,powiat Tarnów,109080,108504,107928,106056,104472,3394398,3400630,3413227,3433408,3430966,107208,3414525,0.032135,0.031907,0.031621,0.030889,0.03045,0.031398
137,1401000,1400000,powiat białobrzeski,mazowieckie,639.0,35558.6,0.01797,powiat białobrzeski,33228,33228,33228,33228,32589,5390487,5400077,5421840,5516074,5508133,33100,5447322,0.006164,0.006153,0.006129,0.006024,0.005917,0.006076
138,1402000,1400000,powiat ciechanowski,mazowieckie,1060.0,35558.6,0.02981,powiat ciechanowski,90100,90100,89040,86920,85860,5390487,5400077,5421840,5516074,5508133,88404,5447322,0.016715,0.016685,0.016422,0.015758,0.015588,0.016229
139,1403000,1400000,powiat garwoliński,mazowieckie,1285.0,35558.6,0.036138,powiat garwoliński,109225,109225,109225,106655,105370,5390487,5400077,5421840,5516074,5508133,107940,5447322,0.020263,0.020227,0.020145,0.019335,0.01913,0.019815
140,1404000,1400000,powiat gostyniński,mazowieckie,615.0,35558.6,0.017295,powiat gostyniński,45510,45510,44895,43665,43050,5390487,5400077,5421840,5516074,5508133,44526,5447322,0.008443,0.008428,0.00828,0.007916,0.007816,0.008174
141,1405000,1400000,powiat grodziski,mazowieckie,367.0,35558.6,0.010321,powiat grodziski,92851,93952,95787,101659,103127,5390487,5400077,5421840,5516074,5508133,97475,5447322,0.017225,0.017398,0.017667,0.01843,0.018723,0.017894
142,1406000,1400000,powiat grójecki,mazowieckie,1268.0,35558.6,0.035659,powiat grójecki,98904,98904,98904,98904,97636,5390487,5400077,5421840,5516074,5508133,98650,5447322,0.018348,0.018315,0.018242,0.01793,0.017726,0.01811
143,1407000,1400000,powiat kozienicki,mazowieckie,916.0,35558.6,0.02576,powiat kozienicki,60456,60456,59540,58624,57708,5390487,5400077,5421840,5516074,5508133,59356,5447322,0.011215,0.011195,0.010982,0.010628,0.010477,0.010896
144,1408000,1400000,powiat legionowski,mazowieckie,390.6,35558.6,0.010985,powiat legionowski,115227,116789,118351,126945,128898,5390487,5400077,5421840,5516074,5508133,121242,5447322,0.021376,0.021627,0.021829,0.023014,0.023401,0.022257
145,1409000,1400000,powiat lipski,mazowieckie,740.0,35558.6,0.020811,powiat lipski,34780,34040,34040,32560,31820,5390487,5400077,5421840,5516074,5508133,33448,5447322,0.006452,0.006304,0.006278,0.005903,0.005777,0.00614
146,1410000,1400000,powiat łosicki,mazowieckie,772.0,35558.6,0.021711,powiat łosicki,31652,30880,30880,29336,29336,5390487,5400077,5421840,5516074,5508133,30416,5447322,0.005872,0.005718,0.005695,0.005318,0.005326,0.005584
147,1411000,1400000,powiat makowski,mazowieckie,1065.0,35558.6,0.029951,powiat makowski,45795,45795,44730,42600,42600,5390487,5400077,5421840,5516074,5508133,44304,5447322,0.008496,0.00848,0.00825,0.007723,0.007734,0.008133
148,1412000,1400000,powiat miński,mazowieckie,1164.0,35558.6,0.032735,powiat miński,152484,153648,154812,158304,158304,5390487,5400077,5421840,5516074,5508133,155510,5447322,0.028288,0.028453,0.028553,0.028699,0.02874,0.028548
149,1413000,1400000,powiat mławski,mazowieckie,1182.0,35558.6,0.033241,powiat mławski,73284,73284,72102,70920,69738,5390487,5400077,5421840,5516074,5508133,71865,5447322,0.013595,0.013571,0.013298,0.012857,0.012661,0.013193
150,1414000,1400000,powiat nowodworski,mazowieckie,695.0,35558.6,0.019545,powiat nowodworski,79230,79230,79230,79925,79925,5390487,5400077,5421840,5516074,5508133,79508,5447322,0.014698,0.014672,0.014613,0.014489,0.01451,0.014596
151,1415000,1400000,powiat ostrołęcki,mazowieckie,2093.6,35558.6,0.058877,powiat ostrołęcki,87931,87931,87931,87931,87931,5390487,5400077,5421840,5516074,5508133,87931,5447322,0.016312,0.016283,0.016218,0.015941,0.015964,0.016142
152,1416000,1400000,powiat ostrowski,mazowieckie,1218.0,35558.6,0.034253,powiat ostrowski,73080,73080,71862,70644,69426,5390487,5400077,5421840,5516074,5508133,71618,5447322,0.013557,0.013533,0.013254,0.012807,0.012604,0.013147
153,1417000,1400000,powiat otwocki,mazowieckie,616.0,35558.6,0.017324,powiat otwocki,123816,123816,124432,126896,126280,5390487,5400077,5421840,5516074,5508133,125048,5447322,0.022969,0.022929,0.02295,0.023005,0.022926,0.022956
154,1418000,1400000,powiat piaseczyński,mazowieckie,621.0,35558.6,0.017464,powiat piaseczyński,181953,185058,188163,206793,209277,5390487,5400077,5421840,5516074,5508133,194248,5447322,0.033754,0.03427,0.034705,0.037489,0.037994,0.035659
155,1419000,1400000,powiat płocki,mazowieckie,1796.0,35558.6,0.050508,powiat płocki,111352,111352,111352,109556,109556,5390487,5400077,5421840,5516074,5508133,110633,5447322,0.020657,0.02062,0.020538,0.019861,0.01989,0.02031
156,1420000,1400000,powiat płoński,mazowieckie,1380.0,35558.6,0.038809,powiat płoński,88320,86940,86940,85560,84180,5390487,5400077,5421840,5516074,5508133,86388,5447322,0.016384,0.0161,0.016035,0.015511,0.015283,0.015859
157,1421000,1400000,powiat pruszkowski,mazowieckie,246.0,35558.6,0.006918,powiat pruszkowski,162606,164082,165804,176136,176874,5390487,5400077,5421840,5516074,5508133,169100,5447322,0.030165,0.030385,0.030581,0.031931,0.032111,0.031043
158,1422000,1400000,powiat przasnyski,mazowieckie,1219.0,35558.6,0.034281,powiat przasnyski,52417,52417,52417,49979,49979,5390487,5400077,5421840,5516074,5508133,51441,5447322,0.009724,0.009707,0.009668,0.009061,0.009074,0.009443
159,1423000,1400000,powiat przysuski,mazowieckie,801.0,35558.6,0.022526,powiat przysuski,42453,41652,41652,40050,39249,5390487,5400077,5421840,5516074,5508133,41011,5447322,0.007876,0.007713,0.007682,0.007261,0.007126,0.007529
160,1424000,1400000,powiat pułtuski,mazowieckie,827.0,35558.6,0.023257,powiat pułtuski,52101,52101,52101,50447,50447,5390487,5400077,5421840,5516074,5508133,51439,5447322,0.009665,0.009648,0.009609,0.009145,0.009159,0.009443
161,1425000,1400000,powiat radomski,mazowieckie,1530.0,35558.6,0.043028,powiat radomski,151470,151470,153000,151470,151470,5390487,5400077,5421840,5516074,5508133,151776,5447322,0.0281,0.02805,0.028219,0.02746,0.027499,0.027862
162,1426000,1400000,powiat siedlecki,mazowieckie,1603.0,35558.6,0.045081,powiat siedlecki,81753,81753,81753,80150,80150,5390487,5400077,5421840,5516074,5508133,81111,5447322,0.015166,0.015139,0.015078,0.01453,0.014551,0.01489
163,1427000,1400000,powiat sierpecki,mazowieckie,852.0,35558.6,0.02396,powiat sierpecki,52824,51972,51972,49416,49416,5390487,5400077,5421840,5516074,5508133,51120,5447322,0.009799,0.009624,0.009586,0.008959,0.008971,0.009384
164,1428000,1400000,powiat sochaczewski,mazowieckie,735.0,35558.6,0.02067,powiat sochaczewski,85260,85260,85260,83790,83790,5390487,5400077,5421840,5516074,5508133,84672,5447322,0.015817,0.015789,0.015725,0.01519,0.015212,0.015544
165,1429000,1400000,powiat sokołowski,mazowieckie,1131.0,35558.6,0.031807,powiat sokołowski,54288,54288,54288,52026,50895,5390487,5400077,5421840,5516074,5508133,53157,5447322,0.010071,0.010053,0.010013,0.009432,0.00924,0.009758
166,1430000,1400000,powiat szydłowiecki,mazowieckie,452.0,35558.6,0.012711,powiat szydłowiecki,39776,39776,39776,38420,37968,5390487,5400077,5421840,5516074,5508133,39143,5447322,0.007379,0.007366,0.007336,0.006965,0.006893,0.007186
167,1432000,1400000,powiat warszawski zachodni,mazowieckie,534.0,35558.6,0.015017,powiat warszawski zachodni,115344,116946,118548,129762,131364,5390487,5400077,5421840,5516074,5508133,122392,5447322,0.021398,0.021656,0.021865,0.023524,0.023849,0.022468
168,1433000,1400000,powiat węgrowski,mazowieckie,1221.0,35558.6,0.034338,powiat węgrowski,65934,65934,65934,63492,62271,5390487,5400077,5421840,5516074,5508133,64713,5447322,0.012232,0.01221,0.012161,0.01151,0.011305,0.01188
169,1434000,1400000,powiat wołomiński,mazowieckie,954.0,35558.6,0.026829,powiat wołomiński,242316,245178,248994,268074,270936,5390487,5400077,5421840,5516074,5508133,255099,5447322,0.044953,0.045403,0.045924,0.048599,0.049188,0.04683
170,1435000,1400000,powiat wyszkowski,mazowieckie,876.0,35558.6,0.024635,powiat wyszkowski,73584,74460,74460,73584,73584,5390487,5400077,5421840,5516074,5508133,73934,5447322,0.013651,0.013789,0.013733,0.01334,0.013359,0.013573
171,1436000,1400000,powiat zwoleński,mazowieckie,573.0,35558.6,0.016114,powiat zwoleński,36672,36099,36099,34953,34953,5390487,5400077,5421840,5516074,5508133,35755,5447322,0.006803,0.006685,0.006658,0.006337,0.006346,0.006564
172,1437000,1400000,powiat żuromiński,mazowieckie,807.0,35558.6,0.022695,powiat żuromiński,39543,38736,38736,37122,36315,5390487,5400077,5421840,5516074,5508133,38090,5447322,0.007336,0.007173,0.007144,0.00673,0.006593,0.006992
173,1438000,1400000,powiat żyrardowski,mazowieckie,533.0,35558.6,0.014989,powiat żyrardowski,76219,75686,75686,76219,75686,5390487,5400077,5421840,5516074,5508133,75899,5447322,0.01414,0.014016,0.013959,0.013818,0.013741,0.013933
174,1461000,1400000,powiat Ostrołęka,mazowieckie,32.4,35558.6,0.000911,powiat Ostrołęka,59097,50608,50414,48340,47725,5390487,5400077,5421840,5516074,5508133,51236,5447322,0.010963,0.009372,0.009298,0.008763,0.008664,0.009406
175,1462000,1400000,powiat Płock,mazowieckie,88.0,35558.6,0.002475,powiat Płock,120736,119944,119328,114928,113608,5390487,5400077,5421840,5516074,5508133,117708,5447322,0.022398,0.022212,0.022009,0.020835,0.020626,0.021608
176,1463000,1400000,powiat Radom,mazowieckie,112.0,35558.6,0.00315,powiat Radom,214928,213360,211792,202608,200256,5390487,5400077,5421840,5516074,5508133,208588,5447322,0.039872,0.039511,0.039063,0.03673,0.036356,0.038292
177,1464000,1400000,powiat Siedlce,mazowieckie,32.0,35558.6,0.0009,powiat Siedlce,77984,78208,78528,76800,76352,5390487,5400077,5421840,5516074,5508133,77574,5447322,0.014467,0.014483,0.014484,0.013923,0.013862,0.014241
178,1465000,1400000,powiat Warszawa,mazowieckie,517.0,35558.6,0.014539,powiat Warszawa,1764004,1776929,1789854,1860683,1862234,5390487,5400077,5421840,5516074,5508133,1810740,5447322,0.327244,0.329056,0.330119,0.33732,0.338088,0.332409
179,1601000,1600000,powiat brzeski,opolskie,876.0,9412.0,0.093073,powiat brzeski,90228,90228,90228,87600,87600,992093,986430,983990,955665,950580,89176,973751,0.090947,0.091469,0.091696,0.091664,0.092154,0.09158
180,1602000,1600000,powiat głubczycki,opolskie,673.0,9412.0,0.071504,powiat głubczycki,46437,45764,45764,43745,43745,992093,986430,983990,955665,950580,45091,973751,0.046807,0.046394,0.046509,0.045774,0.046019,0.046306
181,1603000,1600000,powiat kędzierzyńsko-kozielski,opolskie,625.0,9412.0,0.066405,powiat kędzierzyńsko-kozielski,95000,94375,93750,89375,88125,992093,986430,983990,955665,950580,92125,973751,0.095757,0.095673,0.095275,0.093521,0.092707,0.094608
182,1604000,1600000,powiat kluczborski,opolskie,852.0,9412.0,0.090523,powiat kluczborski,66456,65604,65604,63048,62196,992093,986430,983990,955665,950580,64581,973751,0.066986,0.066506,0.066671,0.065973,0.06543,0.066322
183,1605000,1600000,powiat krapkowicki,opolskie,442.0,9412.0,0.046961,powiat krapkowicki,64090,64090,63648,60554,60112,992093,986430,983990,955665,950580,62498,973751,0.064601,0.064972,0.064684,0.063363,0.063237,0.064183
184,1606000,1600000,powiat namysłowski,opolskie,748.0,9412.0,0.079473,powiat namysłowski,42636,42636,42636,42636,42636,992093,986430,983990,955665,950580,42636,973751,0.042976,0.043223,0.04333,0.044614,0.044853,0.043785
185,1607000,1600000,powiat nyski,opolskie,1224.0,9412.0,0.130047,powiat nyski,138312,137088,135864,132192,130968,992093,986430,983990,955665,950580,134884,973751,0.139414,0.138974,0.138075,0.138325,0.137777,0.13852
186,1608000,1600000,powiat oleski,opolskie,973.0,9412.0,0.103379,powiat oleski,65191,64218,64218,62272,62272,992093,986430,983990,955665,950580,63634,973751,0.065711,0.065101,0.065263,0.065161,0.065509,0.065349
187,1609000,1600000,powiat opolski,opolskie,1534.0,9412.0,0.162983,powiat opolski,124254,124254,124254,121186,121186,992093,986430,983990,955665,950580,123026,973751,0.125244,0.125963,0.126276,0.126808,0.127486,0.126342
188,1610000,1600000,powiat prudnicki,opolskie,572.0,9412.0,0.060773,powiat prudnicki,56056,55484,55484,53196,52624,992093,986430,983990,955665,950580,54568,973751,0.056503,0.056247,0.056387,0.055664,0.05536,0.056039
189,1611000,1600000,powiat strzelecki,opolskie,744.0,9412.0,0.079048,powiat strzelecki,75144,74400,74400,72168,72168,992093,986430,983990,955665,950580,73656,973751,0.075743,0.075423,0.075611,0.075516,0.07592,0.075642
190,1661000,1600000,powiat Opole,opolskie,149.0,9412.0,0.015831,powiat Opole,128289,128289,128140,127693,126948,992093,986430,983990,955665,950580,127871,973751,0.129311,0.130054,0.130225,0.133617,0.133548,0.131318
191,1801000,1800000,powiat bieszczadzki,podkarpackie,1139.0,17846.0,0.063824,powiat bieszczadzki,21641,21641,21641,21641,20502,2134053,2133693,2125302,2095198,2080165,21413,2113682,0.010141,0.010143,0.010183,0.010329,0.009856,0.010131
192,1802000,1800000,powiat brzozowski,podkarpackie,539.0,17846.0,0.030203,powiat brzozowski,65758,65758,65758,64141,64141,2134053,2133693,2125302,2095198,2080165,65111,2113682,0.030814,0.030819,0.030941,0.030613,0.030835,0.030805
193,1803000,1800000,powiat dębicki,podkarpackie,777.0,17846.0,0.043539,powiat dębicki,135198,135198,135198,133644,132867,2134053,2133693,2125302,2095198,2080165,134421,2113682,0.063353,0.063363,0.063614,0.063786,0.063873,0.063596
194,1804000,1800000,powiat jarosławski,podkarpackie,1029.0,17846.0,0.05766,powiat jarosławski,121422,120393,120393,118335,117306,2134053,2133693,2125302,2095198,2080165,119569,2113682,0.056897,0.056425,0.056647,0.056479,0.056393,0.056569
195,1805000,1800000,powiat jasielski,podkarpackie,831.0,17846.0,0.046565,powiat jasielski,113847,113847,113847,111354,110523,2134053,2133693,2125302,2095198,2080165,112683,2113682,0.053348,0.053357,0.053567,0.053147,0.053132,0.053311
196,1806000,1800000,powiat kolbuszowski,podkarpackie,774.0,17846.0,0.043371,powiat kolbuszowski,62694,62694,62694,61920,61920,2134053,2133693,2125302,2095198,2080165,62384,2113682,0.029378,0.029383,0.029499,0.029553,0.029767,0.029514
197,1807000,1800000,powiat krośnieński,podkarpackie,992.8,17846.0,0.055632,powiat krośnieński,112186,112186,112186,110200,110200,2134053,2133693,2125302,2095198,2080165,111391,2113682,0.052569,0.052578,0.052786,0.052596,0.052977,0.0527
198,1808000,1800000,powiat leżajski,podkarpackie,584.0,17846.0,0.032724,powiat leżajski,69496,69496,69496,67744,67744,2134053,2133693,2125302,2095198,2080165,68795,2113682,0.032565,0.032571,0.032699,0.032333,0.032567,0.032547
199,1809000,1800000,powiat lubaczowski,podkarpackie,1308.0,17846.0,0.073294,powiat lubaczowski,56244,56244,54936,53628,53628,2134053,2133693,2125302,2095198,2080165,54936,2113682,0.026355,0.02636,0.025849,0.025596,0.025781,0.025991
200,1810000,1800000,powiat łańcucki,podkarpackie,452.0,17846.0,0.025328,powiat łańcucki,80908,80908,80908,80908,80908,2134053,2133693,2125302,2095198,2080165,80908,2113682,0.037913,0.037919,0.038069,0.038616,0.038895,0.038278
201,1811000,1800000,powiat mielecki,podkarpackie,881.0,17846.0,0.049367,powiat mielecki,136555,136555,136555,134793,133912,2134053,2133693,2125302,2095198,2080165,135674,2113682,0.063989,0.063999,0.064252,0.064334,0.064376,0.064188
202,1812000,1800000,powiat niżański,podkarpackie,786.0,17846.0,0.044043,powiat niżański,66810,66810,66810,65238,64452,2134053,2133693,2125302,2095198,2080165,66024,2113682,0.031307,0.031312,0.031436,0.031137,0.030984,0.031236
203,1813000,1800000,powiat przemyski,podkarpackie,1211.0,17846.0,0.067858,powiat przemyski,73871,73871,73871,72660,71449,2134053,2133693,2125302,2095198,2080165,73144,2113682,0.034615,0.034621,0.034758,0.034679,0.034348,0.034605
204,1814000,1800000,powiat przeworski,podkarpackie,698.0,17846.0,0.039112,powiat przeworski,78874,78176,78176,76780,76082,2134053,2133693,2125302,2095198,2080165,77617,2113682,0.03696,0.036639,0.036783,0.036646,0.036575,0.036721
205,1815000,1800000,powiat ropczycko-sędziszowski,podkarpackie,548.0,17846.0,0.030707,powiat ropczycko-sędziszowski,73980,74528,74528,73980,73980,2134053,2133693,2125302,2095198,2080165,74199,2113682,0.034666,0.034929,0.035067,0.035309,0.035564,0.035104
206,1816000,1800000,powiat rzeszowski,podkarpackie,1148.8,17846.0,0.064373,powiat rzeszowski,168873,170022,170022,174617,174617,2134053,2133693,2125302,2095198,2080165,171630,2113682,0.079133,0.079684,0.079999,0.083342,0.083944,0.0812
207,1817000,1800000,powiat sanocki,podkarpackie,1156.0,17846.0,0.064776,powiat sanocki,94792,94792,94792,91324,91324,2134053,2133693,2125302,2095198,2080165,93404,2113682,0.044419,0.044426,0.044602,0.043587,0.043902,0.04419
208,1818000,1800000,powiat stalowowolski,podkarpackie,832.0,17846.0,0.046621,powiat stalowowolski,107328,106496,105664,104000,102336,2134053,2133693,2125302,2095198,2080165,105164,2113682,0.050293,0.049912,0.049717,0.049637,0.049196,0.049754
209,1819000,1800000,powiat strzyżowski,podkarpackie,504.0,17846.0,0.028242,powiat strzyżowski,61992,61488,61488,60480,59976,2134053,2133693,2125302,2095198,2080165,61084,2113682,0.029049,0.028818,0.028931,0.028866,0.028832,0.028899
210,1820000,1800000,powiat tarnobrzeski,podkarpackie,521.0,17846.0,0.029194,powiat tarnobrzeski,53142,53142,53142,52100,51579,2134053,2133693,2125302,2095198,2080165,52621,2113682,0.024902,0.024906,0.025004,0.024866,0.024796,0.024895
211,1821000,1800000,powiat leski,podkarpackie,835.0,17846.0,0.046789,powiat leski,26720,26720,26720,25885,25885,2134053,2133693,2125302,2095198,2080165,26386,2113682,0.012521,0.012523,0.012572,0.012354,0.012444,0.012483
212,1861000,1800000,powiat Krosno,podkarpackie,44.2,17846.0,0.002477,powiat Krosno,47338,47249,47028,45879,44155,2134053,2133693,2125302,2095198,2080165,46329,2113682,0.022182,0.022144,0.022128,0.021897,0.021227,0.021919
213,1862000,1800000,powiat Przemyśl,podkarpackie,46.0,17846.0,0.002578,powiat Przemyśl,61594,61042,60444,58420,57362,2134053,2133693,2125302,2095198,2080165,59772,2113682,0.028862,0.028609,0.02844,0.027883,0.027576,0.028279
214,1863000,1800000,powiat Rzeszów,podkarpackie,124.2,17846.0,0.00696,powiat Rzeszów,195615,197602,192510,190647,189032,2134053,2133693,2125302,2095198,2080165,193081,2113682,0.091664,0.09261,0.09058,0.090992,0.090874,0.091348
215,1864000,1800000,powiat Tarnobrzeg,podkarpackie,85.0,17846.0,0.004763,powiat Tarnobrzeg,47175,46835,46495,44880,44285,2134053,2133693,2125302,2095198,2080165,45934,2113682,0.022106,0.02195,0.021877,0.02142,0.021289,0.021732
216,2001000,2000000,powiat augustowski,podlaskie,1659.0,20187.0,0.082182,powiat augustowski,58065,58065,58065,56406,54747,1184892,1183403,1175108,1159910,1150868,57069,1170836,0.049004,0.049066,0.049412,0.04863,0.04757,0.048742
217,2002000,2000000,powiat białostocki,podlaskie,2975.0,20187.0,0.147372,powiat białostocki,145775,148750,148750,154700,154700,1184892,1183403,1175108,1159910,1150868,150535,1170836,0.123028,0.125697,0.126584,0.133372,0.13442,0.128571
218,2003000,2000000,powiat bielski,podlaskie,1385.0,20187.0,0.068609,powiat bielski,55400,55400,54015,52630,51245,1184892,1183403,1175108,1159910,1150868,53738,1170836,0.046755,0.046814,0.045966,0.045374,0.044527,0.045897
219,2004000,2000000,powiat grajewski,podlaskie,968.0,20187.0,0.047952,powiat grajewski,47432,47432,47432,45496,45496,1184892,1183403,1175108,1159910,1150868,46657,1170836,0.040031,0.040081,0.040364,0.039224,0.039532,0.039849
220,2005000,2000000,powiat hajnowski,podlaskie,1624.0,20187.0,0.080448,powiat hajnowski,43848,43848,42224,40600,40600,1184892,1183403,1175108,1159910,1150868,42224,1170836,0.037006,0.037052,0.035932,0.035003,0.035278,0.036063
221,2006000,2000000,powiat kolneński,podlaskie,940.0,20187.0,0.046565,powiat kolneński,38540,38540,37600,36660,35720,1184892,1183403,1175108,1159910,1150868,37412,1170836,0.032526,0.032567,0.031997,0.031606,0.031037,0.031953
222,2007000,2000000,powiat łomżyński,podlaskie,1355.0,20187.0,0.067122,powiat łomżyński,51490,51490,51490,50135,50135,1184892,1183403,1175108,1159910,1150868,50948,1170836,0.043455,0.04351,0.043817,0.043223,0.043563,0.043514
223,2008000,2000000,powiat moniecki,podlaskie,1382.0,20187.0,0.06846,powiat moniecki,41460,40078,40078,38696,38696,1184892,1183403,1175108,1159910,1150868,39801,1170836,0.034991,0.033867,0.034106,0.033361,0.033623,0.033994
224,2009000,2000000,powiat sejneński,podlaskie,855.0,20187.0,0.042354,powiat sejneński,20520,19665,19665,19665,18810,1184892,1183403,1175108,1159910,1150868,19665,1170836,0.017318,0.016617,0.016735,0.016954,0.016344,0.016796
225,2010000,2000000,powiat siemiatycki,podlaskie,1459.0,20187.0,0.072274,powiat siemiatycki,45229,45229,43770,42311,42311,1184892,1183403,1175108,1159910,1150868,43770,1170836,0.038171,0.038219,0.037248,0.036478,0.036764,0.037384
226,2011000,2000000,powiat sokólski,podlaskie,2055.0,20187.0,0.101798,powiat sokólski,67815,67815,65760,63705,63705,1184892,1183403,1175108,1159910,1150868,65760,1170836,0.057233,0.057305,0.055961,0.054922,0.055354,0.056165
227,2012000,2000000,powiat suwalski,podlaskie,1307.0,20187.0,0.064745,powiat suwalski,36596,35289,35289,35289,35289,1184892,1183403,1175108,1159910,1150868,35550,1170836,0.030886,0.02982,0.03003,0.030424,0.030663,0.030363
228,2013000,2000000,powiat wysokomazowiecki,podlaskie,1289.0,20187.0,0.063853,powiat wysokomazowiecki,58005,56716,56716,55427,54138,1184892,1183403,1175108,1159910,1150868,56200,1170836,0.048954,0.047926,0.048264,0.047786,0.047041,0.048
229,2014000,2000000,powiat zambrowski,podlaskie,733.0,20187.0,0.03631,powiat zambrowski,43980,43980,43247,42514,41781,1184892,1183403,1175108,1159910,1150868,43100,1170836,0.037117,0.037164,0.036803,0.036653,0.036304,0.036811
230,2061000,2000000,powiat Białystok,podlaskie,102.0,20187.0,0.005053,powiat Białystok,296922,297126,297126,294270,293046,1184892,1183403,1175108,1159910,1150868,295698,1170836,0.25059,0.251078,0.25285,0.253701,0.25463,0.252553
231,2062000,2000000,powiat Łomża,podlaskie,33.0,20187.0,0.001635,powiat Łomża,63723,63624,63591,61644,61083,1184892,1183403,1175108,1159910,1150868,62733,1170836,0.05378,0.053764,0.054115,0.053146,0.053076,0.05358
232,2063000,2000000,powiat Suwałki,podlaskie,66.0,20187.0,0.003269,powiat Suwałki,70092,70356,70290,69762,69366,1184892,1183403,1175108,1159910,1150868,69973,1170836,0.059155,0.059452,0.059816,0.060144,0.060273,0.059763
233,2201000,2200000,powiat bytowski,pomorskie,2192.0,18320.0,0.119651,powiat bytowski,78912,78912,78912,76720,76720,2322599,2332893,2342010,2359460,2358476,78035,2343087,0.033976,0.033826,0.033694,0.032516,0.032529,0.033304
234,2202000,2200000,powiat chojnicki,pomorskie,1364.0,18320.0,0.074454,powiat chojnicki,96844,98208,98208,96844,96844,2322599,2332893,2342010,2359460,2358476,97389,2343087,0.041696,0.042097,0.041933,0.041045,0.041062,0.041564
235,2203000,2200000,powiat człuchowski,pomorskie,1575.0,18320.0,0.085972,powiat człuchowski,56700,56700,56700,55125,53550,2322599,2332893,2342010,2359460,2358476,55755,2343087,0.024412,0.024305,0.02421,0.023363,0.022705,0.023796
236,2204000,2200000,powiat gdański,pomorskie,794.0,18320.0,0.043341,powiat gdański,114336,115924,118306,126246,128628,2322599,2332893,2342010,2359460,2358476,120688,2343087,0.049228,0.049691,0.050515,0.053506,0.054539,0.051508
237,2205000,2200000,powiat kartuski,pomorskie,1121.0,18320.0,0.06119,powiat kartuski,133399,136762,139004,147972,150214,2322599,2332893,2342010,2359460,2358476,141470,2343087,0.057435,0.058623,0.059352,0.062714,0.063691,0.060378
238,2206000,2200000,powiat kościerski,pomorskie,1166.0,18320.0,0.063646,powiat kościerski,72292,72292,72292,72292,72292,2322599,2332893,2342010,2359460,2358476,72292,2343087,0.031125,0.030988,0.030868,0.030639,0.030652,0.030853
239,2207000,2200000,powiat kwidzyński,pomorskie,835.0,18320.0,0.045579,powiat kwidzyński,83500,83500,83500,81830,80995,2322599,2332893,2342010,2359460,2358476,82665,2343087,0.035951,0.035792,0.035653,0.034682,0.034342,0.03528
240,2208000,2200000,powiat lęborski,pomorskie,707.2,18320.0,0.038603,powiat lęborski,66476,66476,65769,64355,64355,2322599,2332893,2342010,2359460,2358476,65486,2343087,0.028621,0.028495,0.028082,0.027275,0.027287,0.027949
241,2209000,2200000,powiat malborski,pomorskie,494.0,18320.0,0.026965,powiat malborski,63726,63726,63232,61750,61256,2322599,2332893,2342010,2359460,2358476,62738,2343087,0.027437,0.027316,0.026999,0.026171,0.025973,0.026776
242,2210000,2200000,powiat nowodworski,pomorskie,673.6,18320.0,0.036769,powiat nowodworski,35700,35700,35700,34353,34353,2322599,2332893,2342010,2359460,2358476,35161,2343087,0.015371,0.015303,0.015243,0.01456,0.014566,0.015006
243,2211000,2200000,powiat pucki,pomorskie,579.2,18320.0,0.031616,powiat pucki,85721,85721,86300,89196,89776,2322599,2332893,2342010,2359460,2358476,87342,2343087,0.036907,0.036745,0.036849,0.037804,0.038065,0.037276
244,2212000,2200000,powiat słupski,pomorskie,2304.0,18320.0,0.125764,powiat słupski,99072,99072,99072,96768,96768,2322599,2332893,2342010,2359460,2358476,98150,2343087,0.042656,0.042467,0.042302,0.041013,0.04103,0.041889
245,2213000,2200000,powiat starogardzki,pomorskie,1345.0,18320.0,0.073417,powiat starogardzki,127775,127775,127775,126430,125085,2322599,2332893,2342010,2359460,2358476,126968,2343087,0.055014,0.054771,0.054558,0.053584,0.053036,0.054188
246,2214000,2200000,powiat tczewski,pomorskie,697.0,18320.0,0.038046,powiat tczewski,115702,115702,115702,112914,112217,2322599,2332893,2342010,2359460,2358476,114447,2343087,0.049816,0.049596,0.049403,0.047856,0.04758,0.048845
247,2215000,2200000,powiat wejherowski,pomorskie,1285.0,18320.0,0.070142,powiat wejherowski,213310,215880,217165,224875,226160,2322599,2332893,2342010,2359460,2358476,219478,2343087,0.091841,0.092537,0.092726,0.095308,0.095892,0.09367
248,2216000,2200000,powiat sztumski,pomorskie,731.0,18320.0,0.039902,powiat sztumski,41667,41667,41667,39474,39474,2322599,2332893,2342010,2359460,2358476,40789,2343087,0.01794,0.017861,0.017791,0.01673,0.016737,0.017408
249,2261000,2200000,powiat Gdańsk,pomorskie,262.0,18320.0,0.014301,powiat Gdańsk,464264,466622,471076,486534,486272,2322599,2332893,2342010,2359460,2358476,474953,2343087,0.19989,0.200019,0.201142,0.206206,0.206181,0.202704
250,2262000,2200000,powiat Gdynia,pomorskie,135.0,18320.0,0.007369,powiat Gdynia,246105,246105,246105,245430,244485,2322599,2332893,2342010,2359460,2358476,245646,2343087,0.105961,0.105493,0.105083,0.10402,0.103662,0.104839
251,2263000,2200000,powiat Słupsk,pomorskie,43.0,18320.0,0.002347,powiat Słupsk,91160,90687,90386,87763,86817,2322599,2332893,2342010,2359460,2358476,89362,2343087,0.039249,0.038873,0.038593,0.037196,0.036811,0.038139
252,2264000,2200000,powiat Sopot,pomorskie,17.0,18320.0,0.000928,powiat Sopot,35938,35462,35139,32589,32215,2322599,2332893,2342010,2359460,2358476,34268,2343087,0.015473,0.015201,0.015004,0.013812,0.013659,0.014625
253,2401000,2400000,powiat będziński,śląskie,364.0,12333.0,0.029514,powiat będziński,149240,148876,148148,147420,146328,4546094,4532204,4515138,4410837,4372822,148002,4475419,0.032828,0.032848,0.032811,0.033422,0.033463,0.03307
254,2402000,2400000,powiat bielski,śląskie,459.0,12333.0,0.037217,powiat bielski,164322,165240,166158,165699,165699,4546094,4532204,4515138,4410837,4372822,165423,4475419,0.036146,0.036459,0.0368,0.037566,0.037893,0.036963
255,2403000,2400000,powiat cieszyński,śląskie,730.0,12333.0,0.059191,powiat cieszyński,178120,178120,178120,176660,175930,4546094,4532204,4515138,4410837,4372822,177390,4475419,0.039181,0.039301,0.03945,0.040051,0.040233,0.039637
256,2404000,2400000,powiat częstochowski,śląskie,1521.0,12333.0,0.123328,powiat częstochowski,135369,135369,133848,133848,132327,4546094,4532204,4515138,4410837,4372822,134152,4475419,0.029777,0.029868,0.029644,0.030345,0.030261,0.029975
257,2405000,2400000,powiat gliwicki,śląskie,664.0,12333.0,0.053839,powiat gliwicki,115536,115536,115536,113544,113544,4546094,4532204,4515138,4410837,4372822,114739,4475419,0.025414,0.025492,0.025589,0.025742,0.025966,0.025638
258,2406000,2400000,powiat kłobucki,śląskie,889.0,12333.0,0.072083,powiat kłobucki,85344,85344,84455,83566,82677,4546094,4532204,4515138,4410837,4372822,84277,4475419,0.018773,0.018831,0.018705,0.018946,0.018907,0.018831
259,2407000,2400000,powiat lubliniecki,śląskie,822.0,12333.0,0.06665,powiat lubliniecki,76446,76446,76446,75624,75624,4546094,4532204,4515138,4410837,4372822,76117,4475419,0.016816,0.016867,0.016931,0.017145,0.017294,0.017008
260,2408000,2400000,powiat mikołowski,śląskie,233.0,12333.0,0.018892,powiat mikołowski,97627,98326,99025,99258,99491,4546094,4532204,4515138,4410837,4372822,98745,4475419,0.021475,0.021695,0.021932,0.022503,0.022752,0.022064
261,2409000,2400000,powiat myszkowski,śląskie,479.0,12333.0,0.038839,powiat myszkowski,71371,70892,70892,69455,68497,4546094,4532204,4515138,4410837,4372822,70221,4475419,0.015699,0.015642,0.015701,0.015746,0.015664,0.01569
262,2410000,2400000,powiat pszczyński,śląskie,471.0,12333.0,0.03819,powiat pszczyński,110685,111156,111627,110685,110685,4546094,4532204,4515138,4410837,4372822,110967,4475419,0.024347,0.024526,0.024723,0.025094,0.025312,0.024795
263,2411000,2400000,powiat raciborski,śląskie,544.0,12333.0,0.044109,powiat raciborski,108800,108800,108256,101728,100640,4546094,4532204,4515138,4410837,4372822,105644,4475419,0.023933,0.024006,0.023976,0.023063,0.023015,0.023605
264,2412000,2400000,powiat rybnicki,śląskie,224.0,12333.0,0.018163,powiat rybnicki,78176,78176,78400,77056,76832,4546094,4532204,4515138,4410837,4372822,77728,4475419,0.017196,0.017249,0.017364,0.01747,0.01757,0.017368
265,2413000,2400000,powiat tarnogórski,śląskie,644.0,12333.0,0.052218,powiat tarnogórski,139104,139748,140392,139104,139104,4546094,4532204,4515138,4410837,4372822,139490,4475419,0.030599,0.030834,0.031094,0.031537,0.031811,0.031168
266,2414000,2400000,powiat bieruńsko-lędziński,śląskie,158.0,12333.0,0.012811,powiat bieruńsko-lędziński,59566,59724,59724,59250,59408,4546094,4532204,4515138,4410837,4372822,59534,4475419,0.013103,0.013178,0.013228,0.013433,0.013586,0.013302
267,2415000,2400000,powiat wodzisławski,śląskie,287.0,12333.0,0.023271,powiat wodzisławski,157850,157850,157276,152971,152110,4546094,4532204,4515138,4410837,4372822,155611,4475419,0.034722,0.034829,0.034833,0.034681,0.034785,0.03477
268,2416000,2400000,powiat zawierciański,śląskie,1003.0,12333.0,0.081327,powiat zawierciański,119357,118354,117351,115345,113339,4546094,4532204,4515138,4410837,4372822,116749,4475419,0.026255,0.026114,0.025991,0.02615,0.025919,0.026087
269,2417000,2400000,powiat żywiecki,śląskie,1040.0,12333.0,0.084327,powiat żywiecki,152880,152880,152880,150800,149760,4546094,4532204,4515138,4410837,4372822,151840,4475419,0.033629,0.033732,0.033859,0.034189,0.034248,0.033928
270,2461000,2400000,powiat Bielsko-Biała,śląskie,125.0,12333.0,0.010135,powiat Bielsko-Biała,172125,171875,171375,170250,168750,4546094,4532204,4515138,4410837,4372822,170875,4475419,0.037862,0.037923,0.037956,0.038598,0.038591,0.038181
271,2462000,2400000,powiat Bytom,śląskie,69.0,12333.0,0.005595,powiat Bytom,167325,165738,164220,152835,150696,4546094,4532204,4515138,4410837,4372822,160162,4475419,0.036806,0.036569,0.036371,0.03465,0.034462,0.035787
272,2463000,2400000,powiat Chorzów,śląskie,33.0,12333.0,0.002676,powiat Chorzów,108240,107646,107019,103686,102498,4546094,4532204,4515138,4410837,4372822,105817,4475419,0.023809,0.023751,0.023702,0.023507,0.02344,0.023644
273,2464000,2400000,powiat Częstochowa,śląskie,160.0,12333.0,0.012973,powiat Częstochowa,224800,222720,220800,214400,211200,4546094,4532204,4515138,4410837,4372822,218784,4475419,0.049449,0.049142,0.048902,0.048608,0.048298,0.048886
274,2465000,2400000,powiat Dąbrowa Górnicza,śląskie,189.0,12333.0,0.015325,powiat Dąbrowa Górnicza,121338,120393,119637,117369,116046,4546094,4532204,4515138,4410837,4372822,118956,4475419,0.026691,0.026564,0.026497,0.026609,0.026538,0.02658
275,2466000,2400000,powiat Gliwice,śląskie,134.0,12333.0,0.010865,powiat Gliwice,181436,179962,178756,174736,172726,4546094,4532204,4515138,4410837,4372822,177523,4475419,0.03991,0.039707,0.03959,0.039615,0.0395,0.039666
276,2467000,2400000,powiat Jastrzębie-Zdrój,śląskie,85.0,12333.0,0.006892,powiat Jastrzębie-Zdrój,89250,88825,88400,85085,83640,4546094,4532204,4515138,4410837,4372822,87040,4475419,0.019632,0.019599,0.019579,0.01929,0.019127,0.019448
277,2468000,2400000,powiat Jaworzno,śląskie,153.0,12333.0,0.012406,powiat Jaworzno,92412,91800,91341,89505,88434,4546094,4532204,4515138,4410837,4372822,90698,4475419,0.020328,0.020255,0.02023,0.020292,0.020224,0.020266
278,2469000,2400000,powiat Katowice,śląskie,165.0,12333.0,0.013379,powiat Katowice,296835,295185,293370,286935,283305,4546094,4532204,4515138,4410837,4372822,291126,4475419,0.065295,0.065131,0.064975,0.065052,0.064788,0.06505
279,2470000,2400000,powiat Mysłowice,śląskie,66.0,12333.0,0.005351,powiat Mysłowice,75108,75042,75042,72996,72534,4546094,4532204,4515138,4410837,4372822,74144,4475419,0.016521,0.016558,0.01662,0.016549,0.016587,0.016567
280,2471000,2400000,powiat Piekary Śląskie,śląskie,40.0,12333.0,0.003243,powiat Piekary Śląskie,55680,55320,55040,53200,52720,4546094,4532204,4515138,4410837,4372822,54392,4475419,0.012248,0.012206,0.01219,0.012061,0.012056,0.012153
281,2472000,2400000,powiat Ruda Śląska,śląskie,78.0,12333.0,0.006324,powiat Ruda Śląska,139074,138450,137826,134628,133224,4546094,4532204,4515138,4410837,4372822,136640,4475419,0.030592,0.030548,0.030525,0.030522,0.030466,0.030531
282,2473000,2400000,powiat Rybnik,śląskie,148.0,12333.0,0.012,powiat Rybnik,138824,138380,137788,133792,132608,4546094,4532204,4515138,4410837,4372822,136278,4475419,0.030537,0.030533,0.030517,0.030333,0.030325,0.03045
283,2474000,2400000,powiat Siemianowice Śląskie,śląskie,25.0,12333.0,0.002027,powiat Siemianowice Śląskie,66200,65825,65525,63650,63100,4546094,4532204,4515138,4410837,4372822,64860,4475419,0.014562,0.014524,0.014512,0.01443,0.01443,0.014492
284,2475000,2400000,powiat Sosnowiec,śląskie,91.0,12333.0,0.007379,powiat Sosnowiec,203840,201929,199836,194285,191555,4546094,4532204,4515138,4410837,4372822,198289,4475419,0.044838,0.044554,0.044259,0.044047,0.043806,0.044306
285,2476000,2400000,powiat Świętochłowice,śląskie,13.0,12333.0,0.001054,powiat Świętochłowice,49205,48841,48399,45565,45032,4546094,4532204,4515138,4410837,4372822,47408,4475419,0.010824,0.010776,0.010719,0.01033,0.010298,0.010593
286,2477000,2400000,powiat Tychy,śląskie,82.0,12333.0,0.006649,powiat Tychy,128494,128166,127920,125542,124394,4546094,4532204,4515138,4410837,4372822,126903,4475419,0.028265,0.028279,0.028331,0.028462,0.028447,0.028356
287,2478000,2400000,powiat Zabrze,śląskie,80.0,12333.0,0.006487,powiat Zabrze,173520,172480,171520,158160,156160,4546094,4532204,4515138,4410837,4372822,166368,4475419,0.038169,0.038057,0.037988,0.035857,0.035711,0.037174
288,2479000,2400000,powiat Żory,śląskie,65.0,12333.0,0.00527,powiat Żory,62595,62790,62790,62205,62205,4546094,4532204,4515138,4410837,4372822,62517,4475419,0.013769,0.013854,0.013907,0.014103,0.014225,0.013969
289,2601000,2600000,powiat buski,świętokrzyskie,968.0,11710.4,0.082662,powiat buski,72600,71632,71632,69696,68728,1248529,1242176,1235500,1198628,1187022,70857,1222371,0.058148,0.057667,0.057978,0.058146,0.0579,0.057967
290,2602000,2600000,powiat jędrzejowski,świętokrzyskie,1257.0,11710.4,0.10734,powiat jędrzejowski,86733,85476,85476,82962,82962,1248529,1242176,1235500,1198628,1187022,84721,1222371,0.069468,0.068812,0.069183,0.069214,0.069891,0.069309
291,2603000,2600000,powiat kazimierski,świętokrzyskie,422.0,11710.4,0.036036,powiat kazimierski,34182,33760,33760,32494,32072,1248529,1242176,1235500,1198628,1187022,33253,1222371,0.027378,0.027178,0.027325,0.027109,0.027019,0.027204
292,2604000,2600000,powiat kielecki,świętokrzyskie,2246.0,11710.4,0.191795,powiat kielecki,211124,211124,211124,211124,211124,1248529,1242176,1235500,1198628,1187022,211124,1222371,0.169098,0.169963,0.170881,0.176138,0.17786,0.172717
293,2605000,2600000,powiat konecki,świętokrzyskie,1139.4,11710.4,0.097298,powiat konecki,80897,80897,79758,76339,75200,1248529,1242176,1235500,1198628,1187022,78618,1222371,0.064794,0.065125,0.064555,0.063689,0.063352,0.064316
294,2606000,2600000,powiat opatowski,świętokrzyskie,911.0,11710.4,0.077794,powiat opatowski,52838,52838,51927,50105,49194,1248529,1242176,1235500,1198628,1187022,51380,1222371,0.04232,0.042537,0.042029,0.041802,0.041443,0.042033
295,2607000,2600000,powiat ostrowiecki,świętokrzyskie,617.0,11710.4,0.052688,powiat ostrowiecki,111060,110443,109209,104273,102422,1248529,1242176,1235500,1198628,1187022,107481,1222371,0.088953,0.088911,0.088393,0.086994,0.086285,0.087928
296,2608000,2600000,powiat pińczowski,świętokrzyskie,613.0,11710.4,0.052347,powiat pińczowski,39232,39232,39232,38006,37393,1248529,1242176,1235500,1198628,1187022,38619,1222371,0.031423,0.031583,0.031754,0.031708,0.031502,0.031594
297,2609000,2600000,powiat sandomierski,świętokrzyskie,676.0,11710.4,0.057726,powiat sandomierski,78416,77740,77064,74360,73684,1248529,1242176,1235500,1198628,1187022,76252,1222371,0.062807,0.062584,0.062375,0.062038,0.062075,0.06238
298,2610000,2600000,powiat skarżyski,świętokrzyskie,395.0,11710.4,0.033731,powiat skarżyski,75445,74655,73865,71100,69915,1248529,1242176,1235500,1198628,1187022,72996,1222371,0.060427,0.0601,0.059786,0.059318,0.058899,0.059717
299,2611000,2600000,powiat starachowicki,świętokrzyskie,523.0,11710.4,0.044661,powiat starachowicki,91002,90479,89433,86295,85249,1248529,1242176,1235500,1198628,1187022,88491,1222371,0.072887,0.072839,0.072386,0.071995,0.071818,0.072393
300,2612000,2600000,powiat staszowski,świętokrzyskie,925.0,11710.4,0.07899,powiat staszowski,72150,72150,72150,70300,69375,1248529,1242176,1235500,1198628,1187022,71225,1222371,0.057788,0.058084,0.058397,0.05865,0.058445,0.058268
301,2613000,2600000,powiat włoszczowski,świętokrzyskie,908.0,11710.4,0.077538,powiat włoszczowski,45400,45400,45400,43584,43584,1248529,1242176,1235500,1198628,1187022,44673,1222371,0.036363,0.036549,0.036746,0.036362,0.036717,0.036546
302,2661000,2600000,powiat Kielce,świętokrzyskie,110.0,11710.4,0.009393,powiat Kielce,197450,196350,195470,187990,186120,1248529,1242176,1235500,1198628,1187022,192676,1222371,0.158146,0.158069,0.158211,0.156838,0.156796,0.157625
303,2801000,2800000,powiat bartoszycki,warmińsko-mazurskie,1307.0,24173.0,0.054069,powiat bartoszycki,58815,57508,57508,54894,53587,1434372,1426064,1424166,1385166,1373092,56462,1408572,0.041004,0.040326,0.04038,0.03963,0.039027,0.040085
304,2802000,2800000,powiat braniewski,warmińsko-mazurskie,1202.0,24173.0,0.049725,powiat braniewski,42070,40868,40868,38464,38464,1434372,1426064,1424166,1385166,1373092,40146,1408572,0.02933,0.028658,0.028696,0.027769,0.028013,0.028501
305,2803000,2800000,powiat działdowski,warmińsko-mazurskie,954.0,24173.0,0.039466,powiat działdowski,65826,65826,64872,62964,62010,1434372,1426064,1424166,1385166,1373092,64299,1408572,0.045892,0.046159,0.045551,0.045456,0.045161,0.045648
306,2804000,2800000,powiat elbląski,warmińsko-mazurskie,1416.0,24173.0,0.058578,powiat elbląski,58056,58056,56640,55224,55224,1434372,1426064,1424166,1385166,1373092,56640,1408572,0.040475,0.040711,0.039771,0.039868,0.040219,0.040211
307,2805000,2800000,powiat ełcki,warmińsko-mazurskie,1113.0,24173.0,0.046043,powiat ełcki,91266,91266,91266,89040,89040,1434372,1426064,1424166,1385166,1373092,90375,1408572,0.063628,0.063999,0.064084,0.064281,0.064846,0.064161
308,2806000,2800000,powiat giżycki,warmińsko-mazurskie,1120.0,24173.0,0.046333,powiat giżycki,57120,57120,57120,54880,54880,1434372,1426064,1424166,1385166,1373092,56224,1408572,0.039822,0.040054,0.040108,0.03962,0.039968,0.039916
309,2807000,2800000,powiat iławski,warmińsko-mazurskie,1385.0,24173.0,0.057295,powiat iławski,92795,92795,92795,91410,90025,1434372,1426064,1424166,1385166,1373092,91964,1408572,0.064694,0.065071,0.065157,0.065992,0.065564,0.065289
310,2808000,2800000,powiat kętrzyński,warmińsko-mazurskie,1213.0,24173.0,0.05018,powiat kętrzyński,63076,63076,61863,59437,58224,1434372,1426064,1424166,1385166,1373092,61135,1408572,0.043975,0.044231,0.043438,0.04291,0.042404,0.043402
311,2809000,2800000,powiat lidzbarski,warmińsko-mazurskie,925.0,24173.0,0.038266,powiat lidzbarski,41625,41625,41625,39775,38850,1434372,1426064,1424166,1385166,1373092,40700,1408572,0.02902,0.029189,0.029228,0.028715,0.028294,0.028895
312,2810000,2800000,powiat mrągowski,warmińsko-mazurskie,1065.0,24173.0,0.044057,powiat mrągowski,50055,50055,50055,48990,47925,1434372,1426064,1424166,1385166,1373092,49416,1408572,0.034897,0.0351,0.035147,0.035368,0.034903,0.035082
313,2811000,2800000,powiat nidzicki,warmińsko-mazurskie,961.0,24173.0,0.039755,powiat nidzicki,33635,32674,32674,31713,30752,1434372,1426064,1424166,1385166,1373092,32289,1408572,0.023449,0.022912,0.022943,0.022895,0.022396,0.022923
314,2812000,2800000,powiat nowomiejski,warmińsko-mazurskie,694.0,24173.0,0.02871,powiat nowomiejski,44416,43722,43722,43028,42334,1434372,1426064,1424166,1385166,1373092,43444,1408572,0.030965,0.030659,0.0307,0.031063,0.030831,0.030843
315,2813000,2800000,powiat olecki,warmińsko-mazurskie,874.0,24173.0,0.036156,powiat olecki,34960,34086,34086,33212,32338,1434372,1426064,1424166,1385166,1373092,33736,1408572,0.024373,0.023902,0.023934,0.023977,0.023551,0.02395
316,2814000,2800000,powiat olsztyński,warmińsko-mazurskie,2837.0,24173.0,0.117362,powiat olsztyński,124828,124828,127665,127665,127665,1434372,1426064,1424166,1385166,1373092,126530,1408572,0.087026,0.087533,0.089642,0.092166,0.092976,0.089829
317,2815000,2800000,powiat ostródzki,warmińsko-mazurskie,1766.0,24173.0,0.073057,powiat ostródzki,105960,104194,104194,100662,100662,1434372,1426064,1424166,1385166,1373092,103134,1408572,0.073872,0.073064,0.073161,0.072671,0.07331,0.073219
318,2816000,2800000,powiat piski,warmińsko-mazurskie,1775.0,24173.0,0.073429,powiat piski,56800,56800,56800,53250,53250,1434372,1426064,1424166,1385166,1373092,55380,1408572,0.039599,0.03983,0.039883,0.038443,0.038781,0.039316
319,2817000,2800000,powiat szczycieński,warmińsko-mazurskie,1933.0,24173.0,0.079965,powiat szczycieński,69588,69588,69588,67655,67655,1434372,1426064,1424166,1385166,1373092,68814,1408572,0.048515,0.048797,0.048862,0.048843,0.049272,0.048854
320,2818000,2800000,powiat gołdapski,warmińsko-mazurskie,772.0,24173.0,0.031936,powiat gołdapski,27020,27020,27020,25476,25476,1434372,1426064,1424166,1385166,1373092,26402,1408572,0.018838,0.018947,0.018973,0.018392,0.018554,0.018744
321,2819000,2800000,powiat węgorzewski,warmińsko-mazurskie,693.0,24173.0,0.028668,powiat węgorzewski,22869,22869,22869,21483,21483,1434372,1426064,1424166,1385166,1373092,22314,1408572,0.015944,0.016036,0.016058,0.015509,0.015646,0.015842
322,2861000,2800000,powiat Elbląg,warmińsko-mazurskie,80.0,24173.0,0.003309,powiat Elbląg,121200,120400,119600,115840,114640,1434372,1426064,1424166,1385166,1373092,118336,1408572,0.084497,0.084428,0.083979,0.083629,0.08349,0.084011
323,2862000,2800000,powiat Olsztyn,warmińsko-mazurskie,88.0,24173.0,0.00364,powiat Olsztyn,172392,171688,171336,170104,168608,1434372,1426064,1424166,1385166,1373092,170825,1408572,0.120186,0.120393,0.120306,0.122804,0.122794,0.121275
324,3001000,3000000,powiat chodzieski,wielkopolskie,685.0,29826.0,0.022967,powiat chodzieski,47265,47265,47265,45895,45895,3488885,3492166,3498857,3505617,3500898,46717,3497284,0.013547,0.013535,0.013509,0.013092,0.013109,0.013358
325,3002000,3000000,powiat czarnkowsko-trzcianecki,wielkopolskie,1806.0,29826.0,0.060551,powiat czarnkowsko-trzcianecki,86688,86688,86688,84882,84882,3488885,3492166,3498857,3505617,3500898,85965,3497284,0.024847,0.024824,0.024776,0.024213,0.024246,0.024581
326,3003000,3000000,powiat gnieźnieński,wielkopolskie,1255.0,29826.0,0.042077,powiat gnieźnieński,145580,145580,145580,143070,141815,3488885,3492166,3498857,3505617,3500898,144325,3497284,0.041727,0.041688,0.041608,0.040812,0.040508,0.041268
327,3004000,3000000,powiat gostyński,wielkopolskie,810.0,29826.0,0.027158,powiat gostyński,76140,76140,76140,74520,74520,3488885,3492166,3498857,3505617,3500898,75492,3497284,0.021824,0.021803,0.021761,0.021257,0.021286,0.021586
328,3005000,3000000,powiat grodziski,wielkopolskie,642.0,29826.0,0.021525,powiat grodziski,52002,52002,52002,52002,51360,3488885,3492166,3498857,3505617,3500898,51873,3497284,0.014905,0.014891,0.014863,0.014834,0.014671,0.014832
329,3006000,3000000,powiat jarociński,wielkopolskie,587.0,29826.0,0.019681,powiat jarociński,71614,71614,71614,70440,70440,3488885,3492166,3498857,3505617,3500898,71144,3497284,0.020526,0.020507,0.020468,0.020093,0.020121,0.020343
330,3007000,3000000,powiat kaliski,wielkopolskie,1160.0,29826.0,0.038892,powiat kaliski,83520,83520,83520,82360,82360,3488885,3492166,3498857,3505617,3500898,83056,3497284,0.023939,0.023916,0.023871,0.023494,0.023525,0.023749
331,3008000,3000000,powiat kępiński,wielkopolskie,608.0,29826.0,0.020385,powiat kępiński,56544,56544,56544,56544,56544,3488885,3492166,3498857,3505617,3500898,56544,3497284,0.016207,0.016192,0.016161,0.01613,0.016151,0.016168
332,3009000,3000000,powiat kolski,wielkopolskie,1011.0,29826.0,0.033897,powiat kolski,87957,86946,86946,83913,82902,3488885,3492166,3498857,3505617,3500898,85732,3497284,0.025211,0.024897,0.02485,0.023937,0.02368,0.024514
333,3010000,3000000,powiat koniński,wielkopolskie,1578.0,29826.0,0.052907,powiat koniński,129396,129396,129396,129396,129396,3488885,3492166,3498857,3505617,3500898,129396,3497284,0.037088,0.037053,0.036982,0.036911,0.036961,0.036999
334,3011000,3000000,powiat kościański,wielkopolskie,722.0,29826.0,0.024207,powiat kościański,79420,79420,79420,77976,77976,3488885,3492166,3498857,3505617,3500898,78842,3497284,0.022764,0.022742,0.022699,0.022243,0.022273,0.022544
335,3012000,3000000,powiat krotoszyński,wielkopolskie,714.0,29826.0,0.023939,powiat krotoszyński,77826,77826,77112,76398,75684,3488885,3492166,3498857,3505617,3500898,76969,3497284,0.022307,0.022286,0.022039,0.021793,0.021618,0.022008
336,3013000,3000000,powiat leszczyński,wielkopolskie,806.0,29826.0,0.027023,powiat leszczyński,55614,56420,57226,58032,58838,3488885,3492166,3498857,3505617,3500898,57226,3497284,0.01594,0.016156,0.016356,0.016554,0.016807,0.016363
337,3014000,3000000,powiat międzychodzki,wielkopolskie,736.0,29826.0,0.024676,powiat międzychodzki,36800,36800,36800,36064,36064,3488885,3492166,3498857,3505617,3500898,36505,3497284,0.010548,0.010538,0.010518,0.010287,0.010301,0.010438
338,3015000,3000000,powiat nowotomyski,wielkopolskie,1014.0,29826.0,0.033997,powiat nowotomyski,75036,75036,76050,75036,75036,3488885,3492166,3498857,3505617,3500898,75238,3497284,0.021507,0.021487,0.021736,0.021405,0.021433,0.021513
339,3016000,3000000,powiat obornicki,wielkopolskie,711.0,29826.0,0.023838,powiat obornicki,59724,59724,59724,59013,59013,3488885,3492166,3498857,3505617,3500898,59439,3497284,0.017118,0.017102,0.01707,0.016834,0.016857,0.016996
340,3017000,3000000,powiat ostrowski,wielkopolskie,1160.0,29826.0,0.038892,powiat ostrowski,161240,161240,161240,160080,158920,3488885,3492166,3498857,3505617,3500898,160544,3497284,0.046215,0.046172,0.046084,0.045664,0.045394,0.045905
341,3018000,3000000,powiat ostrzeszowski,wielkopolskie,773.0,29826.0,0.025917,powiat ostrzeszowski,55656,55656,55656,54883,54883,3488885,3492166,3498857,3505617,3500898,55346,3497284,0.015952,0.015937,0.015907,0.015656,0.015677,0.015825
342,3019000,3000000,powiat pilski,wielkopolskie,1268.0,29826.0,0.042513,powiat pilski,136944,136944,135676,133140,131872,3488885,3492166,3498857,3505617,3500898,134915,3497284,0.039252,0.039215,0.038777,0.037979,0.037668,0.038577
343,3020000,3000000,powiat pleszewski,wielkopolskie,713.0,29826.0,0.023905,powiat pleszewski,63457,63457,62744,62031,62031,3488885,3492166,3498857,3505617,3500898,62744,3497284,0.018188,0.018171,0.017933,0.017695,0.017719,0.017941
344,3021000,3000000,powiat poznański,wielkopolskie,1900.0,29826.0,0.063703,powiat poznański,381900,389500,399000,429400,437000,3488885,3492166,3498857,3505617,3500898,407360,3497284,0.109462,0.111535,0.114037,0.122489,0.124825,0.116479
345,3022000,3000000,powiat rawicki,wielkopolskie,554.0,29826.0,0.018574,powiat rawicki,60386,60386,60386,59832,59278,3488885,3492166,3498857,3505617,3500898,60053,3497284,0.017308,0.017292,0.017259,0.017067,0.016932,0.017171
346,3023000,3000000,powiat słupecki,wielkopolskie,838.0,29826.0,0.028096,powiat słupecki,59498,59498,58660,57822,57822,3488885,3492166,3498857,3505617,3500898,58660,3497284,0.017054,0.017038,0.016765,0.016494,0.016516,0.016773
347,3024000,3000000,powiat szamotulski,wielkopolskie,1119.0,29826.0,0.037518,powiat szamotulski,90639,90639,91758,91758,91758,3488885,3492166,3498857,3505617,3500898,91310,3497284,0.025979,0.025955,0.026225,0.026175,0.02621,0.026109
348,3025000,3000000,powiat średzki,wielkopolskie,624.0,29826.0,0.020921,powiat średzki,58032,58656,58656,59280,59904,3488885,3492166,3498857,3505617,3500898,58905,3497284,0.016633,0.016796,0.016764,0.01691,0.017111,0.016843
349,3026000,3000000,powiat śremski,wielkopolskie,574.0,29826.0,0.019245,powiat śremski,61418,61418,61418,61418,60844,3488885,3492166,3498857,3505617,3500898,61303,3497284,0.017604,0.017587,0.017554,0.01752,0.01738,0.017529
350,3027000,3000000,powiat turecki,wielkopolskie,929.0,29826.0,0.031147,powiat turecki,84539,83610,83610,81752,81752,3488885,3492166,3498857,3505617,3500898,83052,3497284,0.024231,0.023942,0.023896,0.02332,0.023352,0.023748
351,3028000,3000000,powiat wągrowiecki,wielkopolskie,1040.0,29826.0,0.034869,powiat wągrowiecki,70720,70720,70720,69680,68640,3488885,3492166,3498857,3505617,3500898,70096,3497284,0.02027,0.020251,0.020212,0.019877,0.019606,0.020043
352,3029000,3000000,powiat wolsztyński,wielkopolskie,680.0,29826.0,0.022799,powiat wolsztyński,57120,57120,57800,57120,57120,3488885,3492166,3498857,3505617,3500898,57256,3497284,0.016372,0.016357,0.01652,0.016294,0.016316,0.016372
353,3030000,3000000,powiat wrzesiński,wielkopolskie,704.0,29826.0,0.023604,powiat wrzesiński,77440,77440,78144,78144,78144,3488885,3492166,3498857,3505617,3500898,77862,3497284,0.022196,0.022175,0.022334,0.022291,0.022321,0.022264
354,3031000,3000000,powiat złotowski,wielkopolskie,1660.0,29826.0,0.055656,powiat złotowski,69720,69720,69720,68060,68060,3488885,3492166,3498857,3505617,3500898,69056,3497284,0.019983,0.019965,0.019927,0.019415,0.019441,0.019746
355,3061000,3000000,powiat Kalisz,wielkopolskie,69.0,29826.0,0.002313,powiat Kalisz,101016,100395,99636,95634,94461,3488885,3492166,3498857,3505617,3500898,98228,3497284,0.028954,0.028749,0.028477,0.02728,0.026982,0.028087
356,3062000,3000000,powiat Konin,wielkopolskie,82.0,29826.0,0.002749,powiat Konin,74620,74046,73226,69864,68798,3488885,3492166,3498857,3505617,3500898,72110,3497284,0.021388,0.021203,0.020929,0.019929,0.019652,0.020619
357,3063000,3000000,powiat Leszno,wielkopolskie,32.0,29826.0,0.001073,powiat Leszno,64480,64224,63776,62336,61664,3488885,3492166,3498857,3505617,3500898,63296,3497284,0.018482,0.018391,0.018228,0.017782,0.017614,0.018099
358,3064000,3000000,powiat Poznań,wielkopolskie,262.0,29826.0,0.008784,powiat Poznań,538934,536576,535004,547842,545222,3488885,3492166,3498857,3505617,3500898,540715,3497284,0.154472,0.153651,0.152908,0.156275,0.155738,0.15461
359,3201000,3200000,powiat białogardzki,zachodniopomorskie,845.0,22900.8,0.036898,powiat białogardzki,48165,48165,47320,45630,44785,1705993,1702462,1694831,1658170,1650022,46813,1682295,0.028233,0.028291,0.02792,0.027518,0.027142,0.027827
360,3202000,3200000,powiat choszczeński,zachodniopomorskie,1328.0,22900.8,0.057989,powiat choszczeński,49136,49136,47808,45152,45152,1705993,1702462,1694831,1658170,1650022,47276,1682295,0.028802,0.028862,0.028208,0.02723,0.027364,0.028102
361,3203000,3200000,powiat drawski,zachodniopomorskie,1764.0,22900.8,0.077028,powiat drawski,58212,58212,56448,54684,54684,1705993,1702462,1694831,1658170,1650022,56448,1682295,0.034122,0.034193,0.033306,0.032979,0.033141,0.033554
362,3204000,3200000,powiat goleniowski,zachodniopomorskie,1616.0,22900.8,0.070565,powiat goleniowski,82416,82416,82416,82416,82416,1705993,1702462,1694831,1658170,1650022,82416,1682295,0.04831,0.04841,0.048628,0.049703,0.049948,0.04899
363,3205000,3200000,powiat gryficki,zachodniopomorskie,1019.4,22900.8,0.044514,powiat gryficki,61164,61164,60144,58105,57086,1705993,1702462,1694831,1658170,1650022,59532,1682295,0.035852,0.035927,0.035487,0.035042,0.034597,0.035387
364,3206000,3200000,powiat gryfiński,zachodniopomorskie,1870.0,22900.8,0.081657,powiat gryfiński,82280,82280,82280,78540,78540,1705993,1702462,1694831,1658170,1650022,80784,1682295,0.04823,0.04833,0.048548,0.047365,0.047599,0.04802
365,3207000,3200000,powiat kamieński,zachodniopomorskie,1005.4,22900.8,0.043902,powiat kamieński,47253,47253,47253,45243,44237,1705993,1702462,1694831,1658170,1650022,46247,1682295,0.027698,0.027756,0.027881,0.027285,0.02681,0.02749
366,3208000,3200000,powiat kołobrzeski,zachodniopomorskie,725.0,22900.8,0.031658,powiat kołobrzeski,79750,79750,79750,77575,77575,1705993,1702462,1694831,1658170,1650022,78880,1682295,0.046747,0.046844,0.047055,0.046784,0.047015,0.046888
367,3209000,3200000,powiat koszaliński,zachodniopomorskie,1653.0,22900.8,0.072181,powiat koszaliński,66120,66120,66120,66120,66120,1705993,1702462,1694831,1658170,1650022,66120,1682295,0.038757,0.038838,0.039013,0.039875,0.040072,0.039303
368,3210000,3200000,powiat myśliborski,zachodniopomorskie,1182.0,22900.8,0.051614,powiat myśliborski,66192,66192,66192,63828,63828,1705993,1702462,1694831,1658170,1650022,65246,1682295,0.0388,0.03888,0.039055,0.038493,0.038683,0.038784
369,3211000,3200000,powiat policki,zachodniopomorskie,665.0,22900.8,0.029038,powiat policki,78470,79135,80465,82460,83790,1705993,1702462,1694831,1658170,1650022,80864,1682295,0.045997,0.046483,0.047477,0.04973,0.050781,0.048068
370,3212000,3200000,powiat pyrzycki,zachodniopomorskie,726.0,22900.8,0.031702,powiat pyrzycki,39930,39930,39204,37752,37026,1705993,1702462,1694831,1658170,1650022,38768,1682295,0.023406,0.023454,0.023132,0.022767,0.02244,0.023045
371,3213000,3200000,powiat sławieński,zachodniopomorskie,1043.0,22900.8,0.045544,powiat sławieński,56322,56322,56322,54236,54236,1705993,1702462,1694831,1658170,1650022,55487,1682295,0.033014,0.033083,0.033232,0.032708,0.03287,0.032983
372,3214000,3200000,powiat stargardzki,zachodniopomorskie,1520.0,22900.8,0.066373,powiat stargardzki,120080,120080,120080,118560,118560,1705993,1702462,1694831,1658170,1650022,119472,1682295,0.070387,0.070533,0.070851,0.071501,0.071854,0.071017
373,3215000,3200000,powiat szczecinecki,zachodniopomorskie,1766.0,22900.8,0.077115,powiat szczecinecki,77704,77704,77704,74172,74172,1705993,1702462,1694831,1658170,1650022,76291,1682295,0.045548,0.045642,0.045848,0.044731,0.044952,0.045349
374,3216000,3200000,powiat świdwiński,zachodniopomorskie,1093.0,22900.8,0.047728,powiat świdwiński,48092,46999,46999,44813,43720,1705993,1702462,1694831,1658170,1650022,46124,1682295,0.02819,0.027606,0.027731,0.027026,0.026497,0.027417
375,3217000,3200000,powiat wałecki,zachodniopomorskie,1415.0,22900.8,0.061788,powiat wałecki,53770,53770,52355,50940,50940,1705993,1702462,1694831,1658170,1650022,52355,1682295,0.031518,0.031584,0.030891,0.030721,0.030872,0.031121
376,3218000,3200000,powiat łobeski,zachodniopomorskie,1065.0,22900.8,0.046505,powiat łobeski,37275,37275,36210,34080,34080,1705993,1702462,1694831,1658170,1650022,35784,1682295,0.021849,0.021895,0.021365,0.020553,0.020654,0.021271
377,3261000,3200000,powiat Koszalin,zachodniopomorskie,98.0,22900.8,0.004279,powiat Koszalin,107310,106918,106722,105742,104566,1705993,1702462,1694831,1658170,1650022,106251,1682295,0.062902,0.062802,0.062969,0.06377,0.063372,0.063158
378,3262000,3200000,powiat Szczecin,zachodniopomorskie,301.0,22900.8,0.013144,powiat Szczecin,404544,403039,402437,397922,394912,1705993,1702462,1694831,1658170,1650022,400570,1682295,0.237131,0.236739,0.23745,0.239977,0.239337,0.238109
379,3263000,3200000,powiat Świnoujście,zachodniopomorskie,201.0,22900.8,0.008777,powiat Świnoujście,41808,40602,40602,40200,39597,1705993,1702462,1694831,1658170,1650022,40561,1682295,0.024507,0.023849,0.023956,0.024244,0.023998,0.024111
