Year,Voivodeship,Zone code,Zone name,Station code,Indicator,Averaging Time,Mean [µg/m3],Winter mean [µg/m3],Min [µg/m3],Max [µg/m3],L>350 (S1),25 max (S1) [µg/m3],Perc. 99.7 (S1) [µg/m3],L>125 (S24),4 max (S24) [µg/m3],Perc. 99.2 (S24) [µg/m3],Number of measurements,Completeness [%],Summer/Winter Number
2017,dolnośląskie,PL0204,strefa dolnośląska,DsBoleslaMOB,SO2,1g,6.086864823,11.657027786,0,79.8971,0,46.2559,45.9757,0,31.176483333,31.176483333,8405,95.94,1.07
2017,dolnośląskie,PL0204,strefa dolnośląska,DsCzerStraza,SO2,1g,3.294020926,4.218507095,0,57.8668,0,24.6915,24.574,0,14.434076667,14.434076667,8355,95.37,1.03
2017,dolnośląskie,PL0204,strefa dolnośląska,DsDzialoszyn,SO2,1g,4.45533782,5.884192812,0,116.728,0,40.8335,40.7532,0,17.744666667,17.744666667,8442,96.36,1.03
2017,dolnośląskie,PL0204,strefa dolnośląska,DsDziePilsud,SO2,1g,6.264221803,11.541145406,0,89.7715,0,56.5223,56.2565,0,35.815491667,35.815491667,8676,99.04,1.01
2017,dolnośląskie,PL0204,strefa dolnośląska,DsJelGorOgin,SO2,1g,5.667385591,9.116099261,0,81.2281,0,49.0464,47.3699,0,29.583116667,29.583116667,8642,98.65,1.01
2017,dolnośląskie,PL0204,strefa dolnośląska,DsKlodzSzkol,SO2,1g,8.235562437,12.975273859,0.03665,96.2138,0,54.4143,54.3874,0,33.012891667,33.012891667,8397,95.85,0.97
2017,dolnośląskie,PL0204,strefa dolnośląska,DsKudowaMOB,SO2,1g,4.761249054,11.099141579,0.34097,167.989,0,56.1151,55.8207,0,32.237954167,32.237954167,8290,94.63,1.11
2017,dolnośląskie,PL0202,miasto Legnica,DsLegAlRzecz,SO2,1g,6.964191232,10.955743122,0,195.46,0,63.3113,61.171,0,31.555437083,31.555437083,8701,99.32,1
2017,dolnośląskie,PL0204,strefa dolnośląska,DsOlawZolnAK,SO2,1g,4.69372573,6.709991948,0,61.4925,0,32.4558,31.8371,0,23.833708333,23.833708333,8607,98.25,0.98
2017,dolnośląskie,PL0204,strefa dolnośląska,DsOsieczow21,SO2,1g,4.096737189,5.129169697,-0.00728,36.5368,0,23.9555,23.8909,0,17.352141667,17.352141667,8477,96.76,1.01
2017,dolnośląskie,PL0204,strefa dolnośląska,DsSniezkaObs,SO2,24g,2.252054795,2.3,0.8,6.8,,,,0,5,5,365,100,1.01
2017,dolnośląskie,PL0203,miasto Wałbrzych,DsWalbrzWyso,SO2,1g,6.533690044,9.799542078,0,167.407,0,87.1159,85.6367,0,48.99145,48.99145,8482,96.82,1.02
2017,dolnośląskie,PL0201,Aglomeracja Wrocławska,DsWrocWybCon,SO2,1g,4.465317514,6.757795181,0,74.0809,0,37.3129,37.1555,0,24.63265,24.63265,8662,98.88,1.01
2017,dolnośląskie,PL0204,strefa dolnośląska,DsZabkPowWar,SO2,1g,5.608719584,8.033771599,0,88.105,0,32.7993,32.5025,0,24.3054625,24.3054625,8578,97.92,0.99
2017,dolnośląskie,PL0204,strefa dolnośląska,DsZgorBohGet,SO2,1g,7.500277505,11.77789467,0,116.116,0,68.9142,67.0461,0,36.358,36.358,8578,97.92,1.02
2017,kujawsko-pomorskie,PL0401,Aglomeracja Bydgoska,KpBydPlPozna,SO2,1g,3.220298165,5.965796767,0,84.7,0,37.1,36.6,0,23.479166667,23.479166667,8720,99.54,1
2017,kujawsko-pomorskie,PL0401,Aglomeracja Bydgoska,KpBydWarszaw,SO2,1g,4.422862544,7.696328792,0,113.5,0,41,40.9,0,24.754166667,24.754166667,8409,95.99,0.94
2017,kujawsko-pomorskie,PL0404,strefa kujawsko - pomorska,KpGrudPilsud,SO2,1g,3.963267083,6.706910473,0,98.3,0,37.3,38.5,0,23.2625,24.291666667,6893,78.68,1.59
2017,kujawsko-pomorskie,PL0404,strefa kujawsko - pomorska,KpInowSolank,SO2,1g,2.758664469,3.680631773,0,65.7,0,26.5,25.9,0,16.808333333,16.808333333,8678,99.06,1.01
2017,kujawsko-pomorskie,PL0404,strefa kujawsko - pomorska,KpKoniczynka,SO2,1g,2.61360858,4.265568792,0,87,0,40.7,40.3,0,18.891666667,18.891666667,8671,98.98,1.01
2017,kujawsko-pomorskie,PL0402,miasto Toruń,KpToruKaszow,SO2,1g,2.286724714,3.961914358,0,85.9,0,21.4,21.4,0,14.0125,14.0125,8384,95.7,1.07
2017,kujawsko-pomorskie,PL0402,miasto Toruń,KpToruWSikor,SO2,1g,2.675716814,4.744279285,0,83.6,0,27.2,26.7,0,15.6625,15.6625,8475,96.74,1.05
2017,kujawsko-pomorskie,PL0403,miasto Włocławek,KpWloclChelmMOB,SO2,1g,2.932599374,6.798434442,0,44.2,0,30.3,29.8,0,20.683333333,20.683333333,8629,98.5,1.03
2017,kujawsko-pomorskie,PL0403,miasto Włocławek,KpWloclOkrze,SO2,1g,2.927174508,5.796964791,0,65.1,0,28.4,28.2,0,19.941666667,19.941666667,8446,96.41,1.08
2017,kujawsko-pomorskie,PL0404,strefa kujawsko - pomorska,KpZielBoryTu,SO2,1g,2.557784077,2.663363821,0,40.4,0,18.1,18.3,0,10.258333333,15.041666667,6918,78.97,0.76
2017,lubelskie,PL0602,strefa lubelska,LbBiaPodOrze,SO2,1g,5.308196779,6.070306075,0.55,46.53,0,29,28.8,0,14.591666667,14.591666667,8507,97.11,1.03
2017,lubelskie,PL0602,strefa lubelska,LbBiaSlupRPN,SO2,1g,2.799593857,4.319700429,0.2,67.69346,0,26.01751,25.72458,0,14.629182083,14.629182083,8685,99.14,1.01
2017,lubelskie,PL0602,strefa lubelska,LbJarczWolaM,SO2,24g,1.944289694,2.78,0.2,9.2,,,,0,8,8,359,98.35,1.02
2017,lubelskie,PL0601,Aglomeracja Lubelska,LbLubObywate,SO2,1g,5.211858937,6.876444954,0.9,40.5,0,29.2,29,0,21.2625,21.2625,8677,99.05,0.99
2017,lubelskie,PL0602,strefa lubelska,LbZamoHrubie,SO2,1g,3.89758787,6.741727941,0.4,63.8,0,37.3,36.4,0,22.708333333,22.708333333,8706,99.38,1
2017,łódzkie,PL1002,strefa łódzka,LdGajewUjWod,SO2,1g,4.160255374,5.915074526,0.571875,41.6,0,27.3,26.7,0,19.7375,19.7375,8601,98.18,1
2017,łódzkie,PL1001,Aglomeracja Łódzka,LdLodzCzerni,SO2,1g,5.066545582,7.086843931,1.1,61.1,0,39.4,38.9,0,29.2625,29.2625,8534,97.42,1.03
2017,łódzkie,PL1001,Aglomeracja Łódzka,LdLodzGdansk,SO2,1g,5.752411168,9.105617716,0.8,51.6,0,37.1,36.8,0,28.691666667,28.691666667,8668,98.94,1
2017,łódzkie,PL1001,Aglomeracja Łódzka,LdPabiKonsta,SO2,1g,8.944494512,14.082522936,0.6,140.6,0,76.7,75.7,0,49.779166667,49.779166667,8655,98.8,1.01
2017,łódzkie,PL1002,strefa łódzka,LdParzniUjWo,SO2,1g,5.05206571,9.912338262,1.2,89.5,0,45.4,45.4,0,32.666666667,32.666666667,8157,93.11,1.01
2017,łódzkie,PL1002,strefa łódzka,LdPioTrKraPr,SO2,1g,8.625359691,13.998323381,1.1,159.6,0,87.7,86.1,0,53.3125,53.3125,8549,97.59,1.04
2017,łódzkie,PL1002,strefa łódzka,LdRadomsRoln,SO2,1g,9.083974216,15.414258538,1.14,271.45,0,86.07,85.71,0,51.23625,51.23625,8537,97.45,1.02
2017,łódzkie,PL1001,Aglomeracja Łódzka,LdZgieMielcz,SO2,1g,7.446766516,12.224308756,1,86.1,0,55.3,55,0,40.1,40.1,8613,98.32,1.01
2017,lubuskie,PL0801,miasto Gorzów Wielkopolski,LuGorzKosGdy,SO2,1g,4.116069188,5.976718101,0.0382,38.6072,0,21.7768,21.825,0,16.317066667,19.324733333,7551,86.19,0.75
2017,lubuskie,PL0803,strefa lubuska,LuSmolBytnic,SO2,1g,1.976086323,2.258353449,0.23985,14.7273,0,10.8958,10.7915,0,7.129200833,7.129200833,8520,97.26,1.02
2017,lubuskie,PL0803,strefa lubuska,LuSulecDudka,SO2,1g,3.269682432,4.890641268,0.03189,55.4524,0,21.2301,21.1846,0,13.508180833,13.508180833,8746,99.84,1.01
2017,lubuskie,PL0803,strefa lubuska,LuWsKaziWiel,SO2,1g,4.942070719,6.05256838,-0.9156,43.5908,0,29.1085,28.2056,0,18.408616667,18.408616667,8628,98.49,1.03
2017,lubuskie,PL0803,strefa lubuska,LuZarySzyman,SO2,1g,9.249737164,15.287515243,0,81.013,0,47.6793,47.5888,0,34.4709125,34.4709125,8652,98.76,1
2017,lubuskie,PL0802,miasto Zielona Góra,LuZielKrotka,SO2,1g,8.701314063,9.056946211,0,52.6022,0,29.6056,29.6056,0,23.175470833,23.175470833,8150,93.03,1.15
2017,małopolskie,PL1201,Aglomeracja Krakowska,MpKrakBujaka,SO2,1g,7.064611091,11.900531062,1,94.7418,0,71.0137,70.7303,0,49.8581125,49.8581125,8484,96.84,0.98
2017,małopolskie,PL1201,Aglomeracja Krakowska,MpKrakBulwar,SO2,1g,7.294737509,10.604416559,0.99662,91.6785,0,60.4192,60.2401,0,35.888570833,35.888570833,8550,97.6,1.03
2017,małopolskie,PL1203,strefa małopolska,MpNoSaczNadb,SO2,1g,6.77198283,12.459809214,0.99613,109.546,0,65.5482,65.208,0,37.1062875,37.1062875,8671,98.98,1.01
2017,małopolskie,PL1203,strefa małopolska,MpNoTargPSlo,SO2,1g,14.484224919,27.650054429,0.98153,211.757,0,136.44,131.232,0,70.9364125,70.9364125,8520,97.26,1
2017,małopolskie,PL1203,strefa małopolska,MpSkawOsOgro,SO2,1g,8.796563424,11.972042347,1,131.614,0,90.2125,89.854,0,54.787275,54.787275,8616,98.35,0.99
2017,małopolskie,PL1203,strefa małopolska,MpSzymbaGorl,SO2,1g,3.362894318,4.28972127,0.96475,33.017,0,23.2391,22.9963,0,15.418155652,15.418155652,8652,98.76,1.01
2017,małopolskie,PL1202,miasto Tarnów,MpTarBitStud,SO2,1g,7.307711225,10.151395155,0.9966,97.5901,0,57.9868,57.6376,0,34.467120833,34.467120833,8660,98.85,1.01
2017,małopolskie,PL1203,strefa małopolska,MpTrzebOsZWM,SO2,1g,13.090241572,21.513498818,0.99742,214.388,0,141.187,139.983,0,91.227770833,91.227770833,8487,96.88,1.04
2017,małopolskie,PL1203,strefa małopolska,MpZakopaSien,SO2,1g,10.798138862,20.25009132,0.95713,118.924,0,87.1696,86.939,0,56.696120833,56.696120833,8560,97.71,0.97
2017,mazowieckie,PL1404,strefa mazowiecka,MzBelsIGFPAN,SO2,1g,3.641713372,5.267065271,0.2,51.4,0,26,26,0,15.475,15.475,8385,95.71,0.93
2017,mazowieckie,PL1404,strefa mazowiecka,MzGranicaKPN,SO2,1g,2.210502793,3.885189464,0,32.7,0,17.9,17.9,0,10.270833333,10.270833333,7876,89.9,1.13
2017,mazowieckie,PL1404,strefa mazowiecka,MzGutyDuCzer,SO2,1g,1.025355513,1.867257224,0,14.36,0,8.66,8.66,0,5.426666667,5.426666667,8326,95.04,1.04
2017,mazowieckie,PL1404,strefa mazowiecka,MzKonJezMos,SO2,1g,2.825806122,5.039552314,0.12,49.52,0,23.52,23.52,0,14.0075,14.0075,8139,92.91,1.02
2017,mazowieckie,PL1404,strefa mazowiecka,MzLegZegrzyn,SO2,1g,3.729308039,4.742881041,0,46.1,0,24.7,23.9,0,15.05,15.05,8498,97,1.01
2017,mazowieckie,PL1404,strefa mazowiecka,MzOtwoBrzozo,SO2,1g,4.128451797,7.188750289,0,138.72,0,72.4,71.72,0,36.075,36.075,8568,97.8,0.97
2017,mazowieckie,PL1404,strefa mazowiecka,MzPiasPulask,SO2,1g,6.223090359,7.898135788,0,50,0,25.7,25.5,0,17.145833333,17.145833333,8588,98.03,1
2017,mazowieckie,PL1402,miasto Płock,MzPlocKroJad,SO2,1g,5.272883912,8.435372928,0,185.02,0,69.82,67.32,0,24.075,24.075,8752,99.9,1.01
2017,mazowieckie,PL1402,miasto Płock,MzPlocMiReja,SO2,1g,3.513842455,5.532060718,0,81.5,0,37.6,35.4,0,17.083333333,17.083333333,8734,99.7,1.01
2017,mazowieckie,PL1403,miasto Radom,MzRadTochter,SO2,1g,3.656517469,6.63954699,0,65.70295,0,37.32075,36.1228,0,23.260195833,23.260195833,8710,99.42,1.01
2017,mazowieckie,PL1401,Aglomeracja Warszawska,MzWarKondrat,SO2,1g,4.002761357,6.293571572,0.01,118.13,0,76.53,74.53,0,20.9425,20.9425,8695,99.25,1.02
2017,mazowieckie,PL1401,Aglomeracja Warszawska,MzWarWokalna,SO2,1g,3.664814118,5.481527245,0,59.95,0,28.1,28.02,0,17.275,17.275,8598,98.15,1
2017,opolskie,PL1602,strefa opolska,OpKKozBSmial,SO2,1g,6.000511939,10.228187871,0.02996,79.8267,0,53.4749,53.0339,0,33.234754167,33.234754167,8566,97.78,0.99
2017,opolskie,PL1601,miasto Opole,OpOpoleOsAKr,SO2,1g,5.100785269,8.360189647,0.05526,89.6846,0,50.308,49.8599,0,32.623685833,32.623685833,8664,98.9,1.02
2017,opolskie,PL1602,strefa opolska,OpZdziePiast,SO2,1g,9.44039652,13.31988953,0.33548,86.5044,0,69.7802,68.4714,0,46.418873913,46.418873913,8646,98.69,1.01
2017,podlaskie,PL2002,strefa podlaska,PdAugustoZdrMOB,SO2,1g,1.744864227,,0,62,0,8.7,9.5,0,6.226086957,6.375,5082,58.01,1.32
2017,podlaskie,PL2001,Aglomeracja Białostocka,PdBialPulPie,SO2,1g,4.505893209,5.156319841,0,61.8,0,22,22,0,12.0375,12.0375,8128,92.78,1.13
2017,podlaskie,PL2001,Aglomeracja Białostocka,PdBialWaszyn,SO2,1g,3.462031381,3.81532014,0,37.9,0,20.7,20.7,0,9.204166667,9.204166667,8349,95.3,1.04
2017,podlaskie,PL2002,strefa podlaska,PdBorsukowiz,SO2,1g,1.749976744,1.980903586,0,16.3,0,8,8,0,4.554166667,4.554166667,8600,98.17,0.99
2017,podlaskie,PL2002,strefa podlaska,PdLomSikorsk,SO2,1g,7.347188355,9.838680763,0,68.2,0,36.6,36.6,0,26.325,26.325,8038,91.75,0.85
2017,podkarpackie,PL1802,strefa podkarpacka,PkJasloSikor,SO2,1g,7.856996355,12.136251738,0.08672,84.7885,0,57.2368,57.1488,0,36.161603913,36.161603913,8447,96.42,1.04
2017,podkarpackie,PL1802,strefa podkarpacka,PkKrempnaMPN,SO2,1g,2.627745008,5.573044058,0.00542,46.3665,0,30.3998,29.4821,0,18.75235,18.75235,8618,98.37,1.01
2017,podkarpackie,PL1802,strefa podkarpacka,PkMielBierna,SO2,1g,8.020455744,15.346613216,0.06422,93.736,0,50.3284,49.8281,0,34.600404167,34.600404167,8659,98.84,1.01
2017,podkarpackie,PL1802,strefa podkarpacka,PkNiskoSzkla,SO2,1g,4.434232744,6.908311825,0.01686,55.4984,0,31.4456,31.5601,0,17.974270833,17.974270833,7782,88.83,0.82
2017,podkarpackie,PL1802,strefa podkarpacka,PkPrzemGrunw,SO2,1g,3.642876522,6.234391415,0.01373,91.2079,0,45.1801,44.0462,0,26.923145833,26.923145833,8662,98.88,1.01
2017,podkarpackie,PL1801,miasto Rzeszów,PkRzeszRejta,SO2,1g,6.19643389,9.063341907,0.02291,93.2398,0,57.1259,56.0213,0,31.56111087,31.56111087,8705,99.37,1
2017,pomorskie,PL2201,Aglomeracja Trójmiejska,PmGdaKacze02,SO2,1g,5.2356571,6.09238277,0.852,204.319,0,92.9639,87.1138,0,28.148020833,28.148020833,8611,98.29,1.01
2017,pomorskie,PL2201,Aglomeracja Trójmiejska,PmGdaLeczk08,SO2,1g,2.732872205,3.717236812,0.7,198.7,0,48.7084,46.4354,0,15.3881125,15.3881125,8505,97.08,1.01
2017,pomorskie,PL2201,Aglomeracja Trójmiejska,PmGdaOstrz05,SO2,1g,1.468749802,1.557144566,0.7342,13.6271,0,7.9597,7.9597,0,4.290204167,4.290204167,8086,92.3,0.9
2017,pomorskie,PL2201,Aglomeracja Trójmiejska,PmGdaPoWie01,SO2,1g,4.703089176,5.728335083,0.4542,89.1174,0,34.0111,33.1384,0,15.085091667,15.085091667,8592,98.08,1.01
2017,pomorskie,PL2201,Aglomeracja Trójmiejska,PmGdaWyzwo03,SO2,1g,5.046111921,4.092717814,0.6541,168.951,0,87.2852,87.1378,0,27.796634783,27.796634783,8380,95.66,0.97
2017,pomorskie,PL2201,Aglomeracja Trójmiejska,PmGdyPoreb04,SO2,1g,2.699242828,3.77113617,0.6673,47.4639,0,22.9178,22.47,0,14.166529167,14.166529167,8478,96.78,1.04
2017,pomorskie,PL2201,Aglomeracja Trójmiejska,PmGdySzaf09N,SO2,1g,2.051064629,3.201560083,0.5818,93.1084,0,21.6711,21.2808,0,13.199129167,13.199129167,8394,95.82,1.05
2017,pomorskie,PL2202,strefa pomorska,PmKosTargo12,SO2,1g,7.673903204,8.331974456,0.09231,36.981,0,21.7457,21.8771,0,12.306423478,12.306423478,7638,87.19,1.3
2017,pomorskie,PL2202,strefa pomorska,PmLebaRabkaE,SO2,24g,1.393939394,1.738121547,0.2,11.4,,,,0,7.4,7.4,363,99.45,0.99
2017,pomorskie,PL2202,strefa pomorska,PmLebMalcz16,SO2,1g,6.767572236,4.452562205,0.09422,26.1877,0,17.777,19.6842,0,11.81877625,15.118156522,1999,22.81,0
2017,pomorskie,PL2202,strefa pomorska,PmLinieKos17,SO2,1g,3.475189723,4.407849667,0.00351,18.2044,0,12.43,12.0637,0,8.828575417,8.828575417,8402,95.91,1.02
2017,pomorskie,PL2202,strefa pomorska,PmMalMicki15,SO2,1g,4.346202841,5.950397702,0.01078,28.7335,0,18.1107,19.0423,0,11.31039625,12.869486667,4478,51.11,0.38
2017,pomorskie,PL2202,strefa pomorska,PmSlupKniazi,SO2,1g,2.675258354,3.503540184,0.02177,23.9855,0,15.3228,15.0192,0,8.0755875,8.0755875,8564,97.76,1
2017,pomorskie,PL2201,Aglomeracja Trójmiejska,PmSopBitPl06,SO2,1g,1.61626783,2.510481613,0.5047,86.6075,0,19.3165,18.4579,0,11.062241667,11.062241667,8623,98.43,1.01
2017,pomorskie,PL2202,strefa pomorska,PmStaGdaLubi,SO2,1g,2.857808728,4.207971451,0.5563,44.4336,0,23.7291,22.8132,0,15.073975417,15.073975417,8749,99.87,1
2017,świętokrzyskie,PL2601,miasto Kielce,SkKielJagiel,SO2,1g,8.409047674,13.459474412,0,139.4,0,62.4,58.7,0,38.795833333,38.795833333,8621,98.41,1.02
2017,świętokrzyskie,PL2602,strefa świętokrzyska,SkMalo11List,SO2,1g,8.852748886,9.607848633,0,86.2,0,57.7,71,0,26.891666667,49.991666667,3365,38.41,0.59
2017,świętokrzyskie,PL2602,strefa świętokrzyska,SkMaloSlonec,SO2,1g,11.24789878,,2.1,57.9,0,31.7,41.3,0,26.158333333,27.058333333,2213,25.26,0.01
2017,świętokrzyskie,PL2602,strefa świętokrzyska,SkNowiParkow,SO2,1g,13.579858835,14.600137931,0.7,155.3,0,69.1,91.9,0,39.908333333,56.4,3967,45.28,0.55
2017,świętokrzyskie,PL2602,strefa świętokrzyska,SkPolaRuszcz,SO2,1g,8.605112502,13.352779064,0,98.1,0,59,58.6,0,38.216666667,38.216666667,8311,94.87,0.96
2017,świętokrzyskie,PL2602,strefa świętokrzyska,SkSolecZdrojMOB,SO2,1g,4.923141682,8.883007209,0.1,67.9,0,39.3,38.7,0,19.129166667,19.129166667,8516,97.21,1.06
2017,świętokrzyskie,PL2602,strefa świętokrzyska,SkSwietKrzyz,SO2,1g,7.242645617,7.286684708,4,52,0,22,21,0,14.416666667,14.416666667,8567,97.79,1.03
2017,śląskie,PL2403,miasto Bielsko-Biała,SlBielKossak,SO2,1g,8.381037178,13.30474051,0.67967,142.09,0,67.5888,66.9161,0,44.792533333,44.792533333,8535,97.43,1.05
2017,śląskie,PL2405,strefa śląska,SlCiesMickie,SO2,1g,9.272853742,14.971015157,0.46709,124.713,0,83.4475,82.5152,0,45.303133333,45.303133333,8678,99.06,1.02
2017,śląskie,PL2404,miasto Częstochowa,SlCzestoArmK,SO2,1g,11.092925821,20.469538049,0.38643,281.159,0,156.922,150.267,2,94.685816667,94.685816667,8727,99.62,1
2017,śląskie,PL2404,miasto Częstochowa,SlCzestoBacz,SO2,1g,11.163113145,18.514683071,0.47169,288.151,0,155.318,155.105,2,89.883966667,89.883966667,8387,95.74,0.99
2017,śląskie,PL2401,Aglomeracja Górnośląska,SlDabro1000L,SO2,1g,12.350596111,22.337069361,0.29074,162.125,0,112.091,111.67,0,83.169633333,83.169633333,8724,99.58,1.01
2017,śląskie,PL2401,Aglomeracja Górnośląska,SlGliwicMewy,SO2,1g,10.442475864,17.506088513,0.8,232.99,0,114.252,112.251,0,79.2277625,79.2277625,8689,99.18,1
2017,śląskie,PL2401,Aglomeracja Górnośląska,SlKatoKossut,SO2,1g,11.783263284,20.279975243,0.62732,196.867,0,117.373,115.288,0,80.511866667,80.511866667,8623,98.43,0.98
2017,śląskie,PL2401,Aglomeracja Górnośląska,SlKatoPlebA4,SO2,1g,12.311110024,20.821260803,0.66766,144.225,0,102.616,100.745,0,68.15415,68.15415,8690,99.2,1.02
2017,śląskie,PL2402,Aglomeracja Rybnicko-Jastrzębska,SlRybniBorki,SO2,1g,13.881220762,25.051875727,0.29673,380.735,3,226.59,217.775,3,124.151429167,124.151429167,8710,99.42,1
2017,śląskie,PL2401,Aglomeracja Górnośląska,SlSosnoLubel,SO2,1g,14.302226694,26.839370264,0.43299,196.08,0,148.518,148.255,0,98.930758333,98.930758333,8706,99.38,1.01
2017,śląskie,PL2401,Aglomeracja Górnośląska,SlTychyTolst,SO2,1g,13.106234903,21.97824855,0.7,271.005,0,156.83,155.315,1,104.565175,104.565175,8742,99.79,1
2017,śląskie,PL2405,strefa śląska,SlUstronSana,SO2,1g,7.53135332,12.310235993,0.64383,98.8061,0,76.2764,74.7775,0,47.390083333,47.390083333,8753,99.92,1
2017,śląskie,PL2405,strefa śląska,SlWodzGalczy,SO2,1g,14.166236321,23.713130902,0.62476,314.214,0,185.196,173.592,1,96.2944375,96.2944375,8716,99.49,1.01
2017,śląskie,PL2401,Aglomeracja Górnośląska,SlZabSkloCur,SO2,1g,15.125532025,27.01788961,0.8,398.662,3,190.681,189.528,2,115.3727875,115.3727875,8682,99.1,0.99
2017,śląskie,PL2405,strefa śląska,SlZlotPotLes,SO2,1g,6.689200487,10.557960978,0.11,138.593,0,59.8501,59.4454,0,37.183966667,37.183966667,8616,98.35,1
2017,śląskie,PL2402,Aglomeracja Rybnicko-Jastrzębska,SlZorySikor2,SO2,1g,12.762352028,27.754667436,0.47237,225.587,0,145.379,143.774,0,95.077045833,95.077045833,8752,99.9,1.01
2017,śląskie,PL2405,strefa śląska,SlZywieKoper,SO2,1g,18.383131216,35.526181758,0.44479,374.226,1,216.636,212.785,7,154.423916667,154.423916667,8618,98.37,1.03
2017,warmińsko-mazurskie,PL2802,miasto Elbląg,WmElbBazynsk,SO2,1g,3.898279005,4.837169405,-0.05192,35.6011,0,24.3677,24.1741,0,12.624497083,12.624497083,8632,98.53,0.99
2017,warmińsko-mazurskie,PL2803,strefa warmińsko-mazurska,WmElkStadion,SO2,1g,3.734958223,6.286589396,-0.0343,64.7064,0,38.3155,37.2055,0,18.623117917,18.623117917,8667,98.93,1.01
2017,warmińsko-mazurskie,PL2803,strefa warmińsko-mazurska,WmGoldJacwie,SO2,1g,3.709678111,4.144644885,-0.00991,30.7826,0,16.8028,16.6507,0,10.034444583,10.034444583,8722,99.56,1.01
2017,warmińsko-mazurskie,PL2801,miasto Olsztyn,WmOlsPuszkin,SO2,1g,2.543894906,2.821157343,-0.02808,31.8814,0,16.2611,16.1574,0,8.708708333,8.708708333,8474,96.73,1.01
2017,warmińsko-mazurskie,PL2803,strefa warmińsko-mazurska,WmOstrPilsud,SO2,1g,3.108686588,3.250453982,-0.04749,24.1912,0,12.3471,12.2245,0,7.986769583,7.986769583,8187,93.45,1.01
2017,warmińsko-mazurskie,PL2803,strefa warmińsko-mazurska,WmPuszczaBor,SO2,1g,0.562201164,0.963864434,0,17.9845,0,10.7433,10.6827,0,5.34761625,5.34761625,8431,96.24,1.06
2017,wielkopolskie,PL3003,strefa wielkopolska,WpBoroDrapal,SO2,1g,3.158665923,4.710299749,0.68066,38.0435,0,19.4461,19.1263,0,13.557821667,13.557821667,8546,97.55,1.02
2017,wielkopolskie,PL3002,miasto Kalisz,WpKaliSawick,SO2,1g,6.995513204,10.481378391,-0.39841,117.783,0,60.3276,59.8329,0,30.079908333,30.079908333,8610,98.28,1.01
2017,wielkopolskie,PL3003,strefa wielkopolska,WpKoniWyszyn,SO2,1g,4.618054316,6.337465779,0,95.2751,0,35.7254,34.9279,0,22.464543333,22.464543333,8615,98.34,1.01
2017,wielkopolskie,PL3003,strefa wielkopolska,WpPiaskiKrzy,SO2,1g,3.037229843,4.294751632,7e-05,51.0983,0,24.8986,24.4555,0,18.17308625,18.17308625,8583,97.97,1
2017,wielkopolskie,PL3003,strefa wielkopolska,WpPilaKusoci,SO2,1g,3.555209088,4.481874542,0.09317,83.5674,0,28.0065,27.7495,0,14.158043333,14.158043333,8642,98.65,1.01
2017,wielkopolskie,PL3001,Aglomeracja Poznańska,WpPoznDabrow,SO2,1g,3.928953474,6.398973806,-0.01556,51.3825,0,26.6437,26.1082,0,19.658569565,19.658569565,8624,98.44,1
2017,wielkopolskie,PL3001,Aglomeracja Poznańska,WpPoznPolank,SO2,1g,2.566651194,3.591735372,0.1355,30.2294,0,18.0721,17.9344,0,13.67042875,13.67042875,8632,98.53,1
2017,zachodniopomorskie,PL3202,miasto Koszalin,ZpKoszArKraj,SO2,1g,3.01665815,3.352270412,-0.04541,37.5282,0,19.6493,19.1426,0,9.865832609,9.865832609,8623,98.43,1
2017,zachodniopomorskie,PL3201,Aglomeracja Szczecińska,ZpSzczAndr01,SO2,1g,2.310195962,3.425796647,0.00211,87.5775,0,25.2518,24.2221,0,10.017419565,10.017419565,8608,98.26,1.01
2017,zachodniopomorskie,PL3203,strefa zachodniopomorska,ZpSzczecPrze,SO2,1g,2.112441696,3.224255261,0.00875,33.0005,0,17.9058,17.5232,0,9.994223333,9.994223333,8614,98.33,1
2017,zachodniopomorskie,PL3201,Aglomeracja Szczecińska,ZpSzczPils02,SO2,1g,4.674416146,4.480597828,0.00296,420.731,1,63.8366,59.2456,0,22.38114,22.38114,8614,98.33,1
2017,zachodniopomorskie,PL3203,strefa zachodniopomorska,ZpWiduBulRyb,SO2,1g,2.670565311,3.160675986,0.00907,75.812,0,23.0126,22.7136,0,10.877955833,10.877955833,8594,98.1,1.01
2018,dolnośląskie,PL0204,strefa dolnośląska,DsCzerStraza,SO2,1g,2.95673167,3.619442472,0,24.0353,0,15.7671,15.7388,0,9.2007,9.2007,8247,94.14,1.09
2018,dolnośląskie,PL0204,strefa dolnośląska,DsDzialoszyn,SO2,1g,3.785521137,3.587747851,0.12339,63.9782,0,23.3275,22.9631,0,10.390078333,10.390078333,8446,96.41,0.96
2018,dolnośląskie,PL0204,strefa dolnośląska,DsDziePilsud,SO2,1g,4.979605308,8.363723448,0,41.664,0,34.7061,34.2943,0,20.323366667,20.323366667,8682,99.1,1.01
2018,dolnośląskie,PL0204,strefa dolnośląska,DsJelGorOgin,SO2,1g,4.37906053,6.56626972,0,61.4969,0,27.0964,26.6081,0,13.948215417,13.948215417,8619,98.39,1
2018,dolnośląskie,PL0204,strefa dolnośląska,DsKlodzSzkol,SO2,1g,6.60330679,11.219527713,0.19104,67.7891,0,43.8101,43.0945,0,24.373483333,24.373483333,8508,97.12,1
2018,dolnośląskie,PL0204,strefa dolnośląska,DsLadekMOB,SO2,1g,3.184871487,6.005256197,0.29044,40.5831,0,19.2778,19.2535,0,12.324790417,12.324790417,8260,94.29,1.12
2018,dolnośląskie,PL0202,miasto Legnica,DsLegAlRzecz,SO2,1g,5.20554529,8.068700792,0.00338,98.2712,0,42.8435,42.0159,0,18.244694167,18.244694167,8576,97.89,0.98
2018,dolnośląskie,PL0204,strefa dolnośląska,DsLubanMOB,SO2,1g,6.325813236,11.195917671,0.12221,76.6327,0,49.4351,49.4351,0,27.435844167,27.435844167,7887,90.03,1.23
2018,dolnośląskie,PL0204,strefa dolnośląska,DsOlawZolnAK,SO2,1g,4.826076671,6.791304957,0.19576,50.743,0,28.7561,28.6118,0,19.564491667,19.564491667,8544,97.53,1.01
2018,dolnośląskie,PL0204,strefa dolnośląska,DsOsieczow21,SO2,1g,3.634978471,4.948566661,0,33.2824,0,17.0828,17.0379,0,10.87203875,10.87203875,8420,96.11,1
2018,dolnośląskie,PL0204,strefa dolnośląska,DsSniezkaObs,SO2,24g,2.509589041,2.562637363,0.8,7.2,,,,0,5.6,5.6,365,100,1.01
2018,dolnośląskie,PL0203,miasto Wałbrzych,DsWalbrzWyso,SO2,1g,7.469144249,11.578344507,0.0053,79.9204,0,39.5313,38.8449,0,24.944420833,24.944420833,8512,97.16,1.02
2018,dolnośląskie,PL0201,Aglomeracja Wrocławska,DsWrocWybCon,SO2,1g,3.789749033,4.905572895,0.0016,36.1206,0,24.5589,24.4714,0,15.298768333,15.298768333,8473,96.72,0.96
2018,dolnośląskie,PL0204,strefa dolnośląska,DsZabkPowWar,SO2,1g,5.690767757,8.446764403,0,35.8147,0,27.3633,26.7445,0,17.204846087,17.204846087,8609,98.27,1.01
2018,dolnośląskie,PL0204,strefa dolnośląska,DsZgorBohGet,SO2,1g,6.274212266,9.094449043,0,65.9646,0,36.3373,35.9389,0,20.719920833,20.719920833,8533,97.4,1.01
2018,kujawsko-pomorskie,PL0401,Aglomeracja Bydgoska,KpBydPlPozna,SO2,1g,3.422552948,4.854910509,0,58.3,0,30.7,30.3,0,17.4875,17.4875,8735,99.71,1
2018,kujawsko-pomorskie,PL0401,Aglomeracja Bydgoska,KpBydWarszaw,SO2,1g,3.943372253,5.388677985,0,52.3,0,30.1,29.8,0,16.4875,16.4875,8736,99.72,1
2018,kujawsko-pomorskie,PL0404,strefa kujawsko - pomorska,KpGrudPilsud,SO2,1g,3.813035332,6.370510096,0,53.5,0,31.8,32.4,0,19.425,21.258333333,7472,85.29,1.4
2018,kujawsko-pomorskie,PL0404,strefa kujawsko - pomorska,KpInowSolank,SO2,1g,2.355438706,2.949405956,0,29.4,0,15.8,15.8,0,7.9875,7.9875,7668,87.53,0.89
2018,kujawsko-pomorskie,PL0404,strefa kujawsko - pomorska,KpKoniczynka,SO2,1g,2.091295324,2.882677165,0,42.5,0,15.4,15.3,0,9.379166667,9.379166667,8191,93.5,1.1
2018,kujawsko-pomorskie,PL0402,miasto Toruń,KpToruKaszow,SO2,1g,2.471352416,3.281247113,0,30.2,0,15.3,14.8,0,10.125,10.125,8629,98.5,0.99
2018,kujawsko-pomorskie,PL0402,miasto Toruń,KpToruStorczMOB,SO2,1g,2.822095214,5.129104116,0,32.2,0,20.5,20.5,0,12.254166667,12.254166667,7961,90.87,0.99
2018,kujawsko-pomorskie,PL0402,miasto Toruń,KpToruWSikor,SO2,1g,3.056754587,3.980828652,0,27.6,0,20,20,0,12.0375,12.0375,8720,99.54,1.01
2018,kujawsko-pomorskie,PL0403,miasto Włocławek,KpWloclOkrze,SO2,1g,2.280973021,3.932902558,0,61.92683586,0,32.28914881,31.94486828,0,15.081611398,15.081611398,8722,99.56,1
2018,kujawsko-pomorskie,PL0404,strefa kujawsko - pomorska,KpZielBoryTu,SO2,1g,3.218285569,3.402667812,0,17,0,12.4,12.4,0,8.216666667,8.216666667,7886,90.02,0.99
2018,lubelskie,PL0602,strefa lubelska,LbBiaPodOrze,SO2,1g,4.538187781,6.564895003,0,67.02407971,0,33.34885386,32.28585628,0,13.412689312,13.412689312,8721,99.55,1
2018,lubelskie,PL0602,strefa lubelska,LbFlorianRPN,SO2,1g,2.352278786,3.95408562,0.2,45.3,0,26.1,26.1,0,11.282608696,11.282608696,7877,89.92,1.25
2018,lubelskie,PL0602,strefa lubelska,LbJarczWolaM,SO2,24g,1.538121547,1.887150838,0.2,7,,,,0,5.2,5.2,362,99.17,1
2018,lubelskie,PL0601,Aglomeracja Lubelska,LbLubObywate,SO2,1g,4.790108863,5.257551963,0.1,56.9,0,25.7,25.3,0,13.804166667,13.804166667,8619,98.39,1.01
2018,lubelskie,PL0602,strefa lubelska,LbZamoHrubie,SO2,1g,4.152447132,5.382851292,0,67.6,0,36.6,36.3,0,19.304166667,19.304166667,8724,99.58,1
2018,łódzkie,PL1002,strefa łódzka,LdGajewUjWod,SO2,1g,3.772552016,4.650211765,0.4,38.7,0,15.4,15.3,0,10.220833333,10.220833333,8507,97.11,1.02
2018,łódzkie,PL1001,Aglomeracja Łódzka,LdLodzCzerni,SO2,1g,3.97680635,5.416939114,0.9,34.2,0,19.5,19.4,0,12.5625,12.5625,8567,97.79,1.01
2018,łódzkie,PL1001,Aglomeracja Łódzka,LdLodzGdansk,SO2,1g,5.336447202,8.343233865,0.7,42,0,27,26.8,0,16.35,16.35,8703,99.34,1.01
2018,łódzkie,PL1001,Aglomeracja Łódzka,LdPabiKonsta,SO2,1g,7.193863697,10.544842407,0.43565536,83.7,0,50.6,49.7,0,24.96,24.96,8313,94.89,1.01
2018,łódzkie,PL1002,strefa łódzka,LdParzniUjWo,SO2,1g,3.67092511,5.149597728,0.9,37.1,0,21.4,20.6,0,10.2875,10.2875,8626,98.47,1.01
2018,łódzkie,PL1002,strefa łódzka,LdPioTrKraPr,SO2,1g,6.63387248,10.408908526,0.6,77.1,0,43.5,43,0,23.558333333,23.558333333,8532,97.39,0.98
2018,łódzkie,PL1002,strefa łódzka,LdRadomsRoln,SO2,1g,7.240657803,11.260032955,0.59,116.72,0,60.3,59.92,0,32.579166667,32.579166667,8574,97.87,0.98
2018,łódzkie,PL1001,Aglomeracja Łódzka,LdZgieMielcz,SO2,1g,6.177608113,9.746087363,0.7,81,0,41.1,40.4,0,20.783333333,20.783333333,8579,97.93,0.99
2018,lubuskie,PL0801,miasto Gorzów Wielkopolski,LuGorzKosGdy,SO2,1g,3.958872813,3.532243935,0.02727,43.3413,0,15.6227,15.6227,0,12.667465217,12.667465217,8034,91.71,0.86
2018,lubuskie,PL0803,strefa lubuska,LuSmolBytnic,SO2,1g,1.712610769,2.249855916,0,14.5608,0,9.84587,9.58314,0,5.935960833,5.935960833,8749,99.87,1
2018,lubuskie,PL0803,strefa lubuska,LuSulecDudka,SO2,1g,4.407392584,4.971003197,0.00241,80.592,0,31.4099,32.3028,0,15.14818125,15.541904783,6958,79.42,1.65
2018,lubuskie,PL0803,strefa lubuska,LuWsKaziWiel,SO2,1g,6.919807401,7.516471321,0.37552,27.1261,0,22.7489,22.6033,0,18.786020833,18.786020833,8466,96.64,0.97
2018,lubuskie,PL0803,strefa lubuska,LuZarySzyman,SO2,1g,6.970124251,8.750740568,0.02154,39.1528,0,27.7327,27.7327,0,21.915134783,21.915134783,7914,90.34,0.86
2018,lubuskie,PL0802,miasto Zielona Góra,LuZielKrotka,SO2,1g,7.651655883,9.112188704,0,41.4021,0,21.9338,21.829,0,15.51845,15.51845,8621,98.41,1
2018,małopolskie,PL1201,Aglomeracja Krakowska,MpKrakBujaka,SO2,1g,5.698173402,7.852450391,1,66.4665,0,29.3582,28.5924,0,20.147182609,20.147182609,8369,95.53,0.99
2018,małopolskie,PL1201,Aglomeracja Krakowska,MpKrakBulwar,SO2,1g,6.56553424,7.368203809,0.99917,47.7701,0,32.4782,32.4394,0,17.91018625,17.91018625,8297,94.71,1.02
2018,małopolskie,PL1203,strefa małopolska,MpNoSaczNadb,SO2,1g,5.569810566,9.318028087,1,63.88,0,38.8805,37.8012,0,22.522395833,22.522395833,8632,98.53,1.01
2018,małopolskie,PL1203,strefa małopolska,MpNoTargPSlo,SO2,1g,12.722313259,18.331673293,1,125.384,0,77.8752,77.7978,0,46.500004167,46.500004167,8205,93.66,0.92
2018,małopolskie,PL1203,strefa małopolska,MpSkawOsOgro,SO2,1g,7.814285726,11.97810664,0.99819,73.1084,0,49.3618,47.2933,0,30.675091667,30.675091667,8680,99.08,1
2018,małopolskie,PL1203,strefa małopolska,MpSzymbaGorl,SO2,1g,3.42497623,4.42351612,0.98265,42.8846,0,16.0231,15.7343,0,10.622439167,10.622439167,8655,98.8,1
2018,małopolskie,PL1202,miasto Tarnów,MpTarBitStud,SO2,1g,5.75193469,8.253028647,0.99984,88.5099,0,38.7145,37.7506,0,20.4185875,20.4185875,8618,98.37,1.02
2018,małopolskie,PL1203,strefa małopolska,MpTrzebOsZWM,SO2,1g,10.020776152,15.465058168,1,120.596,0,71.8509,70.8452,0,43.078045833,43.078045833,8680,99.08,1.01
2018,małopolskie,PL1203,strefa małopolska,MpZakopaSien,SO2,1g,9.049339157,13.540365502,0.58742,95.5743,0,61.2853,60.3141,0,35.613375,35.613375,8671,98.98,1
2018,mazowieckie,PL1404,strefa mazowiecka,MzBelsIGFPAN,SO2,1g,2.404290656,3.035826184,0.1,30.9,0,16.003481,15.844573,0,8.704101826,8.704101826,8522,97.28,1.01
2018,mazowieckie,PL1404,strefa mazowiecka,MzGranicaKPN,SO2,1g,1.800126352,1.931435897,0,25.5,0,10.5,10.4,0,6.3375,6.3375,8488,96.89,1
2018,mazowieckie,PL1404,strefa mazowiecka,MzGutyDuCzer,SO2,1g,1.268158411,1.411881488,0,25.68358,0,9.94682,9.72413,0,4.6950475,4.6950475,8698,99.29,1.01
2018,mazowieckie,PL1404,strefa mazowiecka,MzKonJezMos,SO2,1g,3.345413058,4.143819555,0.09225,49.72275,0,19.926,19.926,0,9.0405,9.0405,8060,92,1.09
2018,mazowieckie,PL1404,strefa mazowiecka,MzLegZegrzyn,SO2,1g,4.43730124,4.584300369,-0.04693237,45.927,0,20.79,20.6955,0,13.62375,13.62375,8703,99.34,1
2018,mazowieckie,PL1404,strefa mazowiecka,MzOtwoBrzozo,SO2,1g,3.680277718,4.071162184,0,45,0,27.4,26.99141,0,14.391666667,14.391666667,8586,98.01,1.01
2018,mazowieckie,PL1404,strefa mazowiecka,MzPiasPulask,SO2,1g,4.982639207,7.320009483,0,48.72,0,25.7,25.7,0,14.208333333,14.208333333,7900,90.18,0.85
2018,mazowieckie,PL1402,miasto Płock,MzPlocKroJad,SO2,1g,5.546802042,4.92747806,0.06,374.3,1,120.9,120.3,0,59.9625,59.9625,8618,98.37,0.99
2018,mazowieckie,PL1402,miasto Płock,MzPlocMiReja,SO2,1g,3.86055048,3.995709041,0,107.5,0,51.5,50.4,0,17.670833333,17.670833333,8647,98.71,1
2018,mazowieckie,PL1403,miasto Radom,MzRadTochter,SO2,1g,2.958973962,4.726573299,-0.04140512,76.39,0,20.99,20.93,0,13.519166667,13.519166667,8706,99.38,1.01
2018,mazowieckie,PL1401,Aglomeracja Warszawska,MzWarKondrat,SO2,1g,3.245730858,5.169172494,-0.15,82.59,0,52.8,51.91,0,18.179166667,18.179166667,8620,98.4,1.01
2018,mazowieckie,PL1401,Aglomeracja Warszawska,MzWarWokalna,SO2,1g,3.62906611,3.977826372,0,40.02,0,23.04,23.02,0,14.42466875,14.42466875,8464,96.62,0.97
2018,opolskie,PL1602,strefa opolska,OpKKozBSmial,SO2,1g,6.354266712,7.818064516,0.6231,49.8991,0,34.837,34.3835,0,22.763079167,22.763079167,8670,98.97,1
2018,opolskie,PL1601,miasto Opole,OpOpoleOsAKr,SO2,1g,4.764957919,5.930748768,0.44603,33.9348,0,24.9527,24.9395,0,15.040037083,15.040037083,8457,96.54,0.94
2018,opolskie,PL1602,strefa opolska,OpZdziePiast,SO2,1g,11.290163878,12.560322198,0.27942,74.5231,0,50.4602,50.4508,0,35.9634625,35.9634625,8424,96.16,1.06
2018,podlaskie,PL2002,strefa podlaska,PdAugustoZdrMOB,SO2,1g,2.352239874,3.321126761,0,74,0,20.4,22.3,0,9.325,11.083333333,6987,79.76,0.64
2018,podlaskie,PL2001,Aglomeracja Białostocka,PdBialWaszyn,SO2,1g,2.821656491,4.219070905,0,41.1,0,11.7,11.6,0,9.033333333,9.033333333,8681,99.09,1
2018,podlaskie,PL2002,strefa podlaska,PdBorsukowiz,SO2,1g,1.528772659,1.74193027,0,19.9,0,7.4,7.1,0,4.225,4.225,8661,98.86,1
2018,podlaskie,PL2002,strefa podlaska,PdLomSikorsk,SO2,1g,5.949913405,8.408021145,0,42.9,0,27.8,27.6,0,17.120833333,17.120833333,8661,98.86,1.01
2018,podkarpackie,PL1802,strefa podkarpacka,PkJasloSikor,SO2,1g,6.319207808,10.012384536,0.08659,81.5458,0,49.6759,49.3506,0,26.840173333,26.840173333,8595,98.11,1.01
2018,podkarpackie,PL1802,strefa podkarpacka,PkKrempnaMPN,SO2,1g,2.546425347,3.184144162,0.29477,43.9772,0,15.8993,15.8542,0,9.134705,9.134705,8646,98.69,1.01
2018,podkarpackie,PL1802,strefa podkarpacka,PkMielBierna,SO2,1g,5.701453664,6.223579017,0.05681,122.716,0,57.5242,56.6636,0,28.551179583,28.551179583,8719,99.53,1
2018,podkarpackie,PL1802,strefa podkarpacka,PkNiskoSzkla,SO2,1g,4.105935351,5.072450494,0.00429,52.4841,0,29.5715,29.0534,0,16.736452083,16.736452083,8673,99,1.01
2018,podkarpackie,PL1802,strefa podkarpacka,PkPrzemGrunw,SO2,1g,4.063903432,5.750257733,0.34938,80.0681,0,34.6103,33.9879,0,20.196991667,20.196991667,8749,99.87,1
2018,podkarpackie,PL1801,miasto Rzeszów,PkRzeszRejta,SO2,1g,4.845154648,5.785981441,0.03694,89.4861,0,25.5576,24.8583,0,17.503758333,17.503758333,8670,98.97,1
2018,pomorskie,PL2201,Aglomeracja Trójmiejska,PmGdaKacze02,SO2,1g,4.803724427,5.60481842,0.61124,550.834,2,104.732,104.575,0,27.5862575,27.5862575,8301,94.76,0.93
2018,pomorskie,PL2201,Aglomeracja Trójmiejska,PmGdaLeczk08,SO2,1g,2.745626102,2.517383788,0.58412,232.954,0,49.452,49.435,0,14.627504348,14.627504348,8353,95.35,1.07
2018,pomorskie,PL2201,Aglomeracja Trójmiejska,PmGdaOstrz05,SO2,1g,1.124239152,1.226491273,0.41517,10.1188,0,4.40426,4.39056,0,2.763221667,2.763221667,8470,96.68,0.98
2018,pomorskie,PL2201,Aglomeracja Trójmiejska,PmGdaPoWie01,SO2,1g,4.618766484,4.857009455,0.39013,129.775,0,74.7261,74.5133,0,25.85862875,25.85862875,8294,94.68,0.96
2018,pomorskie,PL2201,Aglomeracja Trójmiejska,PmGdaWyzwo03,SO2,1g,7.923973514,10.730903751,0.5951,353.936,1,146.625,140.15,0,57.341509167,57.341509167,8619,98.39,1.01
2018,pomorskie,PL2201,Aglomeracja Trójmiejska,PmGdyPoreb04,SO2,1g,3.598339635,3.76345921,0.46585,120.164,0,45.5816,42.2255,0,20.416433333,20.416433333,8666,98.92,1
2018,pomorskie,PL2201,Aglomeracja Trójmiejska,PmGdySzaf09N,SO2,1g,2.00864511,2.187166745,0.52697,39.3149,0,18.5538,18.3092,0,7.362827917,7.362827917,8403,95.92,1.07
2018,pomorskie,PL2202,strefa pomorska,PmKosTargo12,SO2,1g,5.687210429,9.06136136,0.06347,40.049,0,28.2123,27.9348,0,17.5975975,17.5975975,8361,95.44,1.04
2018,pomorskie,PL2202,strefa pomorska,PmLebaRabkaE,SO2,24g,1.265868263,1.572527473,0.2,7.6,,,,0,4.6,4.6,334,91.5,0.84
2018,pomorskie,PL2202,strefa pomorska,PmLebMalcz16,SO2,1g,7.053273577,7.588225052,0.01016,31.7404,0,22.0229,22.8472,0,15.273613043,15.4303875,5633,64.3,0.52
2018,pomorskie,PL2202,strefa pomorska,PmLinieKos17,SO2,1g,3.926357137,4.935642309,-0.91767,20.8575,0,13.0451,13.2638,0,10.5946375,11.310367917,6326,72.21,1.45
2018,pomorskie,PL2202,strefa pomorska,PmMalMicki15,SO2,1g,5.214401018,5.031056656,0.08095,38.3417,0,20.2805,21.998,0,13.404758636,13.963135,4902,55.95,0.48
2018,pomorskie,PL2202,strefa pomorska,PmSlupKniazi,SO2,1g,5.850718621,5.353056384,0.05769,38.791,0,22.8243,22.9027,0,12.549647391,13.0306125,7304,83.37,0.83
2018,pomorskie,PL2201,Aglomeracja Trójmiejska,PmSopBitPl06,SO2,1g,1.680040248,1.831068814,0.59415,50.7753,0,18.4747,17.8761,0,8.9034375,8.9034375,8623,98.43,1.01
2018,świętokrzyskie,PL2601,miasto Kielce,SkKielJagiel,SO2,1g,9.803412073,9.821886704,0,70.7,0,41,48,0,23.658333333,26.958333333,3429,39.14,0.59
2018,świętokrzyskie,PL2601,miasto Kielce,SkKielTargow,SO2,1g,6.426066351,,0,40.2,0,26.2,30.8,0,16.638095238,22.516666667,3798,43.35,0.75
2018,świętokrzyskie,PL2602,strefa świętokrzyska,SkKonsGranatMOB,SO2,1g,6.754634088,9.929551315,0,64.6,0,34.5,34.4,0,18.441666667,18.441666667,8308,94.84,1.09
2018,świętokrzyskie,PL2602,strefa świętokrzyska,SkMaloSlonec,SO2,1g,7.62969575,13.671705069,0.7,73.9,0,41.8,40.8,0,30.004166667,30.004166667,8447,96.42,0.94
2018,świętokrzyskie,PL2602,strefa świętokrzyska,SkNowiParkow,SO2,1g,7.685509141,10.743703413,0,62.5,0,35,34.5,0,23.2,23.2,8676,99.04,1.01
2018,świętokrzyskie,PL2602,strefa świętokrzyska,SkPolaRuszcz,SO2,1g,5.782608696,10.832599856,0,106.3,0,44.6,43.5,0,22.0625,22.0625,8579,97.93,1
2018,świętokrzyskie,PL2602,strefa świętokrzyska,SkSwietKrzyz,SO2,1g,7.751814257,6.701172249,0.7,52.3,0,39.3,39.1,0,29.2125,29.2125,8571,97.84,1.01
2018,śląskie,PL2403,miasto Bielsko-Biała,SlBielKossak,SO2,1g,8.004822665,12.833610476,0.40183,108.306,0,66.6567,66.4326,0,48.341641667,48.341641667,8704,99.36,1.01
2018,śląskie,PL2405,strefa śląska,SlCiesMickie,SO2,1g,7.778993398,11.345533245,0.30617,97.8733,0,55.0007,53.7372,0,37.2221625,37.2221625,8688,99.17,0.99
2018,śląskie,PL2404,miasto Częstochowa,SlCzestoArmK,SO2,1g,7.598514595,12.358074624,0.17053,108.438,0,65.632,62.6549,0,32.4183,32.4183,8635,98.57,1.03
2018,śląskie,PL2404,miasto Częstochowa,SlCzestoBacz,SO2,1g,8.327321347,11.915655355,0.37725,121.117,0,54.4371,53.4119,0,31.7552375,31.7552375,8635,98.57,0.98
2018,śląskie,PL2401,Aglomeracja Górnośląska,SlDabro1000L,SO2,1g,8.256244376,13.16330199,0.19763,65.8713,0,49.9775,48.4602,0,31.20535,31.20535,8732,99.68,1
2018,śląskie,PL2401,Aglomeracja Górnośląska,SlGliwicMewy,SO2,1g,8.441569279,11.914983818,0.18034,89.4515,0,51.9099,51.2934,0,37.100775,37.100775,8686,99.15,1
2018,śląskie,PL2401,Aglomeracja Górnośląska,SlKatoKossut,SO2,1g,9.452500945,14.561819108,0.47148,89.9252,0,55.1225,54.8844,0,36.695125,36.695125,8685,99.14,1.01
2018,śląskie,PL2401,Aglomeracja Górnośląska,SlKatoPlebA4,SO2,1g,9.686160294,14.505334728,1.40032,70.0147,0,46.8608,46.4851,0,32.545433333,32.545433333,8666,98.92,1.02
2018,śląskie,PL2402,Aglomeracja Rybnicko-Jastrzębska,SlRybniBorki,SO2,1g,11.275419322,17.7210534,0.28892,163.48,0,96.6433,95.438,0,48.314145833,48.314145833,8711,99.44,1
2018,śląskie,PL2401,Aglomeracja Górnośląska,SlSosnoLubel,SO2,1g,9.793793701,15.761533553,0.19921,87.4859,0,66.9714,65.4922,0,41.610370833,41.610370833,8708,99.4,1.01
2018,śląskie,PL2401,Aglomeracja Górnośląska,SlTychyTolst,SO2,1g,10.86541947,16.989681629,0.92104,161.671,0,80.1932,80.0278,0,45.664941667,45.664941667,8685,99.14,1.01
2018,śląskie,PL2405,strefa śląska,SlUstronSana,SO2,1g,6.675082523,9.58909512,1.061,80.1084,0,56.883,56.6309,0,37.562931818,37.562931818,8436,96.3,0.93
2018,śląskie,PL2405,strefa śląska,SlWodzGalczy,SO2,1g,12.335035139,19.789870794,0.54339,132.199,0,90.848,90.0019,0,56.6370875,56.6370875,8724,99.58,1
2018,śląskie,PL2401,Aglomeracja Górnośląska,SlZabSkloCur,SO2,1g,12.909775685,18.55024261,0.69215,119.903,0,76.308,75.6075,0,52.837779167,52.837779167,8718,99.52,1
2018,śląskie,PL2405,strefa śląska,SlZlotPotLes,SO2,1g,5.085304113,7.30535587,0.16198,42.3274,0,30.5433,29.7873,0,18.567074167,18.567074167,8638,98.6,1.01
2018,śląskie,PL2402,Aglomeracja Rybnicko-Jastrzębska,SlZorySikor2,SO2,1g,11.512261882,16.543184883,0.29675,98.1132,0,72.6617,72.634,0,49.101475,49.101475,8229,93.93,0.91
2018,śląskie,PL2405,strefa śląska,SlZywieKoper,SO2,1g,13.912589433,23.521561155,0.22126,243.698,0,141.906,138.639,1,87.932258333,87.932258333,8663,98.89,1
2018,warmińsko-mazurskie,PL2802,miasto Elbląg,WmElbBazynsk,SO2,1g,3.458064567,4.433620083,0,50.4138,0,24.8352,22.8286,0,9.436830833,9.436830833,8665,98.91,1
2018,warmińsko-mazurskie,PL2803,strefa warmińsko-mazurska,WmElkStadion,SO2,1g,4.161186302,6.138976619,0,45.0163,0,33.6694,32.8231,0,17.149707083,17.149707083,8732,99.68,1.01
2018,warmińsko-mazurskie,PL2803,strefa warmińsko-mazurska,WmGoldJacwie,SO2,1g,4.853048548,5.463949502,0.64985,25.834,0,18.3201,17.8323,0,10.372987083,10.372987083,8742,99.79,1.01
2018,warmińsko-mazurskie,PL2801,miasto Olsztyn,WmOlsPuszkin,SO2,1g,3.598113698,2.522286761,0,42.954,0,15.8489,15.6155,0,8.868099167,8.868099167,8636,98.58,0.99
2018,warmińsko-mazurskie,PL2803,strefa warmińsko-mazurska,WmOstrPilsud,SO2,1g,4.760007179,3.929429697,0,23.966,0,12.7089,12.6769,0,8.19595375,8.19595375,8719,99.53,1
2018,warmińsko-mazurskie,PL2803,strefa warmińsko-mazurska,WmPuszczaBor,SO2,1g,0.520566508,0.689067535,1e-05,20.2884,0,7.01966,6.95413,0,3.29829375,3.29829375,8640,98.63,1.01
2018,wielkopolskie,PL3003,strefa wielkopolska,WpBoroDrapal,SO2,1g,3.453488231,3.60472125,1.04205,17.5316,0,12.2809,12.224,0,7.909666087,7.909666087,8679,99.07,1
2018,wielkopolskie,PL3002,miasto Kalisz,WpKaliSawick,SO2,1g,7.7649613,8.884352175,0.01009,115.488,0,60.8272,60.0843,0,31.953316667,31.953316667,8613,98.32,1
2018,wielkopolskie,PL3003,strefa wielkopolska,WpKoniWyszyn,SO2,1g,4.3408584,4.870029032,0.01006,67.7553,0,26.7062,26.2301,0,13.417208333,13.417208333,8418,96.09,1.03
2018,wielkopolskie,PL3003,strefa wielkopolska,WpKozieosLes,SO2,1g,3.146914726,3.794285002,0.3351,21.6212,0,13.4502,13.2427,0,8.3981125,8.3981125,8324,95.02,0.96
2018,wielkopolskie,PL3003,strefa wielkopolska,WpPiaskiKrzy,SO2,1g,3.924344392,4.575280897,0.01288,27.7493,0,16.2243,16.0769,0,9.951352174,9.951352174,8574,97.87,1.03
2018,wielkopolskie,PL3003,strefa wielkopolska,WpPilaKusoci,SO2,1g,3.082873787,4.909689893,0.21533,27.6499,0,15.5401,15.5245,0,8.147419583,8.147419583,8653,98.77,1.01
2018,wielkopolskie,PL3001,Aglomeracja Poznańska,WpPoznDabrow,SO2,1g,4.40951663,4.660880767,0.20644,23.8148,0,16.2883,15.4021,0,10.060817917,10.060817917,8564,97.76,0.99
2018,wielkopolskie,PL3001,Aglomeracja Poznańska,WpPoznPolank,SO2,1g,3.132693516,3.154545426,0.27,13.7858,0,10.3082,10.0452,0,7.014622609,7.014622609,8663,98.89,1.01
2018,zachodniopomorskie,PL3202,miasto Koszalin,ZpKoszArKraj,SO2,1g,3.157409325,3.729994015,0.09458,30.5095,0,15.3371,15.0404,0,8.7475275,8.7475275,8480,96.8,1.01
2018,zachodniopomorskie,PL3201,Aglomeracja Szczecińska,ZpSzczAndr01,SO2,1g,2.962628962,2.38675766,0.0084,52.6506,0,21.3373,20.9545,0,10.4146825,10.4146825,8630,98.51,1
2018,zachodniopomorskie,PL3203,strefa zachodniopomorska,ZpSzczecPrze,SO2,1g,2.7006254,2.854044268,0.01736,29.929,0,16.6266,16.8978,0,8.766600435,10.718186667,6974,79.61,0.62
2018,zachodniopomorskie,PL3201,Aglomeracja Szczecińska,ZpSzczPils02,SO2,1g,4.206094661,4.350717065,0,296.56,0,52.1079,50.2991,0,15.674272083,15.674272083,8451,96.47,0.96
2018,zachodniopomorskie,PL3203,strefa zachodniopomorska,ZpWiduBulRyb,SO2,1g,3.388795494,3.765910613,0.17051,41.6159,0,22.7753,22.6215,0,11.106641667,11.106641667,8631,98.52,1.01
2019,dolnośląskie,PL0201,Aglomeracja Wrocławska,DsWrocWybCon,SO2,1g,4.035730403,5.245776567,0.60433,57.6117,0,20.8067,20.6096,0,12.374256087,12.374256087,8641,98.64,1.01
2019,dolnośląskie,PL0202,miasto Legnica,DsLegAlRzecz,SO2,1g,4.989424553,6.598146831,0.3839,53.8062,0,30.2523,29.6018,0,15.434870435,15.434870435,8651,98.75,1
2019,dolnośląskie,PL0203,miasto Wałbrzych,DsWalbrzWyso,SO2,1g,4.973886206,7.888553166,0,41.0216,0,30.5631,30.1932,0,18.494258333,18.494258333,8434,96.27,0.96
2019,dolnośląskie,PL0204,strefa dolnośląska,DsDusznikMOB,SO2,1g,3.599131605,5.266517192,0,62.5405,0,34.4005,34.2523,0,17.782878333,17.782878333,8344,95.25,0.94
2019,dolnośląskie,PL0204,strefa dolnośląska,DsDzialoszyn,SO2,1g,3.845187492,4.253676889,0,41.6342,0,14.3248,14.0611,0,11.22854875,11.22854875,8590,98.05,1.01
2019,dolnośląskie,PL0204,strefa dolnośląska,DsDziePilsud,SO2,1g,4.842635461,6.755196727,0,53.7168,0,33.1211,33.0615,0,17.647705417,17.647705417,8617,98.36,1
2019,dolnośląskie,PL0204,strefa dolnośląska,DsJelGorOgin,SO2,1g,4.306966743,5.534912662,0,51.1765,0,25.0303,24.3089,0,13.179627917,13.179627917,8558,97.69,1.02
2019,dolnośląskie,PL0204,strefa dolnośląska,DsKlodzSzkol,SO2,1g,5.055662553,7.41240904,0,39.4064,0,32.1542,32.0604,0,19.0256375,19.0256375,8437,96.31,1.07
2019,dolnośląskie,PL0204,strefa dolnośląska,DsLubanMieszMOB,SO2,1g,4.70227178,7.615962833,0.20413,72.0206,0,29.0768,28.5873,0,16.419264167,16.419264167,8597,98.13,0.98
2019,dolnośląskie,PL0204,strefa dolnośląska,DsOlawZolnAK,SO2,1g,3.925265303,5.187192635,0,42.7673,0,21.0199,20.9541,0,12.638257083,12.638257083,8603,98.2,1.01
2019,dolnośląskie,PL0204,strefa dolnośląska,DsOsieczow21,SO2,1g,3.76798537,4.118637986,0,25.1015,0,15.0189,14.6847,0,8.33862875,8.33862875,8305,94.8,0.95
2019,dolnośląskie,PL0204,strefa dolnośląska,DsSniezkaObs,SO2,24g,2.39890411,2.60989011,0.6,6,,,,0,4.8,4.8,365,100,1.01
2019,dolnośląskie,PL0204,strefa dolnośląska,DsZabkPowWar,SO2,1g,5.152326901,7.036816142,0,34.492,0,19.4711,19.1018,0,13.060229167,13.060229167,8509,97.13,0.98
2019,dolnośląskie,PL0204,strefa dolnośląska,DsZgorBohGet,SO2,1g,4.37133591,6.289524858,0,76.7507,0,30.8959,30.4409,0,17.583367826,17.583367826,8622,98.42,1
2019,kujawsko-pomorskie,PL0401,Aglomeracja Bydgoska,KpBydPlPozna,SO2,1g,2.144777496,3.40295612,0,35.2,0,17.2,16.7,0,9.329166667,9.329166667,8674,99.01,1.01
2019,kujawsko-pomorskie,PL0401,Aglomeracja Bydgoska,KpBydWarszaw,SO2,1g,2.968347307,4.806857798,0,44.5,0,19.9,19.6,0,10.858333333,10.858333333,8707,99.39,1
2019,kujawsko-pomorskie,PL0402,miasto Toruń,KpToruKaszow,SO2,1g,1.703879606,2.434809546,0,19.3,0,10.1,10,0,6.104166667,6.104166667,8738,99.74,1.01
2019,kujawsko-pomorskie,PL0402,miasto Toruń,KpToruWSikor,SO2,1g,2.347401723,3.690590406,0,30.9,0,16.6,17,0,10.2375,10.741666667,7428,84.79,0.76
2019,kujawsko-pomorskie,PL0403,miasto Włocławek,KpWloclOkrze,SO2,1g,1.69884307,2.490366972,0,26.9,0,12.4,12.4,0,7.454166667,7.454166667,8730,99.65,1.01
2019,kujawsko-pomorskie,PL0404,strefa kujawsko - pomorska,KpGrudPilsud,SO2,1g,2.733706805,4.382733438,0,46.3,0,23.3,23.2,0,11.129166667,11.129166667,8479,96.79,0.99
2019,kujawsko-pomorskie,PL0404,strefa kujawsko - pomorska,KpInowSolank,SO2,1g,1.499018766,1.686084321,0,16.8,0,8.3,8.3,0,4.325,4.325,8153,93.07,1.07
2019,kujawsko-pomorskie,PL0404,strefa kujawsko - pomorska,KpKoniczynka,SO2,1g,1.542241801,2.486023973,0,23.7,0,10.3,10.3,0,6.808333333,6.808333333,8172,93.28,0.89
2019,kujawsko-pomorskie,PL0404,strefa kujawsko - pomorska,KpWieniecZdrMOB,SO2,1g,1.704876643,2.502833256,0,28.2,0,17.5,17.3,0,10.291666667,10.291666667,8674,99.01,0.99
2019,kujawsko-pomorskie,PL0404,strefa kujawsko - pomorska,KpZielBoryTu,SO2,1g,3.477196096,4.402039788,0,17.2,0,13.5,13.5,0,11.108333333,11.108333333,7889,90.05,1.01
2019,lubelskie,PL0601,Aglomeracja Lubelska,LbLubObywate,SO2,1g,4.788421803,6.170636406,0,50.1,0,20.1,20,0,11.55,11.55,8421,96.13,1.02
2019,lubelskie,PL0602,strefa lubelska,LbBiaPodOrze,SO2,1g,4.383106467,5.009454706,0,38.6,0,23.9,23.6,0,11.154166667,11.154166667,8566,97.78,1.04
2019,lubelskie,PL0602,strefa lubelska,LbFlorianRPN,SO2,1g,1.908105118,2.930824908,0.1,33.8,0,15.7,14.7,0,7.445833333,7.445833333,8676,99.04,1
2019,lubelskie,PL0602,strefa lubelska,LbJarczWolaM,SO2,24g,1.464265928,1.89281768,0.2,7.2,,,,0,4.6,4.6,361,98.9,0.99
2019,lubelskie,PL0602,strefa lubelska,LbZamoHrubie,SO2,1g,3.819614137,5.421670645,0.7,35.166,0,23.6,23.445,0,10.357666667,10.357666667,8610,98.28,0.99
2019,lubuskie,PL0801,miasto Gorzów Wielkopolski,LuGorzKosGdy,SO2,1g,3.957893258,5.783785323,0.00222,15.281,0,13.0484,13.0195,0,10.98591,10.98591,8637,98.59,1
2019,lubuskie,PL0802,miasto Zielona Góra,LuZielKrotka,SO2,1g,6.746537083,9.515464171,0.01921,33.6113,0,21.1692,20.8418,0,17.2018375,17.2018375,8511,97.15,1.03
2019,lubuskie,PL0803,strefa lubuska,LuSmolBytnic,SO2,1g,1.908015981,2.143770892,0.54497,21.8679,0,9.20062,9.00475,0,4.75472625,4.75472625,8701,99.32,1
2019,lubuskie,PL0803,strefa lubuska,LuSulecDudka,SO2,1g,2.233280086,3.642333863,0.02701,20.0796,0,11.5685,11.5685,0,5.74269875,5.74269875,8148,93.01,1.14
2019,lubuskie,PL0803,strefa lubuska,LuWsKaziWiel,SO2,1g,4.831685495,7.609947071,0.0646,21.3539,0,15.9108,15.9054,0,11.030363333,11.030363333,8468,96.66,1.05
2019,lubuskie,PL0803,strefa lubuska,LuZarySzyman,SO2,1g,6.967869965,8.277901965,0.05837,38.6823,0,26.2852,25.9431,0,18.1376625,18.1376625,8503,97.06,0.97
2019,łódzkie,PL1001,Aglomeracja Łódzka,LdLodzCzerni,SO2,1g,3.740819176,5.144173954,1,36.3,0,21.5,21.1,0,11.2,11.2,8594,98.1,1.02
2019,łódzkie,PL1001,Aglomeracja Łódzka,LdLodzGdansk,SO2,1g,4.522301496,7.077556687,0.8,84.3,0,27.1,26.8,0,16.445833333,16.445833333,8690,99.2,1.02
2019,łódzkie,PL1001,Aglomeracja Łódzka,LdPabiKonsta,SO2,1g,5.490498869,8.257301922,0.37352445,45.5,0,33.3,32.4,0,18.891666667,18.891666667,8528,97.35,1
2019,łódzkie,PL1001,Aglomeracja Łódzka,LdZgieMielcz,SO2,1g,6.321645072,9.438670695,0.7,92.8,0,56.3,56.1,0,21.3125,21.3125,8644,98.67,1.01
2019,łódzkie,PL1002,strefa łódzka,LdGajewUjWod,SO2,1g,3.088968076,4.881830953,0.64360465,21.4,0,16,15.8,0,10.4,10.4,8489,96.9,1.02
2019,łódzkie,PL1002,strefa łódzka,LdParzniUjWo,SO2,1g,3.373577048,4.2225058,1.2,27.8,0,18.4,17.8,0,9.791666667,9.791666667,8644,98.67,1
2019,łódzkie,PL1002,strefa łódzka,LdPioTrKraPr,SO2,1g,5.389469998,8.231581385,0.9,58.2,0,36.1,35.5,0,20.441666667,20.441666667,8566,97.78,1.01
2019,łódzkie,PL1002,strefa łódzka,LdRadomsRoln,SO2,1g,6.53316781,9.648166399,0.86,101.9,0,51.4,50.82,0,20.733333333,20.733333333,8599,98.16,1.01
2019,małopolskie,PL1201,Aglomeracja Krakowska,MpKrakBujaka,SO2,1g,4.702029556,6.238178186,0.99861,41.2591,0,22.2677,22.064,0,14.028820833,14.028820833,8594,98.1,1.01
2019,małopolskie,PL1201,Aglomeracja Krakowska,MpKrakBulwar,SO2,1g,5.391425393,6.507390086,1,57.6939,0,25.796,25.6508,0,14.061185833,14.061185833,8659,98.84,1
2019,małopolskie,PL1202,miasto Tarnów,MpTarBitStud,SO2,1g,6.833645182,9.772576699,1,84.0441,0,43.6356,43.1199,0,23.906065217,23.906065217,8597,98.13,1
2019,małopolskie,PL1203,strefa małopolska,MpNoSaczNadb,SO2,1g,4.721462982,6.375091395,0.98502,54.9715,0,30.7288,30.1541,0,16.219730435,16.219730435,8670,98.97,1
2019,małopolskie,PL1203,strefa małopolska,MpNoTargPSlo,SO2,1g,10.360529233,17.475340306,0.99802,341.794,0,97.275,92.9586,0,56.480666667,56.480666667,8685,99.14,1.01
2019,małopolskie,PL1203,strefa małopolska,MpSkawOsOgro,SO2,1g,7.137652181,10.716603105,0.99828,63.7079,0,39.1411,39.0153,0,26.053395833,26.053395833,8631,98.52,1.02
2019,małopolskie,PL1203,strefa małopolska,MpSzymbaGorl,SO2,1g,2.811962304,3.77355558,1,22.7746,0,16.0574,15.7934,0,10.947202917,10.947202917,8667,98.93,1.01
2019,małopolskie,PL1203,strefa małopolska,MpTrzebOsZWM,SO2,1g,9.56562006,14.720436877,1,97.304,0,56.6834,56.4402,0,34.668345833,34.668345833,8636,98.58,1.01
2019,małopolskie,PL1203,strefa małopolska,MpZakopaSien,SO2,1g,7.766395499,10.904378705,1,75.3578,0,47.3347,46.7066,0,27.233866667,27.233866667,8542,97.51,1.02
2019,mazowieckie,PL1401,Aglomeracja Warszawska,MzWarChrosci,SO2,1g,2.382284496,4.3692254,0.07569,29.6,0,11.1,11.05074,0,7.3866526,7.3866526,8251,94.18,1.1
2019,mazowieckie,PL1401,Aglomeracja Warszawska,MzWarKondrat,SO2,1g,2.36322106,4.442463869,0,98.85,0,45.6,42.25,0,12.891666667,12.891666667,8699,99.3,1.01
2019,mazowieckie,PL1402,miasto Płock,MzPlocKroJad,SO2,1g,4.320925836,3.85487956,0,193,0,94.65,94.1,0,35.641666667,35.641666667,8531,97.38,0.96
2019,mazowieckie,PL1402,miasto Płock,MzPlocMiReja,SO2,1g,3.565820896,4.106615741,0,173,0,68.7,65.5,0,18.554166667,18.554166667,8710,99.42,1
2019,mazowieckie,PL1403,miasto Radom,MzRadTochter,SO2,1g,2.123394692,3.241392,0,24.48,0,14.48,14.09,0,8.091666667,8.091666667,8666,98.92,1.02
2019,mazowieckie,PL1404,strefa mazowiecka,MzBelsIGFPAN,SO2,1g,2.022876158,2.414392698,0.067,32.6252,0,11.2803,11.0443,0,6.764195833,6.764195833,8657,98.82,1
2019,mazowieckie,PL1404,strefa mazowiecka,MzBialaKmiciMOB,SO2,1g,10.813264217,10.257460474,0,436.38,3,270.83474943,268.62605482,3,115.725833333,115.725833333,8448,96.43,1.02
2019,mazowieckie,PL1404,strefa mazowiecka,MzGranicaKPN,SO2,1g,2.014826141,2.621072268,0,25.7,0,12.1,12.1,0,8.1125,8.1125,8110,92.57,0.99
2019,mazowieckie,PL1404,strefa mazowiecka,MzGutyDuCzer,SO2,1g,1.69176827,1.993381599,0.05,21.45,0,10.65,10.65,0,6.035,6.035,8087,92.31,0.87
2019,mazowieckie,PL1404,strefa mazowiecka,MzKonJezMos,SO2,1g,3.243099714,3.582889233,0,22.95,0,13.3,13.28433748,0,8.220833333,8.220833333,8251,94.18,1.05
2019,mazowieckie,PL1404,strefa mazowiecka,MzLegZegrzyn,SO2,1g,3.383159639,5.475295486,0,26.52,0,15.35,15.249,0,10.617208333,10.617208333,8652,98.76,1.01
2019,mazowieckie,PL1404,strefa mazowiecka,MzOtwoBrzozo,SO2,1g,3.614858342,5.423041261,0,63.2,0,29.55,29.2,0,15.266666667,15.266666667,8577,97.91,1
2019,opolskie,PL1601,miasto Opole,OpOpoleOsAKr,SO2,1g,5.242080915,6.176692297,0.46559,40.1574,0,24.8056,24.6891,0,13.7230975,13.7230975,8483,96.83,1.02
2019,opolskie,PL1602,strefa opolska,OpKKozBSmial,SO2,1g,5.575830049,7.636581814,0.9356,58.9576,0,34.1901,33.2552,0,20.605573913,20.605573913,8631,98.52,1.01
2019,opolskie,PL1602,strefa opolska,OpZdziePiast,SO2,1g,10.085426173,12.748397184,1.081,80.2702,0,41.7975,41.7191,0,29.730808333,29.730808333,8179,93.36,0.9
2019,podkarpackie,PL1801,miasto Rzeszów,PkRzeszRejta,SO2,1g,5.41974333,8.028033937,0.12665,52.6999,0,31.275,31.0999,0,19.162254167,19.162254167,8732,99.68,1.01
2019,podkarpackie,PL1802,strefa podkarpacka,PkJasloSikor,SO2,1g,6.638211829,9.385020958,0.01533,80.0359,0,57.2085,55.8372,0,28.226947917,28.226947917,8705,99.37,1
2019,podkarpackie,PL1802,strefa podkarpacka,PkKrempnaMPN,SO2,1g,2.801186279,3.424870929,0.05621,25.0872,0,17.269,16.9683,0,9.5651625,9.5651625,8639,98.61,0.99
2019,podkarpackie,PL1802,strefa podkarpacka,PkMielBierna,SO2,1g,4.33125566,6.880875269,0.04138,71.2181,0,32.3828,30.328,0,13.422254167,13.422254167,8355,95.37,0.93
2019,podkarpackie,PL1802,strefa podkarpacka,PkNiskoSzkla,SO2,1g,3.684666687,4.921920329,0.05015,93.9079,0,31.5638,31.1607,0,12.34319625,12.34319625,8509,97.13,0.96
2019,podkarpackie,PL1802,strefa podkarpacka,PkPrzemGrunw,SO2,1g,2.774526275,5.116822876,0.08781,35.072,0,22.8779,22.676,0,15.289567083,15.289567083,8700,99.31,1.02
2019,podlaskie,PL2001,Aglomeracja Białostocka,PdBialWaszyn,SO2,1g,1.147572368,1.52482188,0,23.2,0,8.2,7.9,0,3.779166667,3.779166667,8671,98.98,0.99
2019,podlaskie,PL2002,strefa podlaska,PdAugustoZdrMOB,SO2,1g,2.985408824,3.40137433,0,26.3,0,13,13.4,0,9.1,9.670833333,6641,75.81,0.83
2019,podlaskie,PL2002,strefa podlaska,PdBorsukowiz,SO2,1g,1.367108115,1.757902033,0,9.6,0,5.5,5.5,0,3.391666667,3.391666667,8306,94.81,0.92
2019,podlaskie,PL2002,strefa podlaska,PdLomSikorsk,SO2,1g,5.162882839,7.48287703,0,53.9,0,21.3,21.2,0,14.6375,14.6375,8228,93.92,1
2019,pomorskie,PL2201,Aglomeracja Trójmiejska,PmGdaKacze02,SO2,1g,4.603829826,7.153383468,0.44173,516.494,3,138.669,138.484,0,54.982459565,54.982459565,8606,98.24,1.01
2019,pomorskie,PL2201,Aglomeracja Trójmiejska,PmGdaLeczk08,SO2,1g,1.843739086,3.291728449,0.61731,101.179,0,16.3509,15.6643,0,6.597794348,6.597794348,8385,95.71,1.06
2019,pomorskie,PL2201,Aglomeracja Trójmiejska,PmGdaOstrz05,SO2,1g,1.241163524,1.497164562,0.45458,21.3507,0,4.67835,4.62988,0,3.494852174,3.494852174,8579,97.93,1.01
2019,pomorskie,PL2201,Aglomeracja Trójmiejska,PmGdaPoWie01,SO2,1g,3.189418095,3.811042056,0.47289,71.9094,0,29.444,29.4425,0,10.559642083,10.559642083,8500,97.03,1.04
2019,pomorskie,PL2201,Aglomeracja Trójmiejska,PmGdaWyzwo03,SO2,1g,4.505532229,7.621769826,0.58163,195.672,0,130.601,126.1,0,43.960663913,43.960663913,8632,98.53,1
2019,pomorskie,PL2201,Aglomeracja Trójmiejska,PmGdyPoreb04,SO2,1g,2.2271978,4.535963698,0.48812,84.879,0,17.7526,17.4085,0,8.837872917,8.837872917,8690,99.2,1.01
2019,pomorskie,PL2201,Aglomeracja Trójmiejska,PmGdySzaf09N,SO2,1g,1.663715058,2.385584179,0.50333,65.8226,0,12.7284,12.5757,0,5.4447075,5.4447075,8433,96.26,1.05
2019,pomorskie,PL2201,Aglomeracja Trójmiejska,PmSopBitPl06,SO2,1g,1.36945713,1.884395271,0.48736,45.7335,0,13.5223,13.2559,0,6.131392083,6.131392083,8600,98.17,1
2019,pomorskie,PL2202,strefa pomorska,PmKosTargo12,SO2,1g,4.373915556,5.957883954,-0.53752,27.5604,0,16.5705,16.644,0,11.359355909,11.359355909,7430,84.81,1.03
2019,pomorskie,PL2202,strefa pomorska,PmLebaRabkaE,SO2,24g,1.226519337,1.114285714,0.2,5,,,,0,3.2,3.2,362,99.17,1
2019,pomorskie,PL2202,strefa pomorska,PmMalMicki15,SO2,1g,3.253037686,4.153176361,0.05066,17.7177,0,10.8754,10.7865,0,7.357820833,7.357820833,8466,96.64,1.03
2019,śląskie,PL2401,Aglomeracja Górnośląska,SlDabro1000L,SO2,1g,6.874924196,10.515166932,0.52996,73.0256,0,40.215,39.9737,0,24.888533333,24.888533333,8746,99.84,1
2019,śląskie,PL2401,Aglomeracja Górnośląska,SlGliwicMewy,SO2,1g,7.175304349,10.237280993,1,63.8363,0,46.4466,45.9013,0,30.68479125,30.68479125,8731,99.66,1
2019,śląskie,PL2401,Aglomeracja Górnośląska,SlKatoKossut,SO2,1g,7.658187056,11.340496907,1.15445,97.84,0,56.1619,53.6207,0,25.19305625,25.19305625,8657,98.82,1.02
2019,śląskie,PL2401,Aglomeracja Górnośląska,SlKatoPlebA4,SO2,1g,8.789882171,12.642614389,0.83256,68.1787,0,44.7828,44.1284,0,25.936570833,25.936570833,8730,99.65,1.01
2019,śląskie,PL2401,Aglomeracja Górnośląska,SlSosnoLubel,SO2,1g,8.965196217,14.73978864,0.47198,94.3807,0,55.9876,55.0215,0,38.035120833,38.035120833,8713,99.46,1.01
2019,śląskie,PL2401,Aglomeracja Górnośląska,SlTychyTolst,SO2,1g,8.903407194,13.381233791,0.49775,102.911,0,74.022,72.6245,0,44.8373,44.8373,8747,99.85,1
2019,śląskie,PL2401,Aglomeracja Górnośląska,SlZabSkloCur,SO2,1g,11.280067354,17.073184809,1.11535,128.302,0,79.6509,78.4043,0,44.750075,44.750075,8728,99.63,1
2019,śląskie,PL2402,Aglomeracja Rybnicko-Jastrzębska,SlRybniBorki,SO2,1g,9.481152306,14.360578082,0.23474,159.149,0,86.0292,85.8747,0,48.93578375,48.93578375,8707,99.39,1.01
2019,śląskie,PL2402,Aglomeracja Rybnicko-Jastrzębska,SlZorySikor2,SO2,1g,9.169815738,13.853614082,0.88997,87.4971,0,57.1357,55.6435,0,42.0218875,42.0218875,8725,99.6,1
2019,śląskie,PL2403,miasto Bielsko-Biała,SlBielKossak,SO2,1g,6.339347087,10.100747114,0.89259,81.2766,0,50.9837,50.4433,0,29.742541667,29.742541667,8726,99.61,1.01
2019,śląskie,PL2404,miasto Częstochowa,SlCzestoArmK,SO2,1g,7.245764372,10.161367717,0.20988,72.0696,0,50.8191,50.5213,0,33.457020833,33.457020833,8704,99.36,1
2019,śląskie,PL2404,miasto Częstochowa,SlCzestoBacz,SO2,1g,7.884755214,10.331908826,0.97255,67.9202,0,50.2989,49.2413,0,28.733291667,28.733291667,8606,98.24,1.03
2019,śląskie,PL2405,strefa śląska,SlCiesMickie,SO2,1g,7.556295266,9.095401902,0.16711,117.285,0,64.0318,63.8407,0,27.792458333,27.792458333,8718,99.52,1.01
2019,śląskie,PL2405,strefa śląska,SlUstronSana,SO2,1g,5.5238487,7.821191322,1.56691,55.796,0,31.5968,31.2055,0,20.296020833,20.296020833,8611,98.29,1.03
2019,śląskie,PL2405,strefa śląska,SlWodzGalczy,SO2,1g,10.185330017,16.37528563,0.2,114.197,0,81.3444,78.8776,0,54.7959,54.7959,8699,99.3,1
2019,śląskie,PL2405,strefa śląska,SlZlotPotLes,SO2,1g,4.727897182,6.985862778,0.1658,52.6128,0,30.6709,29.9053,0,17.8333375,17.8333375,8716,99.49,1
2019,śląskie,PL2405,strefa śląska,SlZywieKoper,SO2,1g,11.435094267,19.491441262,0.4773,152.587,0,87.7303,86.9793,0,60.104025,60.104025,8622,98.42,1
2019,świętokrzyskie,PL2601,miasto Kielce,SkKielTargow,SO2,1g,7.208931959,9.148949443,0,44.8,0,29.6,29.3,0,19.5,19.5,8539,97.47,1.02
2019,świętokrzyskie,PL2602,strefa świętokrzyska,SkMaloSlonec,SO2,1g,6.845119281,9.118125573,0.4,36.4,0,29.2,29.1,0,19.7,19.7,8677,99.05,0.99
2019,świętokrzyskie,PL2602,strefa świętokrzyska,SkNowiParkow,SO2,1g,7.319965803,9.703729537,0,52.2,0,28.8,28.7,0,18.086363636,18.086363636,8436,96.3,1.02
2019,świętokrzyskie,PL2602,strefa świętokrzyska,SkPolaRuszcz,SO2,1g,6.650197792,6.669586207,2.2,38.2,0,26.8,26.4,0,16.2375,16.2375,8696,99.26,1
2019,świętokrzyskie,PL2602,strefa świętokrzyska,SkSkarZielnaMOB,SO2,1g,7.25337806,8.481016949,1.2,53.8,0,43.1,42.7,0,25.166666667,25.166666667,8496,96.98,0.99
2019,warmińsko-mazurskie,PL2801,miasto Olsztyn,WmOlsPuszkin,SO2,1g,5.650308579,5.756598959,0.01007,51.1251,0,34.2366,31.934,0,19.43001375,19.43001375,8618,98.37,1.04
2019,warmińsko-mazurskie,PL2802,miasto Elbląg,WmElbBazynsk,SO2,1g,3.595867723,4.40881783,0,44.0386,0,21.9627,21.516,0,9.998359167,9.998359167,8476,96.75,1.03
2019,warmińsko-mazurskie,PL2803,strefa warmińsko-mazurska,WmElkStadion,SO2,1g,1.878160195,2.503353388,0,32.7221,0,17.2677,16.9055,0,8.11203125,8.11203125,8665,98.91,1.01
2019,warmińsko-mazurskie,PL2803,strefa warmińsko-mazurska,WmGoldJacwie,SO2,1g,4.076525656,5.383748408,0.01631,25.8566,0,14.7716,14.7305,0,8.53462625,8.53462625,8679,99.07,0.99
2019,warmińsko-mazurskie,PL2803,strefa warmińsko-mazurska,WmOstrPilsud,SO2,1g,4.894478116,5.31941399,0.05698,23.4192,0,14.1128,14.0611,0,12.017296667,12.017296667,8663,98.89,1.01
2019,warmińsko-mazurskie,PL2803,strefa warmińsko-mazurska,WmPuszczaBor,SO2,1g,0.570494119,0.807231668,-0.00448,8.79828,0,5.47152,5.47294,0,3.178002917,3.178002917,7744,88.4,0.88
2019,wielkopolskie,PL3001,Aglomeracja Poznańska,WpPoznDabrow,SO2,1g,3.124264967,5.326382285,0.21285,48.0843,0,11.3154,11.3154,0,7.523892174,7.523892174,7957,90.83,1.2
2019,wielkopolskie,PL3001,Aglomeracja Poznańska,WpPoznPolank,SO2,1g,2.451229473,4.388680362,0.05363,17.2148,0,10.0706,9.98534,0,7.041435417,7.041435417,8675,99.02,1
2019,wielkopolskie,PL3002,miasto Kalisz,WpKaliSawick,SO2,1g,7.798144178,8.965681721,0.0714,76.6529,0,45.9712,44.8376,0,21.080541667,21.080541667,8544,97.53,1.05
2019,wielkopolskie,PL3003,strefa wielkopolska,WpBoroDrapal,SO2,1g,2.506191196,4.409087967,0.42508,16.0779,0,11.6222,11.5176,0,7.800544167,7.800544167,8655,98.8,1.01
2019,wielkopolskie,PL3003,strefa wielkopolska,WpKoniWyszyn,SO2,1g,3.013729189,4.453620906,0.03405,89.6801,0,17.5295,17.2961,0,11.391276667,11.391276667,8655,98.8,1.01
2019,wielkopolskie,PL3003,strefa wielkopolska,WpKozieosLes,SO2,1g,1.542218348,3.175767476,0.12809,17.8267,0,9.01407,9.01407,0,5.387977083,5.387977083,7964,90.91,1.02
2019,wielkopolskie,PL3003,strefa wielkopolska,WpPiaskiKrzy,SO2,1g,2.48696099,4.113806373,0.47708,31.7731,0,11.1026,11.0412,0,6.83215125,6.83215125,8630,98.51,1.01
2019,wielkopolskie,PL3003,strefa wielkopolska,WpPilaKusoci,SO2,1g,3.675196926,4.760111125,0.73323,29.6819,0,20.0821,19.7267,0,9.94347375,9.94347375,8672,98.99,1
2019,zachodniopomorskie,PL3201,Aglomeracja Szczecińska,ZpSzczPils02,SO2,1g,5.084352217,4.655294588,0.00813,468.326,2,33.6809,30.5155,0,13.47074125,13.47074125,8627,98.48,1.01
2019,zachodniopomorskie,PL3202,miasto Koszalin,ZpKoszArKraj,SO2,1g,3.650198682,3.939048521,0.03473,23.4065,0,9.96392,9.954,0,7.970733333,7.970733333,8332,95.11,1.09
2019,zachodniopomorskie,PL3203,strefa zachodniopomorska,ZpSzczecPrze,SO2,1g,2.368960162,3.73064603,-0.05477,47.2117,0,23.2694,22.3835,0,10.739564167,10.739564167,8543,97.52,1.01
2019,zachodniopomorskie,PL3203,strefa zachodniopomorska,ZpWiduBulRyb,SO2,1g,3.129149284,3.534247859,0.09911,279.102,0,35.567,34.6083,0,10.51101375,10.51101375,8633,98.55,1.01
2020,dolnośląskie,PL0201,Aglomeracja Wrocławska,DsWrocWybCon,SO2,1g,4.256774009,4.536920911,0.78317,34.599,0,20.5568,19.9747,0,11.530065,11.530065,8555,97.39,1.01
2020,dolnośląskie,PL0203,miasto Wałbrzych,DsWalbrzWyso,SO2,1g,4.777249411,5.755182767,0.35245,37.4868,0,22.7304,22.5797,0,11.002982083,11.002982083,8234,93.73,0.93
2020,dolnośląskie,PL0205,strefa dolnośląska_2,DsJelGorOgin,SO2,1g,4.627327963,5.551526174,0.01065,41.2825,0,24.4208,24.1223,0,11.186529167,11.186529167,8671,98.71,0.99
2020,dolnośląskie,PL0205,strefa dolnośląska_2,DsLegAlRzecz,SO2,1g,5.273120301,6.470777656,1.19781,89.5901,0,35.8628,35.028,0,16.030022083,16.030022083,8630,98.24,0.99
2020,dolnośląskie,PL0205,strefa dolnośląska_2,DsOsieczow21,SO2,1g,3.958774703,4.361540249,0,21.5453,0,12.2275,12.1754,0,8.686379167,8.686379167,8550,97.33,0.99
2020,dolnośląskie,PL0205,strefa dolnośląska_2,DsSniezkaObs,SO2,24g,2.256830601,2.676502732,0.8,5.6,,,,0,5.2,5.2,366,100,1
2020,kujawsko-pomorskie,PL0401,Aglomeracja Bydgoska,KpBydWarszaw,SO2,1g,2.460219353,3.667996353,0,27.3,0,17.8,17.5,0,8.858333333,8.858333333,8753,99.64,0.99
2020,kujawsko-pomorskie,PL0402,miasto Toruń,KpToruDziewu,SO2,1g,1.291056076,1.711650024,0,28,0,7.9,7.9,0,5.054166667,5.054166667,7793,88.71,0.9
2020,kujawsko-pomorskie,PL0402,miasto Toruń,KpToruWSikor,SO2,1g,1.784916409,2.551425206,0,28,0,11.5,11.5,0,6.279166667,6.279166667,8075,91.92,0.84
2020,kujawsko-pomorskie,PL0403,miasto Włocławek,KpWloclKalis,SO2,1g,1.110806155,1.845407925,0,19,0,9.4,9.3,0,4.670833333,4.670833333,8708,99.13,1.01
2020,kujawsko-pomorskie,PL0404,strefa kujawsko - pomorska,KpInowSolank,SO2,1g,1.60782168,1.674458381,0,21.4,0,9.3,9.2,0,6.029166667,6.029166667,8681,98.82,1.02
2020,kujawsko-pomorskie,PL0404,strefa kujawsko - pomorska,KpKoniczynka,SO2,1g,1.377367521,1.749242424,0,22.1,0,9.8,9.7,0,4.95,4.95,8775,99.89,1
2020,kujawsko-pomorskie,PL0404,strefa kujawsko - pomorska,KpZielBoryTu,SO2,1g,1.696263009,2.601280376,0,8.5,0,5.7,5.6,0,4.295833333,4.295833333,8456,96.26,1.04
2020,lubelskie,PL0601,Aglomeracja Lubelska,LbLubObywate,SO2,1g,4.397186849,4.636831522,0.2,19,0,13.6,13.4,0,11.191666667,11.191666667,8622,98.15,1.02
2020,lubelskie,PL0602,strefa lubelska,LbBiaPodOrze,SO2,1g,4.502941573,4.857635456,0.18,31.7,0,18.53,18.1,0,9.591666667,9.591666667,8545,97.27,1.02
2020,lubelskie,PL0602,strefa lubelska,LbFlorianRPN,SO2,1g,2.005694721,2.438470183,0.175,23.53,0,11.2,11.33,0,6.45,6.5625,7521,85.62,0.72
2020,lubelskie,PL0602,strefa lubelska,LbJarczWolaM,SO2,24g,1.299724518,1.716483516,0.2,6,,,,0,3.6,3.6,363,99.18,0.98
2020,lubelskie,PL0602,strefa lubelska,LbZamoHrubie,SO2,1g,4.180963441,4.618038931,0,37.3,0,16.8,16.5,0,9.804166667,9.804166667,8753,99.64,1
2020,lubuskie,PL0801,miasto Gorzów Wielkopolski,LuGorzKosGdy,SO2,1g,5.082641919,4.279705498,0.00268,21.7767,0,13.0003,12.8471,0,9.864456087,9.864456087,8349,95.04,0.92
2020,lubuskie,PL0802,miasto Zielona Góra,LuZielKrotka,SO2,1g,8.231728568,8.491383813,0.03029,30.5205,0,21.4847,21.3088,0,19.293925,19.293925,8274,94.19,0.92
2020,lubuskie,PL0803,strefa lubuska,LuSmolBytnic,SO2,1g,2.050441264,2.309311042,0.40249,10.994,0,7.44887,7.43791,0,4.405095417,4.405095417,8723,99.3,1.01
2020,lubuskie,PL0803,strefa lubuska,LuSulecDudka,SO2,1g,3.891822164,3.535347632,1.14041,18.1335,0,11.91,11.91,0,8.152480417,8.152480417,7996,91.02,0.85
2020,lubuskie,PL0803,strefa lubuska,LuWsKaziWiel,SO2,1g,6.004366433,6.400825815,0.09764,22.6477,0,19.0196,19.1498,0,14.571458333,14.571458333,7807,88.87,0.8
2020,lubuskie,PL0803,strefa lubuska,LuZarySzyman,SO2,1g,8.075689204,8.411566194,0.02512,34.9162,0,25.6025,25.3627,0,18.41115,18.41115,8642,98.38,0.99
2020,łódzkie,PL1001,Aglomeracja Łódzka,LdLodzGdansk,SO2,1g,4.249679447,5.407136259,1,36.4,0,22.7,22.6,0,12.2875,12.2875,8763,99.76,1
2020,łódzkie,PL1001,Aglomeracja Łódzka,LdPabiKonsta,SO2,1g,6.07952795,7.779566223,0.76777251,57.2,0,35.3,35.2,0,16.8875,16.8875,8487,96.61,1.06
2020,łódzkie,PL1001,Aglomeracja Łódzka,LdZgieMielcz,SO2,1g,5.962527854,9.067851298,1.2,82.2,0,43,43,0,18.579166667,18.579166667,8436,96.03,1.05
2020,łódzkie,PL1002,strefa łódzka,LdGajewUjWod,SO2,1g,2.848553538,3.734462851,1.1,16.1,0,10.3,10.3,0,6.5875,6.5875,7985,90.9,0.96
2020,łódzkie,PL1002,strefa łódzka,LdParzniUjWo,SO2,1g,3.262350894,3.870492718,0.9,39.5,0,19,18.5,0,10.529166667,10.529166667,8671,98.71,0.98
2020,łódzkie,PL1002,strefa łódzka,LdPioTrKraPr,SO2,1g,5.334909133,7.270359071,1,37.8,0,28.5,28.3,0,15.2125,15.2125,8694,98.97,1.01
2020,łódzkie,PL1002,strefa łódzka,LdRadomsRoln,SO2,1g,6.367947238,8.64027894,0.9,60.28,0,39.38,38.68,0,19.312083333,19.312083333,8491,96.66,1.06
2020,małopolskie,PL1201,Aglomeracja Krakowska,MpKrakBujaka,SO2,1g,3.88887915,5.315616904,0.99956,50.2278,0,20.3484,19.8059,0,13.175677083,13.175677083,8598,97.88,1.01
2020,małopolskie,PL1201,Aglomeracja Krakowska,MpKrakBulwar,SO2,1g,4.875546457,6.122252706,1.00415,35.472,0,21.2429,20.7986,0,11.560907391,11.560907391,8541,97.23,0.97
2020,małopolskie,PL1202,miasto Tarnów,MpTarBitStud,SO2,1g,5.964989509,7.30064224,0.99602,62.7984,0,33.7327,33.1123,0,18.018330417,18.018330417,8627,98.21,0.99
2020,małopolskie,PL1203,strefa małopolska,MpNoSaczNadb,SO2,1g,5.576519583,6.870934705,0.99297,51.0585,0,33.7721,33.654,0,16.5742875,16.5742875,8723,99.3,0.99
2020,małopolskie,PL1203,strefa małopolska,MpNoTargPSlo,SO2,1g,8.270808785,13.407339908,1,84.9478,0,47.2034,44.354,0,25.102386957,25.102386957,8721,99.28,1
2020,małopolskie,PL1203,strefa małopolska,MpSkawOsOgro,SO2,1g,5.954183585,9.180961382,0.99991,65.651,0,34.4634,33.8432,0,23.93145625,23.93145625,8485,96.59,1
2020,małopolskie,PL1203,strefa małopolska,MpSzymbaGorl,SO2,1g,2.529738801,3.07563725,1,25.1,0,9.8,9.696,0,5.803291667,5.803291667,8509,96.86,0.99
2020,małopolskie,PL1203,strefa małopolska,MpTrzebOsZWM,SO2,1g,9.338664914,13.180382103,0.98615,82.4253,0,52.4427,51.6631,0,33.211870833,33.211870833,8690,98.92,1
2020,małopolskie,PL1203,strefa małopolska,MpZakopaSien,SO2,1g,6.959950919,10.599228239,1,80.4458,0,42.9191,42.0339,0,29.286930417,29.286930417,8688,98.9,0.99
2020,mazowieckie,PL1401,Aglomeracja Warszawska,MzWarChrosci,SO2,1g,2.813277239,3.490540812,0,34.06,0,13.46,13,0,7.420833333,7.420833333,8692,98.95,0.99
2020,mazowieckie,PL1402,miasto Płock,MzPlocKroJad,SO2,1g,5.34060282,3.969788732,0,231.4,0,77,73.8,0,28.619047619,28.619047619,8228,93.67,0.99
2020,mazowieckie,PL1402,miasto Płock,MzPlocMiReja,SO2,1g,2.825006895,2.573465663,0,322.75,0,45.04,42.5,0,14.873333333,14.873333333,8702,99.06,0.98
2020,mazowieckie,PL1403,miasto Radom,MzRadTochter,SO2,1g,2.203243931,3.005194625,0,21.95,0,16.3,15.92,0,9.608333333,9.608333333,8650,98.47,0.98
2020,mazowieckie,PL1404,strefa mazowiecka,MzBelsIGFPAN,SO2,1g,2.263311502,1.972628088,0,55.5,0,11.4,11.4,0,6.4625,6.4625,8703,99.07,1
2020,mazowieckie,PL1404,strefa mazowiecka,MzBialaKmiciMOB,SO2,1g,12.054450557,12.221824176,0,633.46,23,329.95,328.16,0,100.946666667,100.946666667,8601,97.91,1.02
2020,mazowieckie,PL1404,strefa mazowiecka,MzGutyDuCzer,SO2,1g,1.891091301,1.894620311,0,11.8,0,9.16,9.1,0,6.141666667,6.141666667,8646,98.42,1.01
2020,mazowieckie,PL1404,strefa mazowiecka,MzOtwoBrzozo,SO2,1g,3.10180866,4.250742235,0,64.584,0,36.816,35.464,0,13.403,13.403,8707,99.12,1
2020,opolskie,PL1601,miasto Opole,OpOpoleOsAKr,SO2,1g,3.634094034,5.498392065,0.62138,33.7741,0,20.1674,19.8653,0,11.911150417,11.911150417,8757,99.69,1.01
2020,opolskie,PL1602,strefa opolska,OpKKozBSmial,SO2,1g,4.391552813,6.15822818,0.64528,45.0499,0,24.3892,24.1254,0,12.820822083,12.820822083,8543,97.25,1.01
2020,podkarpackie,PL1801,miasto Rzeszów,PkRzeszRejta,SO2,1g,5.202187551,5.60816388,0.01256,35.3865,0,19.9552,19.7439,0,12.455230417,12.455230417,8700,99.04,1.01
2020,podkarpackie,PL1802,strefa podkarpacka,PkJasloSikor,SO2,1g,4.909957294,9.466521646,0.00736,74.3613,0,48.8507,47.9328,0,25.8019575,25.8019575,8761,99.73,1
2020,podkarpackie,PL1802,strefa podkarpacka,PkKrempnaMPN,SO2,1g,3.437023928,4.03202431,0.00591,27.5879,0,12.4208,12.3808,0,8.42008,8.42008,8738,99.47,1
2020,podkarpackie,PL1802,strefa podkarpacka,PkMielBierna,SO2,1g,3.292093926,4.074970472,0.00929,77.1907,0,28.3941,26.9908,0,10.627401667,10.627401667,8632,98.26,1.03
2020,podkarpackie,PL1802,strefa podkarpacka,PkPrzemGrunw,SO2,1g,2.213543443,2.956978531,0.04339,38.8146,0,17.9464,17.2227,0,7.192155417,7.192155417,8755,99.66,1
2020,podlaskie,PL2001,Aglomeracja Białostocka,PdBialWaszyn,SO2,1g,0.847697611,1.005592331,0,11.5,0,5.6,5.6,0,3.013043478,3.013043478,8122,92.46,0.88
2020,podlaskie,PL2002,strefa podlaska,PdBorsukowiz,SO2,1g,1.226071761,0.903365606,0,15,0,5.9,5.9,0,3.6625,3.6625,8584,97.72,0.98
2020,podlaskie,PL2002,strefa podlaska,PdLomSikorsk,SO2,1g,2.453170448,5.000266667,0,46.8,0,16.8,16.7,0,9.958333333,9.958333333,8595,97.84,0.97
2020,pomorskie,PL2201,Aglomeracja Trójmiejska,PmGdaLeczk08,SO2,1g,1.988635193,2.267316028,0.5194,124.144,0,32.2608,31.0676,0,11.904174583,11.904174583,8605,97.96,1
2020,pomorskie,PL2201,Aglomeracja Trójmiejska,PmGdaPoWie01,SO2,1g,3.606171983,3.397556238,0.59554,103.657,0,42.3383,40.9633,0,13.614457083,13.614457083,8580,97.67,0.99
2020,pomorskie,PL2201,Aglomeracja Trójmiejska,PmGdaWyzwo03,SO2,1g,6.396632704,6.713724992,0.52989,902.208,8,180.597,177.859,1,54.7990425,54.7990425,8645,98.41,1
2020,pomorskie,PL2201,Aglomeracja Trójmiejska,PmGdyPoreb04,SO2,1g,2.814892774,3.472162917,0.50188,116.021,0,25.3531,25.302,0,12.670587826,12.670587826,8292,94.39,0.92
2020,pomorskie,PL2201,Aglomeracja Trójmiejska,PmGdySzaf09N,SO2,1g,1.612395086,1.740746387,0.55348,56.0586,0,10.7737,10.6508,0,5.39045875,5.39045875,8640,98.36,1
2020,pomorskie,PL2201,Aglomeracja Trójmiejska,PmSopBitPl06,SO2,1g,1.251256088,1.418542011,0.52739,41.983,0,11.741,11.0681,0,4.742550833,4.742550833,8582,97.7,0.98
2020,pomorskie,PL2202,strefa pomorska,PmLebaRabkaE,SO2,24g,1.171428571,1.137362637,0.2,3.2,,,,0,2.8,2.8,364,99.45,1
2020,pomorskie,PL2202,strefa pomorska,PmLinieKos17,SO2,1g,1.944636605,3.079497467,0.0486,31.9238,0,8.8003,8.6496,0,4.351047083,4.351047083,8336,94.89,1.03
2020,pomorskie,PL2202,strefa pomorska,PmMalMicki15,SO2,1g,2.2863779,3.544728838,0.05454,22.3831,0,9.98051,9.8958,0,4.711097391,4.711097391,8351,95.07,1.02
2020,śląskie,PL2401,Aglomeracja Górnośląska,SlDabro1000L,SO2,1g,6.443482938,8.839830816,0.30396,40.9392,0,31.0693,30.9949,0,20.128228333,20.128228333,8689,98.91,1.02
2020,śląskie,PL2401,Aglomeracja Górnośląska,SlGliwicMewy,SO2,1g,6.205010629,8.400967997,0.79408,71.8895,0,42.8932,41.4243,0,24.053141667,24.053141667,8740,99.49,1
2020,śląskie,PL2401,Aglomeracja Górnośląska,SlKatoKossut,SO2,1g,7.08062448,9.573587161,0.51635,77.6085,0,36.7928,36.3344,0,22.296650417,22.296650417,8727,99.35,1
2020,śląskie,PL2401,Aglomeracja Górnośląska,SlSosnoLubel,SO2,1g,7.88286777,11.663985929,0.63971,61.6627,0,40.2102,39.628,0,24.8099375,24.8099375,8772,99.86,1
2020,śląskie,PL2401,Aglomeracja Górnośląska,SlTychyTolst,SO2,1g,7.839534442,11.221957641,0.66249,86.3139,0,48.0323,47.9215,0,24.786032917,24.786032917,8678,98.79,1.02
2020,śląskie,PL2401,Aglomeracja Górnośląska,SlZabSkloCur,SO2,1g,9.803870288,13.940175594,0.34158,90.8611,0,56.3706,55.4036,0,35.83985,35.83985,8756,99.68,1
2020,śląskie,PL2402,Aglomeracja Rybnicko-Jastrzębska,SlRybniBorki,SO2,1g,8.320884191,11.83081252,0.48214,114.422,0,62.4827,60.5844,0,30.437058333,30.437058333,8669,98.69,0.98
2020,śląskie,PL2402,Aglomeracja Rybnicko-Jastrzębska,SlZorySikor2,SO2,1g,7.941217592,11.116100196,0.13315,49.2496,0,39.0463,38.9661,0,22.02947875,22.02947875,8772,99.86,1
2020,śląskie,PL2403,miasto Bielsko-Biała,SlBielKossak,SO2,1g,6.262356639,8.030174992,0.34344,51.7133,0,35.5384,35.491,0,21.29892625,21.29892625,8708,99.13,1.01
2020,śląskie,PL2404,miasto Częstochowa,SlCzestoBacz,SO2,1g,7.399420161,10.834428023,0.42983,66.3744,0,42.1819,40.8949,0,25.545704167,25.545704167,8766,99.79,1
2020,śląskie,PL2405,strefa śląska,SlLublSzymal,SO2,1g,8.216887421,12.144225939,0.47671,72.8141,0,45.1281,45.1281,0,27.328625,27.328625,7989,90.94,1.2
2020,śląskie,PL2405,strefa śląska,SlRaciborzWPMOB,SO2,1g,6.603111338,8.386663306,0.57497,50.8078,0,34.7675,34.7471,0,23.554508333,23.554508333,8768,99.81,1
2020,śląskie,PL2405,strefa śląska,SlUstronSana,SO2,1g,4.613224347,5.778629595,0.64597,42.6987,0,26.2959,25.5764,0,13.234374583,13.234374583,8757,99.69,1
2020,śląskie,PL2405,strefa śląska,SlWodzGalczy,SO2,1g,8.596053238,11.794007302,0.87826,100.328,0,58.0341,57.0558,0,27.495104167,27.495104167,8759,99.71,1
2020,śląskie,PL2405,strefa śląska,SlZlotPotLes,SO2,1g,4.682681312,6.271441121,0.15291,52.5,0,30.0797,29.819,0,16.977866667,16.977866667,8638,98.33,0.97
2020,śląskie,PL2405,strefa śląska,SlZywieKoper,SO2,1g,11.836071484,15.78741185,0.2052,168.91,0,89.6376,89.0077,0,52.944504167,52.944504167,8712,99.18,0.99
2020,świętokrzyskie,PL2601,miasto Kielce,SkKielTargow,SO2,1g,10.362694597,8.715552428,0.1,60.7,0,38.4,38.1,0,33.1625,33.1625,8736,99.45,1
2020,świętokrzyskie,PL2602,strefa świętokrzyska,SkGoluUjWody,SO2,1g,4.83355849,6.790153694,0,30.6,0,20.1,20.1,0,15.8375,15.8375,8364,95.21,1.06
2020,świętokrzyskie,PL2602,strefa świętokrzyska,SkMaloSlonec,SO2,1g,6.129973466,7.693949772,1.6,42.2,0,25.5,25.2,0,15.958333333,15.958333333,8525,97.05,0.94
2020,świętokrzyskie,PL2602,strefa świętokrzyska,SkNowiParkow,SO2,1g,7.933486434,8.18039261,0,59.3,0,26.6,25.5,0,15.508333333,15.508333333,8730,99.38,0.99
2020,świętokrzyskie,PL2602,strefa świętokrzyska,SkOstrOsSlonMOB,SO2,1g,4.037066713,6.145506149,0.2,38.6,0,21.5,21.1,0,12.5,12.5,8649,98.46,1.03
2020,świętokrzyskie,PL2602,strefa świętokrzyska,SkPolaRuszcz,SO2,1g,4.738967544,7.009087175,0,89.5,0,33,33,0,16.029166667,16.029166667,8165,92.95,0.86
2020,warmińsko-mazurskie,PL2801,miasto Olsztyn,WmOlsPuszkin,SO2,1g,4.482434668,6.080727407,0.01345,44.379,0,23.2525,22.8568,0,12.130082083,12.130082083,8739,99.48,0.99
2020,warmińsko-mazurskie,PL2802,miasto Elbląg,WmElbBazynsk,SO2,1g,4.067245483,4.404192496,-0.03636,39.2929,0,16.12,15.7602,0,7.859815417,7.859815417,8501,96.77,0.95
2020,warmińsko-mazurskie,PL2803,strefa warmińsko-mazurska,WmGoldJacwie,SO2,1g,4.043878013,4.223786159,0.05917,49.6511,0,14.619,14.3154,0,7.45332,7.45332,8706,99.11,0.99
2020,warmińsko-mazurskie,PL2803,strefa warmińsko-mazurska,WmOstrPilsud,SO2,1g,4.125317347,5.702500464,-0.03979,14.4767,0,10.4545,10.4009,0,8.36682375,8.36682375,8678,98.79,1.01
2020,warmińsko-mazurskie,PL2803,strefa warmińsko-mazurska,WmPuszczaBor,SO2,1g,0.473900774,0.613637997,0.02388,5.83508,0,4.19524,4.16646,0,2.319068333,2.319068333,8687,98.89,1
2020,wielkopolskie,PL3001,Aglomeracja Poznańska,WpPoznDabrow,SO2,1g,3.392960224,3.400755218,0.64661,12.0148,0,7.9993,7.9872,0,5.63757625,5.63757625,8469,96.41,1.05
2020,wielkopolskie,PL3002,miasto Kalisz,WpKaliSawick,SO2,1g,4.915093642,7.220191487,0.05438,56.5731,0,32.8671,32.2563,0,18.879739167,18.879739167,8508,96.85,0.98
2020,wielkopolskie,PL3003,strefa wielkopolska,WpKozieosLes,SO2,1g,1.843094987,1.817469153,0.83245,7.3925,0,4.62341,4.5099,0,3.10986375,3.10986375,8653,98.5,0.99
2020,wielkopolskie,PL3003,strefa wielkopolska,WpPiaskiKrzy,SO2,1g,2.203660045,2.373392933,0.01365,17.3688,0,8.72954,8.6439,0,5.0709075,5.0709075,8644,98.4,1.01
2020,zachodniopomorskie,PL3201,Aglomeracja Szczecińska,ZpSzczPils02,SO2,1g,3.132530031,4.221069752,0.00739,300.864,0,20.0483,19.4739,0,12.61834875,12.61834875,8640,98.36,1
2020,zachodniopomorskie,PL3202,miasto Koszalin,ZpKoszChopin,SO2,1g,2.890668863,4.312266784,0.02291,18.2463,0,11.2155,11.0974,0,7.987729583,7.987729583,8757,99.69,1
2020,zachodniopomorskie,PL3203,strefa zachodniopomorska,ZpSzczecPrze,SO2,1g,1.814776928,2.047270311,0.17541,24.5425,0,7.68187,7.5907,0,4.778896667,4.778896667,8613,98.05,1.01
2020,zachodniopomorskie,PL3203,strefa zachodniopomorska,ZpWiduBulRyb,SO2,1g,2.175179994,3.044353347,0.06116,72.8477,0,18.0164,17.7291,0,6.690056087,6.690056087,8472,96.44,1.03
2021,dolnośląskie,PL0201,Aglomeracja Wrocławska,DsWrocWybCon,SO2,1g,5.238910778,5.893427129,2.47597,50.754,0,22.5101,21.8733,0,14.852501818,14.852501818,8610,98.28,1.02
2021,dolnośląskie,PL0202,miasto Legnica,DsLegAlRzecz,SO2,1g,6.238640542,7.491643485,1.96008,111.755,0,43.4382,42.3169,0,17.0246025,17.0246025,8691,99.21,1.01
2021,dolnośląskie,PL0203,miasto Wałbrzych,DsWalbrzWyso,SO2,1g,7.386867783,6.994322336,0.54797,60.2158,0,29.9405,29.4552,0,18.631408333,18.631408333,8678,99.06,1
2021,dolnośląskie,PL0204,strefa dolnośląska,DsJelGorOgin,SO2,1g,6.054860984,5.909050189,0.29002,56.4291,0,24.1126,22.2832,0,15.100706667,15.100706667,8622,98.42,0.99
2021,dolnośląskie,PL0204,strefa dolnośląska,DsOsieczow21,SO2,1g,4.70264255,4.229985993,0,21.8512,0,15.162,15.162,0,9.781495909,9.781495909,8166,93.21,0.98
2021,dolnośląskie,PL0204,strefa dolnośląska,DsSniezkaObs,SO2,24g,2.476712329,2.263736264,1,6.2,,,,0,4.2,4.2,365,100,1.01
2021,kujawsko-pomorskie,PL0401,Aglomeracja Bydgoska,KpBydWarszaw,SO2,1g,2.593375576,3.775973431,0,55.8,0,23.3,22.6,0,12.15,12.15,8680,99.08,0.99
2021,kujawsko-pomorskie,PL0402,miasto Toruń,KpToruDziewu,SO2,1g,1.799398635,2.179390813,0,30.4,0,14.1,13.9,0,7.104166667,7.104166667,8647,98.71,1.03
2021,kujawsko-pomorskie,PL0402,miasto Toruń,KpToruWSikor,SO2,1g,1.70738117,2.23440367,0,21,0,14.7,14.6,0,7.333333333,7.333333333,8752,99.9,1.01
2021,kujawsko-pomorskie,PL0403,miasto Włocławek,KpWloclKalis,SO2,1g,1.355921353,1.761366774,0,28.4,0,14.2,13.9,0,6.920833333,6.920833333,8748,99.86,1
2021,kujawsko-pomorskie,PL0404,strefa kujawsko - pomorska,KpGrudPilsud,SO2,1g,2.958355286,4.402156458,0,186.2,0,52,50.6,0,25.758333333,25.758333333,8731,99.66,1.01
2021,kujawsko-pomorskie,PL0404,strefa kujawsko - pomorska,KpInowSolank,SO2,1g,1.889706053,2.07042654,0,21.1,0,10.2,10.1,0,6.741666667,6.741666667,8607,98.25,1.04
2021,kujawsko-pomorskie,PL0404,strefa kujawsko - pomorska,KpKoniczynka,SO2,1g,2.025127055,2.549901046,0,31.7,0,17.2,18.1,0,10.645833333,10.779166667,6690,76.36,0.9
2021,kujawsko-pomorskie,PL0404,strefa kujawsko - pomorska,KpZielBoryTu,SO2,1g,1.906686603,2.038504937,0,20.2,0,10.8,10.8,0,7.35,7.35,8360,95.43,0.93
2021,lubelskie,PL0601,Aglomeracja Lubelska,LbLubObywate,SO2,1g,5.043560597,5.246682844,0.19,25.4,0,21.1,20.9,0,15.970833333,15.970833333,8507,97.11,1.04
2021,lubelskie,PL0602,strefa lubelska,LbBiaPodOrze,SO2,1g,4.921249026,5.639853927,0.15,34.82,0,20.325,20.24,0,13.855217391,13.855217391,8502,97.05,1.01
2021,lubelskie,PL0602,strefa lubelska,LbFlorianRPN,SO2,1g,2.062813848,2.654237638,0.1,33.5,0,8.81,8.6,0,4.85,4.85,8662,98.88,1.01
2021,lubelskie,PL0602,strefa lubelska,LbJarczWolaM,SO2,24g,1.479778393,1.338461538,0.2,5.8,,,,0,3.8,3.8,361,98.9,1.01
2021,lubelskie,PL0602,strefa lubelska,LbZamoHrubie,SO2,1g,4.282513436,5.41923393,1,48,0,26.9,26.7,0,13.585833333,13.585833333,8745,99.82,1
2021,lubuskie,PL0801,miasto Gorzów Wielkopolski,LuGorzKosGdy,SO2,1g,6.570526552,7.055618049,1.18267,15.0736,0,12.6321,12.6248,0,9.412683478,9.412683478,8402,95.91,1.07
2021,lubuskie,PL0802,miasto Zielona Góra,LuZielKrotka,SO2,1g,9.241323877,9.792481696,1.02558,27.146,0,21.3768,21.2527,0,17.953979167,17.953979167,8558,97.69,1.02
2021,lubuskie,PL0803,strefa lubuska,LuSmolBytnic,SO2,1g,2.122262381,2.78230634,0.67508,13.8482,0,10.5,10.3708,0,5.385589583,5.385589583,8620,98.4,1.03
2021,lubuskie,PL0803,strefa lubuska,LuSulecDudka,SO2,1g,9.442881794,7.231820511,2.34115,33.2276,0,25.3346,25.0378,0,14.223625417,14.223625417,8636,98.58,1.01
2021,lubuskie,PL0803,strefa lubuska,LuWsKaziWiel,SO2,1g,6.423062341,7.574056616,0.00222,23.8144,0,18.4671,18.4574,0,13.941012174,13.941012174,8623,98.43,1.01
2021,lubuskie,PL0803,strefa lubuska,LuZarySzyman,SO2,1g,7.700646008,9.592881312,0.00813,84.0442,0,26.4234,26.2609,0,20.5036,20.5036,8506,97.1,0.97
2021,łódzkie,PL1001,Aglomeracja Łódzka,LdLodzGdansk,SO2,1g,4.59231386,6.524569855,0.9,63.9,0,29.6,28.5,0,18.558333333,18.558333333,8730,99.65,1
2021,łódzkie,PL1001,Aglomeracja Łódzka,LdPabiKonsta,SO2,1g,5.742778706,8.024845029,0.8,81.1,0,38.6,38.2,0,20.675,20.675,8378,95.63,1.02
2021,łódzkie,PL1001,Aglomeracja Łódzka,LdZgieMielcz,SO2,1g,5.772141323,9.011648833,0.9,63.8,0,36.4,36.3,0,22.108333333,22.108333333,8378,95.63,1.02
2021,łódzkie,PL1002,strefa łódzka,LdGajewUjWod,SO2,1g,2.691725989,3.663378632,0.8,21.4,0,15.2,14.8,0,9.566666667,9.566666667,8569,97.81,1
2021,łódzkie,PL1002,strefa łódzka,LdParzniUjWo,SO2,1g,3.264601356,3.975501268,0.8,36.6,0,20.2,19.9,0,11.770833333,11.770833333,8554,97.64,1.01
2021,łódzkie,PL1002,strefa łódzka,LdPioTrKraPr,SO2,1g,5.497522496,7.924762567,0.9,85.1,0,34.5,33.4,0,20.554166667,20.554166667,8557,97.68,1
2021,łódzkie,PL1002,strefa łódzka,LdRadomsRoln,SO2,1g,6.559393512,9.524319719,0.79,113.48,0,45.9,44.04,0,25.632916667,25.632916667,8508,97.12,1.03
2021,małopolskie,PL1201,Aglomeracja Krakowska,MpKrakBujaka,SO2,1g,4.832857047,5.469087946,0.54526,48.4845,0,21.5669,21.4997,0,14.060910417,14.060910417,8640,98.63,1.01
2021,małopolskie,PL1201,Aglomeracja Krakowska,MpKrakBulwar,SO2,1g,5.03429965,6.144529541,0.46081,43.426,0,21.9988,21.6775,0,13.342466667,13.342466667,8667,98.93,1.01
2021,małopolskie,PL1202,miasto Tarnów,MpTarBitStud,SO2,1g,6.49482697,7.486237267,0.5614,57.0299,0,37.6822,37.4651,0,17.493398571,17.493398571,8657,98.82,1.01
2021,małopolskie,PL1203,strefa małopolska,MpNoSaczNadb,SO2,1g,4.835478045,6.873597887,0.52372,49.6477,0,28.6162,28.3754,0,15.990683333,15.990683333,8620,98.4,0.99
2021,małopolskie,PL1203,strefa małopolska,MpNoTargPSlo,SO2,1g,6.786798854,9.882653679,0.52641,59.2213,0,33.7727,33.7727,0,19.965695833,19.965695833,7973,91.01,1.17
2021,małopolskie,PL1203,strefa małopolska,MpSkawOsOgro,SO2,1g,5.315042351,8.234247018,0.27915,73.7359,0,34.3815,33.3474,0,22.417722917,22.417722917,8581,97.95,1.02
2021,małopolskie,PL1203,strefa małopolska,MpSzymbaGorl,SO2,1g,2.574035256,3.149878957,0,17.3713,0,12.7407,12.7,0,7.618498261,7.618498261,8495,96.97,1.03
2021,małopolskie,PL1203,strefa małopolska,MpTrzebOsZWM,SO2,1g,9.140402266,13.442720801,0.6495,77.8048,0,57.2652,56.4301,0,31.465354167,31.465354167,8677,99.05,1
2021,małopolskie,PL1203,strefa małopolska,MpZakopaSien,SO2,1g,6.543397657,8.57869017,0.56956,62.3393,0,38.4038,38.335,0,25.324033333,25.324033333,8623,98.43,1
2021,mazowieckie,PL1401,Aglomeracja Warszawska,MzWarChrosci,SO2,1g,2.782116742,2.550810874,0.01,46.38,0,12.91,12.57,0,7.034166667,7.034166667,8581,97.95,1
2021,mazowieckie,PL1402,miasto Płock,MzPlocKroJad,SO2,1g,5.920102381,5.455847417,0.01,189.22,0,89.9,87.38,0,33.109583333,33.109583333,8400,95.89,0.99
2021,mazowieckie,PL1402,miasto Płock,MzPlocMiReja,SO2,1g,3.737313946,3.640527402,0,126.77,0,71.35,68.78,0,18.888333333,18.888333333,8734,99.7,1.01
2021,mazowieckie,PL1403,miasto Radom,MzRadTochter,SO2,1g,2.113871772,3.175959294,0,20.93,0,15.67,15.67,0,8.906,8.906,8017,91.51,1.18
2021,mazowieckie,PL1404,strefa mazowiecka,MzBelsIGFPAN,SO2,1g,1.942121601,2.993555865,0,26.8,0,13.1,13,0,6.020833333,6.020833333,8495,96.97,1.03
2021,mazowieckie,PL1404,strefa mazowiecka,MzBialaKmiciMOB,SO2,1g,10.267564149,16.276931322,0,698.6,18,333.9,324.42,4,141.20875,141.20875,8663,98.89,1
2021,mazowieckie,PL1404,strefa mazowiecka,MzGutyDuCzer,SO2,1g,1.938397708,3.712484331,0,15.4,0,12.28,12.17,0,8.752083333,8.752083333,8725,99.6,1.01
2021,mazowieckie,PL1404,strefa mazowiecka,MzOtwoBrzozo,SO2,1g,3.271525112,5.216495628,0,143.9,0,52.93,50.66,0,19.150833333,19.150833333,8701,99.32,1
2021,opolskie,PL1602,strefa opolska,OpKKozBSmial,SO2,1g,5.059074263,6.235339009,1.36799,43.2855,0,24.4332,24.3193,0,14.481356957,14.481356957,8602,98.19,1.02
2021,podkarpackie,PL1801,miasto Rzeszów,PkRzeszRejta,SO2,1g,4.285975983,7.040172667,0.04837,40.7785,0,28.0103,27.98,0,13.02915,13.02915,8494,96.96,0.98
2021,podkarpackie,PL1802,strefa podkarpacka,PkJasloSikor,SO2,1g,4.844468184,6.562883298,0.00914,80.4796,0,51.4439,51.2675,0,24.042086667,24.042086667,8717,99.5,1
2021,podkarpackie,PL1802,strefa podkarpacka,PkKrempnaMPN,SO2,1g,3.472092344,3.882581512,0.02699,38.5867,0,15.3962,15.2677,0,9.807469167,9.807469167,8682,99.1,1.01
2021,podkarpackie,PL1802,strefa podkarpacka,PkMielBierna,SO2,1g,3.260870678,4.526565108,0.01538,103.707,0,53.9561,50.1461,0,13.6046175,13.6046175,8571,97.84,1
2021,podkarpackie,PL1802,strefa podkarpacka,PkPrzemGrunw,SO2,1g,3.0646292,3.527212544,0.005,52.1823,0,21.7196,20.8888,0,10.794574583,10.794574583,8524,97.3,0.98
2021,podlaskie,PL2001,Aglomeracja Białostocka,PdBialWaszyn,SO2,1g,1.112738928,0.988171043,0,22.6,0,10.4,10.3,0,6.025,6.025,8580,97.94,1
2021,podlaskie,PL2002,strefa podlaska,PdBorsukowiz,SO2,1g,0.644788499,0.831041554,0,9.54,0,4.611,4.611,0,2.460083333,2.460083333,8208,93.69,1.05
2021,podlaskie,PL2002,strefa podlaska,PdLomSikorsk,SO2,1g,2.346709982,3.571851852,0,36.5,0,16.5,16.4,0,9.986956522,9.986956522,8465,96.63,1.07
2021,pomorskie,PL2201,Aglomeracja Trójmiejska,PmGdaLeczkow,SO2,1g,2.730423233,4.027386055,0.52001,186.677,0,78.0491,71.6964,0,20.664879167,20.664879167,8561,97.72,0.99
2021,pomorskie,PL2201,Aglomeracja Trójmiejska,PmGdaPowWars,SO2,1g,3.661715852,3.923505566,0.64727,191.332,0,35.3004,34.9783,0,13.346522917,13.346522917,8336,95.15,0.95
2021,pomorskie,PL2201,Aglomeracja Trójmiejska,PmGdaWyzwole,SO2,1g,6.584444857,17.46722933,0.48417,1284.06,25,359.601,312.43,3,84.734679583,84.734679583,8507,97.11,1.03
2021,pomorskie,PL2201,Aglomeracja Trójmiejska,PmGdyPorebsk,SO2,1g,2.385582214,3.430454349,0.50365,135.651,0,30.0564,29.3635,0,12.961104583,12.961104583,8554,97.64,0.99
2021,pomorskie,PL2201,Aglomeracja Trójmiejska,PmGdySzafran,SO2,1g,2.043195074,2.223752577,0.55181,132.93,0,17.3636,16.0586,0,8.413884583,8.413884583,8628,98.49,1.01
2021,pomorskie,PL2201,Aglomeracja Trójmiejska,PmSopBiPlowc,SO2,1g,2.008847229,3.133363291,0.48669,195.717,0,35.7962,33.8949,0,22.156485417,22.156485417,8389,95.76,1.05
2021,pomorskie,PL2202,strefa pomorska,PmLebaRabka1,SO2,24g,1.179558011,1.218888889,0.2,5.8,,,,0,4,4,362,99.17,1.01
2021,pomorskie,PL2202,strefa pomorska,PmLinieKosci,SO2,1g,1.883358173,2.061837459,0.151,15.1085,0,7.70343,7.57679,0,3.86989,3.86989,8612,98.31,1
2021,pomorskie,PL2202,strefa pomorska,PmMalMickiew,SO2,1g,2.08207916,2.798520339,0.16091,50.3855,0,11.3913,11.1417,0,5.000420833,5.000420833,8695,99.25,1.01
2021,śląskie,PL2401,Aglomeracja Górnośląska,SlDabroTysia,SO2,1g,6.859776686,9.392366968,0.62138,48.4678,0,38.1343,37.8409,0,26.7689875,26.7689875,8592,98.08,1
2021,śląskie,PL2401,Aglomeracja Górnośląska,SlGliwicMewy,SO2,1g,6.568926634,8.984067988,0.51944,61.0426,0,41.3889,41.0756,0,27.572017391,27.572017391,8743,99.8,1.01
2021,śląskie,PL2401,Aglomeracja Górnośląska,SlKatoKossut,SO2,1g,6.980644543,10.788955707,0.62117,70.2291,0,43.4333,43.1097,0,24.646441667,24.646441667,8448,96.43,0.97
2021,śląskie,PL2401,Aglomeracja Górnośląska,SlSosnoLubel,SO2,1g,7.84436786,11.555406049,0.79126,74.6498,0,49.8888,49.1222,0,34.902304167,34.902304167,8598,98.15,1.03
2021,śląskie,PL2401,Aglomeracja Górnośląska,SlTychyTolst,SO2,1g,8.24898137,11.336564365,0.8,103.728,0,64.7455,63.5235,0,37.308930833,37.308930833,8659,98.84,0.99
2021,śląskie,PL2401,Aglomeracja Górnośląska,SlZabSkloCur,SO2,1g,9.900399159,14.965596636,0.64169,88.8659,0,57.1296,56.9368,0,35.632941667,35.632941667,8616,98.35,1
2021,śląskie,PL2402,Aglomeracja Rybnicko-Jastrzębska,SlRybniBorki,SO2,1g,9.538528179,13.313691834,0.346,115.846,0,66.1248,65.3689,0,43.104170833,43.104170833,8686,99.15,1
2021,śląskie,PL2402,Aglomeracja Rybnicko-Jastrzębska,SlZorySikor2,SO2,1g,8.872069219,12.010706213,0.71101,59.1556,0,49.4636,48.235,0,32.768245,32.768245,8735,99.71,1
2021,śląskie,PL2403,miasto Bielsko-Biała,SlBielKossak,SO2,1g,6.886612124,10.380747208,0.37089,58.6609,0,46.4298,45.2891,0,32.182325,32.182325,8723,99.57,1
2021,śląskie,PL2404,miasto Częstochowa,SlCzestoBacz,SO2,1g,7.958198804,10.830743644,0.4933,67.6735,0,42.2958,41.5824,0,25.303879167,25.303879167,8716,99.49,1.01
2021,śląskie,PL2405,strefa śląska,SlLublSzymal,SO2,1g,8.95277283,12.349484321,0.58924,75.4767,0,48.8133,48.6,0,31.737995833,31.737995833,8568,97.8,1.01
2021,śląskie,PL2405,strefa śląska,SlRaciborzWPMOB,SO2,1g,6.697371446,9.327922538,0.32512,68.514,0,40.8507,38.895,0,30.004879167,30.004879167,8749,99.87,1.01
2021,śląskie,PL2405,strefa śląska,SlUstronSana,SO2,1g,4.644936,6.358140597,0.37207,53.9267,0,37.5458,36.0424,0,18.547866667,18.547866667,8730,99.65,1.01
2021,śląskie,PL2405,strefa śląska,SlWodzGalczy,SO2,1g,9.837507639,13.555413112,0.57276,97.8237,0,67.5117,65.7026,0,39.825345833,39.825345833,8595,98.11,1.04
2021,śląskie,PL2405,strefa śląska,SlZlotPotLes,SO2,1g,5.015739163,6.189577377,0.2113,53.4672,0,30.9217,30.0071,0,16.2601575,16.2601575,8677,99.05,0.99
2021,śląskie,PL2405,strefa śląska,SlZywieKoper,SO2,1g,12.063692353,19.963136584,0.40967,94.344,0,75.0183,74.7062,0,50.870929167,50.870929167,8648,98.72,1
2021,świętokrzyskie,PL2601,miasto Kielce,SkKielTargow,SO2,1g,8.592811491,12.841025046,0.3,90.5,0,43.9,42.8,0,26.483333333,26.483333333,8528,97.35,1.01
2021,świętokrzyskie,PL2602,strefa świętokrzyska,SkGoluUjWody,SO2,1g,4.655181611,5.120700744,0,44.75,0,24.08,23.2,0,13.416666667,13.416666667,8418,96.09,0.99
2021,świętokrzyskie,PL2602,strefa świętokrzyska,SkNowiParkow,SO2,1g,6.85911743,7.899520692,1,72,0,28.9,28,0,14.9875,14.9875,8628,98.49,1.02
2021,świętokrzyskie,PL2602,strefa świętokrzyska,SkPolaRuszcz,SO2,1g,7.465187115,8.886162658,0,86.3,0,28.1,27.6,0,19.720833333,19.720833333,8444,96.39,0.94
2021,świętokrzyskie,PL2602,strefa świętokrzyska,SkSandZielnaMOB,SO2,1g,5.227429839,4.982180974,0.1,39.1,0,23.3111893,22.48585503,0,11.683333333,11.683333333,8595,98.11,1
2021,warmińsko-mazurskie,PL2801,miasto Olsztyn,WmOlsPuszkin,SO2,1g,5.855975712,4.795567653,0.31007,55.7191,0,28.8603,26.6485,0,13.789372273,13.789372273,8660,98.85,1.01
2021,warmińsko-mazurskie,PL2802,miasto Elbląg,WmElbBazynsk,SO2,1g,3.839693883,4.503658151,0.06702,29.0717,0,16.5925,16.463,0,9.325407083,9.325407083,8710,99.42,1
2021,warmińsko-mazurskie,PL2803,strefa warmińsko-mazurska,WmElkStadion,SO2,1g,4.447455637,5.30193796,0.13699,43.3335,0,19.6603,19.3141,0,10.528648333,10.528648333,8686,99.15,1.02
2021,warmińsko-mazurskie,PL2803,strefa warmińsko-mazurska,WmGoldJacwie,SO2,1g,5.314991967,5.481887155,0.1,31.5972,0,16.2871,15.8194,0,9.1761125,9.1761125,8683,99.12,0.99
2021,warmińsko-mazurskie,PL2803,strefa warmińsko-mazurska,WmOstrPilsud,SO2,1g,5.558383948,5.602208227,0.09132,26.6762,0,15.455,15.4158,0,11.9627875,11.9627875,8736,99.72,1
2021,warmińsko-mazurskie,PL2803,strefa warmińsko-mazurska,WmPuszczaBor,SO2,1g,0.557487117,0.686242022,0.03447,15.1171,0,6.17577,6.0225,0,3.523557083,3.523557083,8685,99.14,1.01
2021,wielkopolskie,PL3001,Aglomeracja Poznańska,WpPoznDabrow,SO2,1g,4.037898051,4.229277055,0.74263,19.2374,0,10.6803,10.5065,0,7.107608333,7.107608333,8637,98.59,1
2021,wielkopolskie,PL3002,miasto Kalisz,WpKaliSawick,SO2,1g,5.269898774,6.274671217,0.05366,78.4529,0,40.412,38.8664,0,21.927340833,21.927340833,8631,98.52,1
2021,wielkopolskie,PL3003,strefa wielkopolska,WpKozieosLes,SO2,1g,2.64867103,2.565524452,0.55769,46.8157,0,15.673,15.5159,0,6.303093478,6.303093478,8265,94.34,0.93
2021,wielkopolskie,PL3003,strefa wielkopolska,WpPiaskiKrzy,SO2,1g,2.663067783,3.521272335,0.01528,50.7387,0,17.9172,17.8309,0,10.351826667,10.351826667,8648,98.72,1.01
2021,zachodniopomorskie,PL3201,Aglomeracja Szczecińska,ZpSzczPilsud,SO2,1g,4.569681593,3.382882135,0.03547,85.8323,0,23.9511,22.8162,0,9.919923333,9.919923333,8598,98.15,1.01
2021,zachodniopomorskie,PL3202,miasto Koszalin,ZpKoszChopin,SO2,1g,4.03058368,3.321010194,0.00374,24.1213,0,13.1362,13.0451,0,10.5164825,10.5164825,8720,99.54,1.01
2021,zachodniopomorskie,PL3203,strefa zachodniopomorska,ZpSzczecPrze,SO2,1g,2.64350819,2.300499889,0.81846,22.5441,0,10.3644,10.2524,0,7.101835217,7.101835217,8624,98.44,1.01
2021,zachodniopomorskie,PL3203,strefa zachodniopomorska,ZpWiduBulRyb,SO2,1g,2.892997191,2.425661244,0.04697,95.3394,0,22.4488,22.1171,0,10.48886875,10.48886875,8555,97.65,1.02
