Year,Voivodeship,Zone code,Zone name,Station code,Indicator,Averaging Time,Mean [µg/m3],Min [µg/m3],Max [µg/m3],N Days > 120 (S8max),26 max (S8max) [µg/m3],Per. S93.2 (S8max) [µg/m3],AOT40 V-VII [µg/m3]*h,SOMO35 [µg/m3]*d,Number of measurements,Summer completeness [%],Winter completeness [%],Number of complete summer months (IV-IX),Completeness [%],Summer/Winter Number
2017,dolnośląskie,PL0201,Aglomeracja Wrocławska,DsWrocBartni,O3,1g,46.522663876,-0.02222,156.604,6,105.626575,105.907225,11174.237511436,3365.257388733,8545,99,96,6,97.54,1.03
2017,dolnośląskie,PL0201,Aglomeracja Wrocławska,DsWrocWybCon,O3,1g,46.279460512,0,146.113,5,105.2217625,105.2217625,9882.669446715,3073.231576866,8679,99,99,6,99.07,1.01
2017,dolnośląskie,PL0202,miasto Legnica,DsLegAlRzecz,O3,1g,48.234700903,0,165.008,10,111.9145,112.173675,13083.130307552,3840.264177633,8579,99,97,6,97.93,1.03
2017,dolnośląskie,PL0203,miasto Wałbrzych,DsWalbrzWyso,O3,1g,53.802010458,0,157.181,10,110.563625,110.6675,15434.000540202,4332.911273123,8477,98,96,6,96.76,1.02
2017,dolnośląskie,PL0204,strefa dolnośląska,DsBoleslaMOB,O3,1g,51.774566894,0.18045,155.519,14,108.52575,110.69425,13280.741543169,3907.1144289,8433,99,93,6,96.26,1.07
2017,dolnośląskie,PL0204,strefa dolnośląska,DsCzerStraza,O3,1g,72.122787406,4.00111,148.196,20,118.826125,118.8475,15303.146969529,6117.308002273,8503,98,96,6,97.06,1.03
2017,dolnośląskie,PL0204,strefa dolnośląska,DsJelGorOgin,O3,1g,51.133378095,0,151.208,15,113.847,113.847,16353.686575182,4737.96844544,8661,99,99,6,98.86,1.01
2017,dolnośląskie,PL0204,strefa dolnośląska,DsKlodzSzkol,O3,1g,47.318676275,0,154.789,14,113.0603125,114.018575,14848.025985701,4508.038650546,8623,99,98,6,98.43,1.02
2017,dolnośląskie,PL0204,strefa dolnośląska,DsKudowaMOB,O3,1g,50.393685973,0.02558,147.571,12,109.91595,110.641275,13751.398739836,4311.863607998,8307,99,90,6,94.82,1.11
2017,dolnośląskie,PL0204,strefa dolnośląska,DsOsieczow21,O3,1g,47.429616913,-0.01,162.979,14,107.5567375,107.6388625,13812.612258802,3808.22149704,8443,97,96,5,96.38,1.01
2017,dolnośląskie,PL0204,strefa dolnośląska,DsSniezkaObs,O3,1g,75.047083,11.9,144.2,6,112.325,112.325,9861.7,5833.5,8759,100,100,6,99.98,1.01
2017,kujawsko-pomorskie,PL0401,Aglomeracja Bydgoska,KpBydWarszaw,O3,1g,39.301015047,0,132,1,85.625,85.875,3395.033898305,1105.888212221,8374,93,99,5,95.59,0.94
2017,kujawsko-pomorskie,PL0402,miasto Toruń,KpToruDziewu,O3,1g,41.1055528,0,114.7,0,84.665819044,84.665819044,1840.462996986,912.698615902,8686,99,100,6,99.15,0.99
2017,kujawsko-pomorskie,PL0403,miasto Włocławek,KpWloclChelmMOB,O3,1g,49.765297598,0.1,149.8,3,99.3625,100.1125,5961.900817439,2448.947222222,8619,100,97,6,98.39,1.03
2017,kujawsko-pomorskie,PL0404,strefa kujawsko - pomorska,KpCiechTezni,O3,1g,48.29716647,1,141,2,97,97.25,5861.946902655,2331.145960521,8470,96,97,5,96.68,0.99
2017,kujawsko-pomorskie,PL0404,strefa kujawsko - pomorska,KpKoniczynka,O3,1g,49.273239113,0.4,148.3,1,98.05,99.175,7098.860254083,2633.818998016,8703,99,99,6,99.34,1
2017,kujawsko-pomorskie,PL0404,strefa kujawsko - pomorska,KpZielBoryTu,O3,1g,49.225051095,0,143,2,88.875,90.875,5325.3512786,2047.316185319,6850,63,93,2,78.19,0.68
2017,lubelskie,PL0601,Aglomeracja Lubelska,LbLubObywate,O3,1g,47.99382041,0.1,138.8,5,104.3,104.3,9863.634451496,3168.350816122,8726,100,99,6,99.61,1.01
2017,lubelskie,PL0602,strefa lubelska,LbBiaPodOrze,O3,1g,50.052703478,0.51,131.18,0,103.44,103.44,8706.99353902,3089.763544536,8711,100,99,6,99.44,1.01
2017,lubelskie,PL0602,strefa lubelska,LbBiaSlupRPN,O3,1g,58.026575464,1.4,143.5,12,112.975,112.975,13162.9768,4928.732786426,8726,99,100,6,99.61,1
2017,lubelskie,PL0602,strefa lubelska,LbJarczWolaM,O3,1g,45.578708491,0,131.5,0,93.02375,93.02375,4048.413369863,1668.003538451,8739,100,100,6,99.76,1
2017,lubelskie,PL0602,strefa lubelska,LbWilczopole,O3,1g,51.438447918,1.7,145.2,5,103.8125,103.9625,7578.995744681,3175.281441083,8622,98,99,6,98.42,1
2017,lubuskie,PL0801,miasto Gorzów Wielkopolski,LuGorzKosGdy,O3,1g,40.786440538,0.00167,116.546,0,81.79175,85.81965,3349.321794982,1287.042837336,5655,86,43,3,64.55,2.03
2017,lubuskie,PL0802,miasto Zielona Góra,LuZielKrotka,O3,1g,46.538684579,0.43889,136.769,2,97.337675,99.8068,7753.332666667,2165.94756359,7440,84,86,4,84.93,0.98
2017,lubuskie,PL0803,strefa lubuska,LuSmolBytnic,O3,1g,49.529602299,1.42611,137.492,3,102.3194625,103.321225,8038.160338686,3170.227881626,7702,92,83,5,87.92,1.11
2017,lubuskie,PL0803,strefa lubuska,LuSulecDudka,O3,1g,46.33703251,0.3693,127.43,0,90.91015,90.91015,3712.237568058,1663.494451786,8753,100,100,6,99.92,1
2017,lubuskie,PL0803,strefa lubuska,LuWsKaziWiel,O3,1g,42.883198813,0,132.188,0,93.3396875,93.5389875,5048.950574387,1823.716628482,8654,100,98,6,98.78,1.03
2017,lubuskie,PL0803,strefa lubuska,LuZarySzyman,O3,1g,50.055233684,0.01167,147.352,8,105.0598125,105.0598125,11351.991502997,3205.793458873,8577,98,98,6,97.91,1
2017,łódzkie,PL1001,Aglomeracja Łódzka,LdLodzCzerni,O3,1g,53.31642631,1.4,161.3,16,110.4375,110.4875,10791.933147632,3846.740586735,8529,98,97,6,97.36,1.02
2017,łódzkie,PL1001,Aglomeracja Łódzka,LdLodzGdansk,O3,1g,44.623059256,1.2,161,5,105.6875,105.6875,8825.068607825,2657.333948249,8708,100,99,6,99.4,1.01
2017,łódzkie,PL1001,Aglomeracja Łódzka,LdPabiKonsta,O3,1g,48.723062257,1.5,160.6,9,103.0125,105.9375,8681.37915493,3144.75561096,8518,98,97,5,97.23,1.02
2017,łódzkie,PL1002,strefa łódzka,LdGajewUjWod,O3,1g,52.432263336,1.2,164.7,7,105.4,106.0625,8727.860869565,3377.831251671,8567,98,98,5,97.79,1
2017,łódzkie,PL1002,strefa łódzka,LdParzniUjWo,O3,1g,56.199975574,2,155.1,15,108.975,111.9,12209.32173913,4311.426792863,8188,94,93,4,93.47,1.01
2017,łódzkie,PL1002,strefa łódzka,LdPioTrKraPr,O3,1g,44.737072487,1,144.1,8,105.425,105.9875,9605.001643836,3180.506899351,8567,100,96,6,97.79,1.04
2017,łódzkie,PL1002,strefa łódzka,LdRadomsRoln,O3,1g,49.476778243,0.7,144.7,16,111.1125,111.5625,13519.036512262,3824.302024813,8604,99,97,6,98.21,1.02
2017,małopolskie,PL1201,Aglomeracja Krakowska,MpKrakBujaka,O3,1g,38.078969365,0.98152,140.01,5,110.4721375,111.289875,10038.919430684,3131.240762343,8514,96,98,5,97.19,0.98
2017,małopolskie,PL1202,miasto Tarnów,MpTarBitStud,O3,1g,47.924922456,0.98167,147.628,5,108.927875,108.927875,11586.542549862,3799.336661778,8701,99,99,6,99.32,1
2017,małopolskie,PL1203,strefa małopolska,MpKaszowLisz,O3,1g,52.727099062,1,189.129,22,118.9235,119.1835,16682.335331868,5179.732528619,8592,98,99,5,98.08,1
2017,małopolskie,PL1203,strefa małopolska,MpSzarowSpok,O3,1g,47.880492553,1,163.583,11,112.9856375,112.9856375,15130.127742936,4227.494933625,8677,99,99,6,99.05,1.01
2017,małopolskie,PL1203,strefa małopolska,MpSzymbaGorl,O3,1g,58.045727312,1.20556,136.574,4,109.2731,109.2731,11817.819249908,4588.968249999,8687,99,99,6,99.16,1.01
2017,małopolskie,PL1203,strefa małopolska,MpTrzebOsZWM,O3,1g,49.479249189,0.83867,149.964,16,114.797375,114.797375,13195.612914811,3665.553860564,8684,99,99,6,99.13,1
2017,małopolskie,PL1203,strefa małopolska,MpZakopaSien,O3,1g,51.948278027,0.99944,136.219,3,107.1335,107.1335,12242.157832687,4245.194195834,8691,99,99,6,99.21,1
2017,mazowieckie,PL1401,Aglomeracja Warszawska,MzWarKondrat,O3,1g,37.636270614,-0.04,132.86,0,94.2675,94.2675,5304.198109091,1670.687234533,8694,100,99,6,99.24,1.02
2017,mazowieckie,PL1401,Aglomeracja Warszawska,MzWarPodlesn,O3,1g,42.107461698,0.2,126.2,0,96.8875,97.0125,5568.844242974,2035.363385396,8655,100,98,6,98.8,1.03
2017,mazowieckie,PL1401,Aglomeracja Warszawska,MzWarWokalna,O3,1g,43.125166062,0.01,143.1,1,98.47,98.47,6334.504430264,2229.694950341,8662,98,100,6,98.88,0.99
2017,mazowieckie,PL1402,miasto Płock,MzPlocKroJad,O3,1g,43.973357689,0.72,137.35,1,87.6125,87.6125,2340.63,1103.545,8759,100,100,6,99.98,1.01
2017,mazowieckie,PL1402,miasto Płock,MzPlocMiReja,O3,1g,47.915119774,0.3,144.83,2,96.6875,96.6875,6639.340397868,2208.1962834,8734,100,100,6,99.7,1.01
2017,mazowieckie,PL1403,miasto Radom,MzRadTochter,O3,1g,44.99829103,-0.2,128.4,1,96.2875,96.2875,5014.955191257,2172.37537819,8707,100,99,6,99.39,1.01
2017,mazowieckie,PL1404,strefa mazowiecka,MzBelsIGFPAN,O3,1g,54.081202548,1.2,140.4,7,107.8232985,108.175,9983.459778598,3827.855695456,8643,99,98,6,98.66,1.01
2017,mazowieckie,PL1404,strefa mazowiecka,MzGranicaKPN,O3,1g,46.547073719,0.2,161.41,6,104.96,105.516935083,10140.169164659,3296.234843594,8627,98,99,5,98.48,0.99
2017,mazowieckie,PL1404,strefa mazowiecka,MzGutyDuCzer,O3,1g,59.669691736,2.4,179.98,10,110.7975,112.27,11673.011396648,4246.049920343,8337,97,93,6,95.17,1.05
2017,mazowieckie,PL1404,strefa mazowiecka,MzKonJezMos,O3,1g,44.811556702,-0.77,157.83,5,104.285,106.58,8737.031904762,2812.683682076,8139,93,92,4,92.91,1.02
2017,mazowieckie,PL1404,strefa mazowiecka,MzLegZegrzyn,O3,1g,43.035633395,0.01,134.27,1,100.315,100.6225,6132.699364486,2110.286302856,8636,98,100,5,98.58,0.98
2017,mazowieckie,PL1404,strefa mazowiecka,MzOtwoBrzozo,O3,1g,45.546108965,0,162.51504274,15,113.535,115.052146135,15321.396482982,3765.681411115,8558,96,100,5,97.69,0.96
2017,mazowieckie,PL1404,strefa mazowiecka,MzPiasPulask,O3,1g,40.734134842,0.63,136.24955483,1,98.2125,98.2125,5207.267647059,1922.097600317,8704,99,100,6,99.36,1
2017,opolskie,PL1601,miasto Opole,OpOpoleOsAKr,O3,1g,43.657404996,0.39944,136.794,0,93.137225,93.3725,2056.5141,1678.591851665,8629,100,97,6,98.5,1.03
2017,opolskie,PL1602,strefa opolska,OpKKozBSmial,O3,1g,45.905169414,0.20722,173.154,12,110.525125,114.0115,11658.728018182,3893.575608093,7921,94,87,5,90.42,1.08
2017,opolskie,PL1602,strefa opolska,OpOlesSlowac,O3,1g,49.86418867,0.555,141.734,5,109.2155,111.77525,10960.62199818,3674.019412818,8225,100,88,6,93.89,1.14
2017,podkarpackie,PL1801,miasto Rzeszów,PkRzeszRejta,O3,1g,49.365935465,0.29175,149.908,7,108.5243125,108.5243125,10411.287641682,3680.980449968,8728,100,100,6,99.63,1
2017,podkarpackie,PL1802,strefa podkarpacka,PkJasloSikor,O3,1g,49.453465411,0.04271,151.132,6,107.861875,107.9896375,10769.964113661,4601.015636,8555,99,96,6,97.65,1.04
2017,podkarpackie,PL1802,strefa podkarpacka,PkKrempnaMPN,O3,1g,56.568078036,0.16158,138.59,4,108.695875,108.8255,11705.728631423,4928.276708876,8635,99,99,6,98.57,1
2017,podkarpackie,PL1802,strefa podkarpacka,PkMielBierna,O3,1g,51.037976473,0.06556,159.423,13,111.355875,111.355875,12807.082892812,4128.647397724,8704,99,100,6,99.36,1
2017,podkarpackie,PL1802,strefa podkarpacka,PkNiskoSzkla,O3,1g,50.610980169,0.10349,146.31,13,112.1387125,112.3675125,14951.409494118,4968.414198117,8621,99,98,6,98.41,1.01
2017,podkarpackie,PL1802,strefa podkarpacka,PkPrzemGrunw,O3,1g,54.122247868,0.17541,153.478,18,116.13275,116.466875,16115.827348693,5536.489508109,8555,96,100,5,97.65,0.96
2017,podlaskie,PL2001,Aglomeracja Białostocka,PdBialPulPie,O3,1g,50.413182674,0,138,2,99.333333333,100.5,7940.3866171,2767.433105687,7965,97,85,5,90.92,1.14
2017,podlaskie,PL2002,strefa podlaska,PdAugustoZdrMOB,O3,1g,41.34676984,0,113,0,80.625,84.75,2564.871741397,1125.983436853,5557,92,99,4,63.43,1.53
2017,podlaskie,PL2002,strefa podlaska,PdBorsukowiz,O3,1g,49.141005451,0,133,2,100.25,100.375,7628.936170213,2799.798736211,8255,97,92,6,94.23,1.06
2017,pomorskie,PL2201,Aglomeracja Trójmiejska,PmGdaLeczk08,O3,1g,52.844941544,1.49,133.683,3,90.6125,92.0666125,4565.664998365,2399.112207379,7657,98,77,5,87.4,1.29
2017,pomorskie,PL2201,Aglomeracja Trójmiejska,PmGdaOstrz05,O3,1g,44.188489132,0.1494,145.931,0,79.40685,81.791466667,1348.562825054,873.177463273,7784,79,99,1,88.85,0.81
2017,pomorskie,PL2201,Aglomeracja Trójmiejska,PmGdyPoreb04,O3,1g,53.970521042,0.0662,126.456,0,92.5723875,94.1820625,4043.090238838,2373.123064542,8583,100,96,6,97.97,1.04
2017,pomorskie,PL2201,Aglomeracja Trójmiejska,PmGdySzaf09N,O3,1g,50.717698832,0.6545,130.231,1,87.756175,87.829175,3507.391770599,1521.460164173,8474,99,94,6,96.73,1.06
2017,pomorskie,PL2202,strefa pomorska,PmKosTargo12,O3,1g,39.94887124,0.05511,99.0629,0,67.6221875,68.843125,189.621617423,153.100056973,7276,98,68,6,83.05,1.43
2017,pomorskie,PL2202,strefa pomorska,PmLebaRabkaE,O3,1g,61.062985934,5.1344,149.153,2,95.4890625,95.4890625,5899.458612511,2851.774305357,8756,100,100,6,99.95,1.01
2017,pomorskie,PL2202,strefa pomorska,PmLebMalcz16,O3,1g,44.355668576,0.30398,111.4,0,77.78625,77.9186875,871.411552941,564.335098558,8162,99,87,6,93.17,1.14
2017,pomorskie,PL2202,strefa pomorska,PmLinieKos17,O3,1g,60.07298313,3.33034,135.338,2,96.6641625,97.1343625,6353.546702868,2968.633045701,8359,97,94,5,95.42,1.03
2017,pomorskie,PL2202,strefa pomorska,PmMalMicki15,O3,1g,43.866683983,0.05387,111.674,0,71.2993875,72.264025,141.469277162,267.184915551,8207,90,98,4,93.68,0.92
2017,pomorskie,PL2202,strefa pomorska,PmSlupKniazi,O3,1g,50.252055442,1.05,142.292,2,89.347775,90.06965,4232.718813187,1806.434887873,8128,99,86,6,92.78,1.16
2017,śląskie,PL2401,Aglomeracja Górnośląska,SlDabro1000L,O3,1g,45.099785575,0.98678,163.615,29,121.179475,121.179475,15779.082193829,4407.532786904,8749,100,100,6,99.87,1.01
2017,śląskie,PL2401,Aglomeracja Górnośląska,SlKatoKossut,O3,1g,44.557074369,0.92889,184.243,32,127.09575,127.267375,20135.200290909,4868.670778968,8601,97,99,5,98.18,0.99
2017,śląskie,PL2401,Aglomeracja Górnośląska,SlZabSkloCur,O3,1g,45.651302057,1.17333,181.541,25,119.72025,120.51165,16564.326870677,4416.186105854,8660,98,100,5,98.85,0.98
2017,śląskie,PL2402,Aglomeracja Rybnicko-Jastrzębska,SlRybniBorki,O3,1g,45.01815662,0.98167,170.333,17,117.446571429,117.446571429,14204.145060822,3899.618264227,8731,99,100,6,99.66,1
2017,śląskie,PL2403,miasto Bielsko-Biała,SlBielKossak,O3,1g,54.227277057,1.94056,153.485,15,112.891,112.891,14477.581602904,4464.3593625,8751,100,100,6,99.89,1
2017,śląskie,PL2404,miasto Częstochowa,SlCzestoBacz,O3,1g,50.063644734,0.75778,161.766,21,116.65775,117.831375,14019.496660935,4121.354910405,8456,97,96,4,96.52,1.01
2017,śląskie,PL2405,strefa śląska,SlCiesMickie,O3,1g,57.906783457,2.10056,162.102,19,116.14625,116.30975,15957.141143911,4968.330664045,8676,99,99,6,99.04,1.01
2017,śląskie,PL2405,strefa śląska,SlUstronSana,O3,1g,58.597890463,0.97589,151.26,18,116.51775,116.51775,14321.1718,4819.500282738,8749,100,100,6,99.87,1.01
2017,śląskie,PL2405,strefa śląska,SlWodzGalczy,O3,1g,48.117013629,0.92444,186.481,23,119.863125,119.863125,15490.68243049,4431.456937838,8685,100,99,6,99.14,1.02
2017,śląskie,PL2405,strefa śląska,SlZlotPotLes,O3,1g,59.037208469,2.68885,172.681,25,118.788125,121.819625,15885.323921455,5308.74375213,8666,99,99,6,98.92,1.01
2017,świętokrzyskie,PL2601,miasto Kielce,SkKielJagiel,O3,1g,44.978215527,0,158,5,105.25,105.25,8918.012832264,2888.375648444,8630,99,98,6,98.51,1.02
2017,świętokrzyskie,PL2602,strefa świętokrzyska,SkNowiParkow,O3,1g,49.600495324,0.4,167,18,115.575,115.8375,14427.245255474,4679.705798986,8661,99,98,6,98.86,1.02
2017,świętokrzyskie,PL2602,strefa świętokrzyska,SkPolaRuszcz,O3,1g,53.135654762,0.1,152.3,13,112.3,112.6125,12584.892955169,4170.193706756,8568,98,98,5,97.8,1
2017,warmińsko-mazurskie,PL2801,miasto Olsztyn,WmOlsPuszkin,O3,1g,45.0280706,0.08111,121.129,0,83.66535,83.844525,1098.951053542,1026.800420094,8606,98,98,6,98.24,1.01
2017,warmińsko-mazurskie,PL2802,miasto Elbląg,WmElbBazynsk,O3,1g,48.860669115,0.485,133.219,0,92.7677125,92.7677125,5119.442360512,2008.695403888,8705,99,99,6,99.37,1.01
2017,warmińsko-mazurskie,PL2803,strefa warmińsko-mazurska,WmElkStadion,O3,1g,52.054336456,0,125.34,0,97.2209375,97.2209375,7431.554522182,2418.19295,8744,100,100,6,99.81,1.01
2017,warmińsko-mazurskie,PL2803,strefa warmińsko-mazurska,WmGoldJacwie,O3,1g,51.227835827,0,116.531,0,86.48155,86.5678375,2184.7804,1243.553850831,8611,100,97,6,98.29,1.04
2017,warmińsko-mazurskie,PL2803,strefa warmińsko-mazurska,WmOstrPilsud,O3,1g,47.804964109,0,124.102,0,93.64715,94.9761875,4541.967148837,1858.583223038,8180,95,91,5,93.37,1.05
2017,warmińsko-mazurskie,PL2803,strefa warmińsko-mazurska,WmPuszczaBor,O3,1g,52.219558391,1,130.467,1,93.59315,94.0790125,4527.754687293,2098.484203427,8420,98,95,6,96.11,1.04
2017,wielkopolskie,PL3001,Aglomeracja Poznańska,WpPoznDabrow,O3,1g,42.656052032,0.12722,135.697,2,98.4754875,98.4754875,6499.427639015,2139.813848584,8731,99,100,6,99.66,1
2017,wielkopolskie,PL3002,miasto Kalisz,WpKaliSawick,O3,1g,53.461516976,0.15278,161.635,12,111.679625,112.125775,13128.676551499,4325.786063333,8449,97,96,5,96.44,1.02
2017,wielkopolskie,PL3003,strefa wielkopolska,WpBoroDrapal,O3,1g,46.991820749,0.03641,134.051,3,96.9919375,98.26615,6999.7999,2486.017680173,8638,99,98,6,98.6,1.02
2017,wielkopolskie,PL3003,strefa wielkopolska,WpKoniWyszyn,O3,1g,52.840892529,0.53442,171.846,8,102.6295125,103.0311125,6855.385175,3416.768665598,8467,93,100,5,96.65,0.94
2017,wielkopolskie,PL3003,strefa wielkopolska,WpPiaskiKrzy,O3,1g,51.134062159,0.14865,153.18,5,105.7455875,106.03575,9061.269543376,3429.498030401,8593,99,97,6,98.09,1.03
2017,zachodniopomorskie,PL3201,Aglomeracja Szczecińska,ZpSzczAndr01,O3,1g,44.533532185,0.06553,145.296,0,84.4733375,84.4733375,2279.536695463,995.956719977,8734,100,100,6,99.7,1.01
2017,zachodniopomorskie,PL3203,strefa zachodniopomorska,ZpWiduBulRyb,O3,1g,52.586660401,0.40996,134.647,2,96.34485,96.34485,5715.706741198,2506.863217163,8725,100,99,6,99.6,1.01
2018,dolnośląskie,PL0201,Aglomeracja Wrocławska,DsWrocBartni,O3,1g,57.222481913,0.25056,191.806,55,134.837875,134.837875,28420.345298361,7906.160449273,8702,99,99,6,99.33,1
2018,dolnośląskie,PL0201,Aglomeracja Wrocławska,DsWrocWybCon,O3,1g,51.119951925,0,177.94,33,123.176375,124.1195,21639.806242623,5780.911271826,8509,95,99,5,97.13,0.96
2018,dolnośląskie,PL0202,miasto Legnica,DsLegAlRzecz,O3,1g,50.027897617,0,176.678,29,122.398875,122.518428571,21041.548337349,5697.058023818,8585,97,99,6,98,0.98
2018,dolnośląskie,PL0203,miasto Wałbrzych,DsWalbrzWyso,O3,1g,59.251590461,0.11667,175.634,36,126.342,126.683428571,26351.522781818,7486.069620523,8463,97,96,5,96.6,1.02
2018,dolnośląskie,PL0204,strefa dolnośląska,DsCzerStraza,O3,1g,80.040203135,2.11778,176.427,63,133.60975,135.212428571,25458.571906399,8975.497207685,8589,99,97,6,98.04,1.02
2018,dolnośląskie,PL0204,strefa dolnośląska,DsJelGorOgin,O3,1g,58.282664599,0,179.183,52,130.580875,130.580875,27680.40833546,7660.275120967,8694,99,99,6,99.24,1
2018,dolnośląskie,PL0204,strefa dolnośląska,DsKlodzSzkol,O3,1g,53.270406989,0,169.887,37,128.6795,128.7935,22224.266657923,7107.576471118,8616,99,98,6,98.35,1.02
2018,dolnośląskie,PL0204,strefa dolnośląska,DsLadekMOB,O3,1g,64.847709796,1.97831,164.844,36,122.098,123.029,21163.037443796,7504.405272512,8282,99,90,6,94.54,1.11
2018,dolnośląskie,PL0204,strefa dolnośląska,DsLubanMOB,O3,1g,54.917542602,0,190.134,38,125.774375,127.379125,23487.975097623,7174.379567715,7918,99,81,6,90.38,1.23
2018,dolnośląskie,PL0204,strefa dolnośląska,DsOsieczow21,O3,1g,52.46820864,0,198.05,47,129.576375,131.005625,26387.57439116,6877.804089751,8613,98,98,6,98.32,1.01
2018,dolnośląskie,PL0204,strefa dolnośląska,DsSniezkaObs,O3,1g,80.328006401,0.2,165.4,34,125.975,125.975,17899.226134301,8390.380357143,8748,100,100,6,99.86,1
2018,kujawsko-pomorskie,PL0401,Aglomeracja Bydgoska,KpBydWarszaw,O3,1g,40.386551562,0,142,6,103.5,104.325,9391.686781029,2874.1614205,8514,95,100,4,97.19,0.95
2018,kujawsko-pomorskie,PL0402,miasto Toruń,KpToruDziewu,O3,1g,48.78524495,0,169.7,19,112.5,113.95,19090.245801527,4548.297644057,8614,97,99,5,98.33,0.98
2018,kujawsko-pomorskie,PL0402,miasto Toruń,KpToruStorczMOB,O3,1g,49.921624007,0,174.1,22,115.4,117.7125,18125.343065693,5477.260321101,7931,90,91,5,90.53,0.99
2018,kujawsko-pomorskie,PL0404,strefa kujawsko - pomorska,KpCiechTezni,O3,1g,50.96843449,0,163,16,116.375,116.625,15229.976342129,4873.904695583,8617,100,97,6,98.36,1.03
2018,kujawsko-pomorskie,PL0404,strefa kujawsko - pomorska,KpKoniczynka,O3,1g,52.501916972,0.4,160.1,19,112.4,113.85,15441.774789916,4834.930863539,8190,98,89,6,93.49,1.1
2018,kujawsko-pomorskie,PL0404,strefa kujawsko - pomorska,KpZielBoryTu,O3,1g,55.62095285,0,172,17,116.875,118,17683.714285714,5516.299276447,8123,96,90,4,92.72,1.07
2018,lubelskie,PL0601,Aglomeracja Lubelska,LbLubObywate,O3,1g,48.847039474,0,169.6,7,110.35,110.4125,12327.290358127,4202.602853391,8512,97,97,5,97.16,1.01
2018,lubelskie,PL0602,strefa lubelska,LbBiaPodOrze,O3,1g,52.289404363,0.26,176.12,14,113.13125,113.8025,15135.409610154,4765.193226688,8663,100,98,6,98.89,1.02
2018,lubelskie,PL0602,strefa lubelska,LbFlorianRPN,O3,1g,54.897337665,1.9551,168.15855,13,114.01674375,115.16386875,14333.721774545,5419.330711721,7884,100,80,6,90,1.25
2018,lubelskie,PL0602,strefa lubelska,LbJarczWolaM,O3,1g,53.168852339,0.2,158.5,6,110.4875,110.4875,12359.595285585,4535.21118654,8743,100,100,6,99.8,1
2018,lubelskie,PL0602,strefa lubelska,LbWilczopole,O3,1g,55.536488081,0.4,171.2,15,115.275,115.95,14326.689282386,5098.491380197,8474,99,95,6,96.73,1.04
2018,lubuskie,PL0801,miasto Gorzów Wielkopolski,LuGorzKosGdy,O3,1g,44.428851389,-0.00056,167.973,10,105.13875,105.90585,11827.772057831,3176.803077239,8109,86,99,4,92.56,0.87
2018,lubuskie,PL0802,miasto Zielona Góra,LuZielKrotka,O3,1g,59.835247981,0.05,177.182,34,123.5155,124.1417375,20011.350192,5968.471969806,8656,99,98,6,98.81,1.01
2018,lubuskie,PL0803,strefa lubuska,LuSmolBytnic,O3,1g,56.013825799,0.04833,206.515,48,129.2765,129.2765,25065.058587079,7301.357863095,8747,100,100,6,99.85,1
2018,lubuskie,PL0803,strefa lubuska,LuSulecDudka,O3,1g,52.139169513,-0.00867,163.94,21,118.803375,118.803375,15266.3744,4703.72711946,8669,100,98,6,98.96,1.03
2018,lubuskie,PL0803,strefa lubuska,LuWsKaziWiel,O3,1g,50.048308908,0.00015,172.707,17,116.481375,116.5333875,16813.847433107,4883.856694319,8575,96,100,5,97.88,0.97
2018,lubuskie,PL0803,strefa lubuska,LuZarySzyman,O3,1g,57.413723378,0.49111,187.688,34,123.329,123.329,20529.885532425,6020.932740251,8612,98,99,6,98.31,1
2018,łódzkie,PL1001,Aglomeracja Łódzka,LdLodzCzerni,O3,1g,57.333847748,1.6,165.3,26,121.1625,121.1625,21386.013893967,6032.728160863,8683,99,99,6,99.12,1
2018,łódzkie,PL1001,Aglomeracja Łódzka,LdLodzGdansk,O3,1g,50.829975881,1.8,163.6,20,116.6,116.6,17425.568058076,4988.411571692,8707,100,99,6,99.39,1.02
2018,łódzkie,PL1001,Aglomeracja Łódzka,LdPabiKonsta,O3,1g,47.915341963,1,163.6,14,115.0875,116.4375,17447.705009695,4475.851435278,8386,97,95,5,95.73,1.02
2018,łódzkie,PL1002,strefa łódzka,LdGajewUjWod,O3,1g,53.128429331,0.9,184.2,28,121.1375,122.225,18739.748820327,5886.518929569,8646,100,98,6,98.69,1.02
2018,łódzkie,PL1002,strefa łódzka,LdParzniUjWo,O3,1g,58.706668974,1.9,182,31,124.65,125.1125,21375.22323049,6506.014250895,8667,99,99,6,98.93,1.01
2018,łódzkie,PL1002,strefa łódzka,LdPioTrKraPr,O3,1g,47.649830111,1.5,166.9,15,114.9625,115.175,16838.95896488,4826.277678571,8535,96,99,5,97.43,0.98
2018,łódzkie,PL1002,strefa łódzka,LdRadomsRoln,O3,1g,50.955216834,2,174.2,16,114.7875,115.242857143,16750.867966574,5003.598451028,8578,97,99,5,97.92,0.98
2018,małopolskie,PL1201,Aglomeracja Krakowska,MpKrakBujaka,O3,1g,41.319717019,1.395,164.751,25,119.1067625,121.912857143,19985.107491444,5270.070655183,8393,96,96,5,95.81,1
2018,małopolskie,PL1202,miasto Tarnów,MpTarBitStud,O3,1g,52.63475709,1,172.822,20,119.03875,119.294625,20429.35530989,5859.257136624,8602,99,97,6,98.19,1.02
2018,małopolskie,PL1203,strefa małopolska,MpKaszowLisz,O3,1g,48.242929032,1.0774,181.039,26,120.65575,120.65575,19791.439125547,5733.445027974,8684,99,99,6,99.13,1.01
2018,małopolskie,PL1203,strefa małopolska,MpSzarowSpok,O3,1g,49.283169179,1,170.208,36,125.053375,125.2372875,22229.807959701,6043.656734349,8640,98,99,6,98.63,1
2018,małopolskie,PL1203,strefa małopolska,MpSzymbaGorl,O3,1g,58.619449844,1.38778,165.317,23,119.413125,120.055625,20582.728593906,5821.169599708,8215,99,89,6,93.77,1.12
2018,małopolskie,PL1203,strefa małopolska,MpTrzebOsZWM,O3,1g,59.094263521,1,189.059,26,121.065,121.2655,18555.101745921,6362.197525638,8545,99,96,6,97.54,1.04
2018,małopolskie,PL1203,strefa małopolska,MpZakopaSien,O3,1g,52.383649356,1,160.048,9,114.323,114.448625,15737.959974977,5542.570174785,8636,98,99,6,98.58,0.99
2018,mazowieckie,PL1401,Aglomeracja Warszawska,MzWarKondrat,O3,1g,40.177003219,0.2,159.8,5,101.567520736,102.35,8501.023257653,2778.281646095,8615,99,98,6,98.34,1.01
2018,mazowieckie,PL1401,Aglomeracja Warszawska,MzWarPodlesn,O3,1g,43.4913242,0.1525,160.1,11,107.5625,107.5625,11215.3,3663.9926296,8686,100,98,6,99.15,1.02
2018,mazowieckie,PL1401,Aglomeracja Warszawska,MzWarWokalna,O3,1g,46.740038533,0.32,163.76,14,109.78,109.866450483,13837.589853659,4051.237664127,8481,96,98,4,96.81,0.98
2018,mazowieckie,PL1402,miasto Płock,MzPlocKroJad,O3,1g,47.868138288,0.53227,166.387602,3,99.65425075,99.8804655,7490.882981684,2758.78966834,8543,98,97,5,97.52,1.01
2018,mazowieckie,PL1402,miasto Płock,MzPlocMiReja,O3,1g,49.540983852,0.97,177.26,8,107.6975,108.1975,9738.530584958,3585.011049934,8670,98,99,6,98.97,1
2018,mazowieckie,PL1403,miasto Radom,MzRadTochter,O3,1g,43.879548417,-0.01,167.776,6,102.732,102.732,7409.301972752,2991.589867927,8685,99,99,6,99.14,1.01
2018,mazowieckie,PL1404,strefa mazowiecka,MzBelsIGFPAN,O3,1g,57.560965341,1.561206,170.9823,24,118.947985625,119.23238175,18204.985674297,5735.866736809,8652,98,100,5,98.76,0.99
2018,mazowieckie,PL1404,strefa mazowiecka,MzGranicaKPN,O3,1g,47.988463117,0.29918884,170.17751208,21,117.815,117.9775,19953.192582065,4879.958003736,8487,97,97,5,96.88,1
2018,mazowieckie,PL1404,strefa mazowiecka,MzGutyDuCzer,O3,1g,56.994245649,0.84779779,156.51,14,109.8025,109.8025,13986.491386861,4356.0260588,8700,99,99,6,99.31,1.01
2018,mazowieckie,PL1404,strefa mazowiecka,MzKonJezMos,O3,1g,46.97208163,0.4,182.183,24,120.034375,121.412125,22116.855378641,5429.240178391,8171,92,95,3,93.27,0.97
2018,mazowieckie,PL1404,strefa mazowiecka,MzLegZegrzyn,O3,1g,46.05098745,0.54,151.48,9,107.545,107.575,11718.022452316,3633.29560119,8446,99,94,6,96.41,1.07
2018,mazowieckie,PL1404,strefa mazowiecka,MzOtwoBrzozo,O3,1g,46.753586159,0,181.9,25,119.9825,120.85,17387.847933884,5583.164423984,8583,98,98,6,97.97,1.01
2018,mazowieckie,PL1404,strefa mazowiecka,MzPiasPulask,O3,1g,41.774040021,0.216908,191.638218,15,109.502388667,111.273804,14904.830392,3646.43208475,8228,91,97,4,93.92,0.94
2018,opolskie,PL1601,miasto Opole,OpOpoleOsAKr,O3,1g,50.637815787,0.19153,167.723,15,115.6174875,116.33975,13641.983876161,4718.626401972,8491,94,100,4,96.92,0.94
2018,opolskie,PL1602,strefa opolska,OpKKozBSmial,O3,1g,47.602338779,-0.01833,175.161,24,119.48175,119.48175,17871.673207685,5503.482069377,8727,99,100,6,99.62,1
2018,opolskie,PL1602,strefa opolska,OpOlesSlowac,O3,1g,52.730687556,0.31944,182.969,28,120.943875,120.943875,21420.202070845,6007.099841667,8749,100,100,6,99.87,1
2018,podkarpackie,PL1801,miasto Rzeszów,PkRzeszRejta,O3,1g,51.894420677,0.05014,156.488,14,115.22875,115.22875,16134.768706909,5209.692919118,8730,100,100,6,99.65,1
2018,podkarpackie,PL1802,strefa podkarpacka,PkJasloSikor,O3,1g,50.939191362,0.02817,183.685,13,116.6494375,116.8421625,16653.239011252,5683.442776099,8597,99,97,6,98.13,1.03
2018,podkarpackie,PL1802,strefa podkarpacka,PkKrempnaMPN,O3,1g,57.114815965,0.97469,168.994,10,113.94475,114.135375,14401.983322232,5936.572830364,8667,99,99,6,98.93,1.01
2018,podkarpackie,PL1802,strefa podkarpacka,PkMielBierna,O3,1g,53.098061187,0.06333,168.294,14,116.931025,116.931025,17139.840927621,5224.573269608,8739,100,100,6,99.76,1
2018,podkarpackie,PL1802,strefa podkarpacka,PkNiskoSzkla,O3,1g,51.014253092,0.00611,170.146,17,116.318525,116.5907,15942.464543562,5268.903759629,8586,98,98,6,98.01,1.01
2018,podkarpackie,PL1802,strefa podkarpacka,PkPrzemGrunw,O3,1g,51.34917989,0.42167,160.927,16,116.7915,117.89525,15363.6661,5789.420725776,8445,100,93,6,96.4,1.07
2018,podlaskie,PL2001,Aglomeracja Białostocka,PdBialWarsza,O3,1g,49.646435453,0,155,10,107.75,108.5,12158.409638554,4102.769964181,8304,94,95,4,94.79,0.99
2018,podlaskie,PL2002,strefa podlaska,PdAugustoZdrMOB,O3,1g,49.292214765,0,144,2,98.5,101.125,10290.939457203,2942.490499458,7450,71,99,4,85.04,0.73
2018,podlaskie,PL2002,strefa podlaska,PdBorsukowiz,O3,1g,50.913283916,0,149,9,109.75,110.5,12081.296089385,4276.208916563,8499,95,99,5,97.02,0.97
2018,pomorskie,PL2201,Aglomeracja Trójmiejska,PmGdaLeczk08,O3,1g,48.125074297,0.19794,145.609,3,102.3843875,103.333225,8810.522961798,2801.298320088,8619,99,98,5,98.39,1.01
2018,pomorskie,PL2201,Aglomeracja Trójmiejska,PmGdaOstrz05,O3,1g,41.681026147,0.18278,132.471,1,93.29665,95.9733125,4798.876610816,1570.125387432,8288,91,98,5,94.61,0.93
2018,pomorskie,PL2201,Aglomeracja Trójmiejska,PmGdyPoreb04,O3,1g,55.017179236,0.1,156.155,5,106.6651625,107.725375,11294.045017778,3856.487619218,8455,94,99,5,96.51,0.95
2018,pomorskie,PL2201,Aglomeracja Trójmiejska,PmGdySzaf09N,O3,1g,48.510496822,0.07861,143.991,4,101.244275,101.9529125,7691.442583114,2690.077716324,8581,98,98,6,97.95,1
2018,pomorskie,PL2202,strefa pomorska,PmKosTargo12,O3,1g,44.283649725,0.02584,140.701,8,96.6858375,97.069275,5054.333314925,2129.155824597,8265,98,90,6,94.34,1.1
2018,pomorskie,PL2202,strefa pomorska,PmLebaRabkaE,O3,1g,64.07135024,2,151.9,12,113.6,113.6,13071.339981868,5123.907142857,8754,100,100,6,99.93,1.01
2018,pomorskie,PL2202,strefa pomorska,PmLebMalcz16,O3,1g,41.422502596,0.04719,128.377,0,86.5252375,87.1095,3051.020370302,1257.141115371,8658,99,99,6,98.83,1
2018,pomorskie,PL2202,strefa pomorska,PmLinieKos17,O3,1g,61.919745279,0.41955,153.119,13,110.575325,110.575325,15178.515094795,5093.605362201,8722,99,100,6,99.56,1
2018,pomorskie,PL2202,strefa pomorska,PmMalMicki15,O3,1g,46.289727057,0.39716,147.226,3,95.9289,97.0216,4757.958248212,2223.843225095,7746,79,98,3,88.42,0.8
2018,pomorskie,PL2202,strefa pomorska,PmSlupKniazi,O3,1g,49.035951696,0.01038,137.889,7,103.363125,107.63265,11489.177975915,3080.216389043,7770,81,97,2,88.69,0.84
2018,śląskie,PL2401,Aglomeracja Górnośląska,SlDabro1000L,O3,1g,49.161822237,0.25949,189.307,28,121.217714286,121.217714286,20699.26556951,6057.807365476,8749,100,100,6,99.87,1.01
2018,śląskie,PL2401,Aglomeracja Górnośląska,SlKatoKossut,O3,1g,44.545335771,0.04714,177.524,17,115.9355125,116.386,18609.319005139,5028.353026327,8571,96,100,4,97.84,0.96
2018,śląskie,PL2401,Aglomeracja Górnośląska,SlZabSkloCur,O3,1g,46.091627404,0.25278,173.308,25,119.793375,119.793375,17468.037194918,5281.697113994,8694,100,99,6,99.24,1.02
2018,śląskie,PL2402,Aglomeracja Rybnicko-Jastrzębska,SlRybniBorki,O3,1g,47.554978892,0.03,164.611,19,116.21425,116.21425,15249.579876755,5247.805306475,8712,99,99,6,99.45,1.01
2018,śląskie,PL2403,miasto Bielsko-Biała,SlBielKossak,O3,1g,56.214192089,2.11278,175.059,19,118.2145,118.649875,17603.5771,5553.120486064,8655,99,99,6,98.8,1.01
2018,śląskie,PL2404,miasto Częstochowa,SlCzestoBacz,O3,1g,49.598485155,0.18944,175.061,18,116.15025,116.15025,17634.879884672,4913.951125629,8733,99,100,6,99.69,1
2018,śląskie,PL2405,strefa śląska,SlCiesMickie,O3,1g,61.940135536,1.17222,172.775,29,122.228875,123.1195,19826.365128131,6505.384010831,8600,98,98,5,98.17,1
2018,śląskie,PL2405,strefa śląska,SlUstronSana,O3,1g,61.893675182,3.42739,177.732,24,119.985375,120.115,16976.272032,5907.498808766,8455,94,99,4,96.51,0.95
2018,śląskie,PL2405,strefa śląska,SlWodzGalczy,O3,1g,50.337676246,1.23111,179.092,21,118.902875,118.902875,18824.999059165,5221.851136112,8745,100,100,6,99.82,1
2018,śląskie,PL2405,strefa śląska,SlZlotPotLes,O3,1g,61.417782614,2.86677,183.308,40,123.741285714,124.66925,22611.18216242,7284.849795694,8680,99,99,6,99.08,1.01
2018,świętokrzyskie,PL2601,miasto Kielce,SkKielJagiel,O3,1g,49.246744998,0,151,4,96.625,108.5,13692,3845.23255814,3149,26,46,0,35.94,0.56
2018,świętokrzyskie,PL2601,miasto Kielce,SkKielTargow,O3,1g,42.948688712,0,172,9,106.428571429,115.25,14734.838709677,4197.81037415,4385,75,99,3,50.05,1
2018,świętokrzyskie,PL2602,strefa świętokrzyska,SkKonsGranatMOB,O3,1g,49.799126147,0.2,158.5,4,105.7625,108.725,10029.457712487,3801.279827488,7959,91,91,4,90.85,1
2018,świętokrzyskie,PL2602,strefa świętokrzyska,SkNowiParkow,O3,1g,50.253872291,0,189.9,17,116.25,116.3875,15269.398909091,5237.193036219,8535,99,96,6,97.43,1.05
2018,świętokrzyskie,PL2602,strefa świętokrzyska,SkPolaRuszcz,O3,1g,56.833111519,1,160.6,7,111.3125,111.3125,12867.29281768,4625.779917254,8716,99,100,6,99.49,1
2018,warmińsko-mazurskie,PL2801,miasto Olsztyn,WmOlsPuszkin,O3,1g,50.924802913,-0.05889,143.977,6,108.3599375,109.1221,12000.579612055,3957.606462112,8622,99,98,5,98.42,1.01
2018,warmińsko-mazurskie,PL2802,miasto Elbląg,WmElbBazynsk,O3,1g,54.19085689,0.12833,142.921,8,107.893375,108.634375,12064.083080401,4124.507540266,8670,98,99,6,98.97,1
2018,warmińsko-mazurskie,PL2803,strefa warmińsko-mazurska,WmElkStadion,O3,1g,55.673698911,-0.03611,147.708,8,110.004875,110.0359625,14338.4615,4398.055943477,8707,100,99,6,99.39,1.01
2018,warmińsko-mazurskie,PL2803,strefa warmińsko-mazurska,WmGoldJacwie,O3,1g,55.918960533,0.11722,145.076,6,106.3754125,106.830575,11318.876823273,3889.040564595,8614,100,97,6,98.33,1.04
2018,warmińsko-mazurskie,PL2803,strefa warmińsko-mazurska,WmOstrPilsud,O3,1g,54.945983311,-0.56056,147.118,19,114.119625,114.119625,13854.220022099,5044.157019399,8673,99,99,6,99,1
2018,warmińsko-mazurskie,PL2803,strefa warmińsko-mazurska,WmPuszczaBor,O3,1g,55.485347123,1,154.243,9,108.75775,108.879857143,13369.488802991,4356.48260301,8616,98,98,6,98.35,1.01
2018,wielkopolskie,PL3001,Aglomeracja Poznańska,WpPoznDabrow,O3,1g,46.945753994,-0.01889,154.851,19,114.835425,114.87225,17703.481117871,4617.854560987,8649,98,100,6,98.73,0.98
2018,wielkopolskie,PL3002,miasto Kalisz,WpKaliSawick,O3,1g,56.416602128,0.74278,181.345,43,128.75775,129.330625,24177.28135687,6589.77076213,8578,96,100,5,97.92,0.97
2018,wielkopolskie,PL3003,strefa wielkopolska,WpBoroDrapal,O3,1g,50.036854419,0.08758,171.298,24,119.668,120.45125,16958.762580905,4872.576938959,8541,95,100,5,97.5,0.96
2018,wielkopolskie,PL3003,strefa wielkopolska,WpKoniWyszyn,O3,1g,57.629596484,0.02199,185.707,38,126.486875,127.1755,25137.682840254,6896.358849523,8246,100,88,6,94.13,1.14
2018,wielkopolskie,PL3003,strefa wielkopolska,WpPiaskiKrzy,O3,1g,53.033726706,-0.72091,183.149,32,124.772625,125.092125,20746.586493733,6075.609870461,8664,100,98,6,98.9,1.02
2018,zachodniopomorskie,PL3201,Aglomeracja Szczecińska,ZpSzczAndr01,O3,1g,50.89403471,0.01555,165.354,15,109.4740125,110.2099125,11112.013257817,3627.14209613,8174,96,91,5,93.31,1.06
2018,zachodniopomorskie,PL3203,strefa zachodniopomorska,ZpWiduBulRyb,O3,1g,58.364134707,0.09402,172.487,28,121.166125,121.166125,20121.40721233,5958.370010715,8755,100,100,6,99.94,1.01
2019,dolnośląskie,PL0201,Aglomeracja Wrocławska,DsWrocBartni,O3,1g,52.958328586,0.205,164.194,30,121.121625,121.43,19562.138451064,5721.618063421,8614,98,98,6,98.33,1.01
2019,dolnośląskie,PL0201,Aglomeracja Wrocławska,DsWrocWybCon,O3,1g,49.030297734,0,157.466,13,110.864125,110.864125,13983.632877798,4268.074096547,8685,99,99,6,99.14,1.01
2019,dolnośląskie,PL0202,miasto Legnica,DsLegAlRzecz,O3,1g,53.218610158,0,192.903,24,117.46405,118.916,19727.825700847,5250.470204737,8617,98,99,5,98.36,0.99
2019,dolnośląskie,PL0203,miasto Wałbrzych,DsWalbrzWyso,O3,1g,56.929595853,0.08536,168.566,16,114.17575,114.17575,17124.946112409,5194.268443361,8660,99,99,6,98.85,1.01
2019,dolnośląskie,PL0204,strefa dolnośląska,DsJelGorOgin,O3,1g,56.162695703,0,182.133,21,118.750875,118.855875,20640.587480367,5731.734347502,8585,98,98,6,98,1.01
2019,dolnośląskie,PL0204,strefa dolnośląska,DsKlodzSzkol,O3,1g,50.329832534,0,149.954,11,112.5355,113.871125,14609.596279781,5106.701588724,8117,99,86,6,92.65,1.16
2019,dolnośląskie,PL0204,strefa dolnośląska,DsLubanMieszMOB,O3,1g,54.208896068,0.89465,166.792,21,119.457625,119.582875,19527.199086981,5327.129177105,8619,97,99,5,98.39,0.98
2019,dolnośląskie,PL0204,strefa dolnośląska,DsOlawZolnAK,O3,1g,52.443130562,-0.00125,165.939,15,113.6183625,116.053625,15367.684671941,5119.569543929,7825,99,80,6,89.32,1.24
2019,dolnośląskie,PL0204,strefa dolnośląska,DsOsieczow21,O3,1g,52.961719049,0.61059,176.514,29,122.07425,122.501375,19906.020153191,5930.607357646,8572,98,97,6,97.85,1.02
2019,dolnośląskie,PL0204,strefa dolnośląska,DsSniezkaObs,O3,1g,74.039365153,0.3,167.3,20,118.242857143,118.425,14226.033395176,6960.842603708,8632,99,98,6,98.53,1.01
2019,kujawsko-pomorskie,PL0401,Aglomeracja Bydgoska,KpBydWarszaw,O3,1g,43.803019294,0,141,7,102.125,103.375,5410.10875576,2669.900989411,8525,99,96,6,97.31,1.04
2019,kujawsko-pomorskie,PL0402,miasto Toruń,KpToruDziewu,O3,1g,44.846754314,0,142.4,4,102.9125,103.6,5206.582550336,2595.984061605,8519,97,98,4,97.24,0.99
2019,kujawsko-pomorskie,PL0403,miasto Włocławek,KpWloclKalis,O3,1g,46.93244121,0,143.6,6,107.371428571,110.1375,7829.4,3210.253697861,7919,94,87,5,90.39,1.08
2019,kujawsko-pomorskie,PL0404,strefa kujawsko - pomorska,KpCiechTezni,O3,1g,49.507177772,0,157,11,113.875,114.375,10088.137805984,3959.577817324,8493,100,94,6,96.95,1.07
2019,kujawsko-pomorskie,PL0404,strefa kujawsko - pomorska,KpKoniczynka,O3,1g,49.240219092,0,145.2,3,106.5,108.3625,5309.253288364,3094.185105904,7668,76,99,4,87.53,0.77
2019,kujawsko-pomorskie,PL0404,strefa kujawsko - pomorska,KpWieniecZdrMOB,O3,1g,50.195170029,0,174.8,24,119.6625,119.6625,16604.449438202,5070.692446577,8675,98,100,5,99.02,0.99
2019,kujawsko-pomorskie,PL0404,strefa kujawsko - pomorska,KpZielBoryTu,O3,1g,56.389171585,0,179.416,29,122.375,123.899223146,14409.601916168,4832.746701678,7867,91,89,3,89.8,1.03
2019,lubelskie,PL0601,Aglomeracja Lubelska,LbLubObywate,O3,1g,50.600948635,0,176.1,8,110.55,111.2,11241.727239488,4074.696083872,8644,99,98,6,98.67,1.02
2019,lubelskie,PL0602,strefa lubelska,LbBiaPodOrze,O3,1g,52.490677829,0.68,162.16,6,108.53125,109.2975,11140.160725295,3917.777832341,8660,100,98,6,98.85,1.03
2019,lubelskie,PL0602,strefa lubelska,LbFlorianRPN,O3,1g,58.040313259,1.6359,152.4579,12,112.3858,112.3858,14361.601791826,5057.826668733,8723,99,100,6,99.57,1
2019,lubelskie,PL0602,strefa lubelska,LbJarczWolaM,O3,1g,49.854987643,0.2,133.5,3,102.16375,102.82125,5839.328493648,2955.245493551,8659,100,98,6,98.84,1.02
2019,lubelskie,PL0602,strefa lubelska,LbWilczopole,O3,1g,49.695305816,1.1,168.9,2,107.225,107.6125,9803.865317387,3312.795565642,8649,99,98,6,98.73,1.01
2019,lubuskie,PL0801,miasto Gorzów Wielkopolski,LuGorzKosGdy,O3,1g,42.582637513,0.01167,164.943,6,105.603,106.3118125,7954.196457143,2992.986567388,8613,99,97,6,98.32,1.03
2019,lubuskie,PL0802,miasto Zielona Góra,LuZielKrotka,O3,1g,54.704515697,0,175.413,17,113.06225,113.6175,13197.987,4687.516074665,8489,100,94,6,96.9,1.07
2019,lubuskie,PL0803,strefa lubuska,LuSmolBytnic,O3,1g,54.438512968,0.29722,189.829,34,124.671625,124.671625,19792.633872744,6138.101679961,8725,100,100,6,99.6,1.01
2019,lubuskie,PL0803,strefa lubuska,LuSulecDudka,O3,1g,47.697744401,0.07944,196.573,16,108.1059125,113.8705,16450.126842478,3309.418440359,7374,69,99,4,84.17,0.7
2019,lubuskie,PL0803,strefa lubuska,LuWsKaziWiel,O3,1g,52.240738279,0,160.816,14,114.564125,114.9885,13773.686079121,4872.123991276,8066,99,85,6,92.07,1.17
2019,lubuskie,PL0803,strefa lubuska,LuZarySzyman,O3,1g,59.955876216,0.01944,185.65,34,127.061375,127.9095,22690.488973099,6900.101603177,8607,97,100,5,98.25,0.97
2019,łódzkie,PL1001,Aglomeracja Łódzka,LdLodzCzerni,O3,1g,57.057465278,2.1,163.1,25,119.8875,121.3375,17975.482139619,5429.721888755,8640,100,97,6,98.63,1.03
2019,łódzkie,PL1001,Aglomeracja Łódzka,LdLodzGdansk,O3,1g,51.084888684,1.4,156.9,12,114.5,114.9125,14918.513145966,4424.969583168,8669,100,98,6,98.96,1.03
2019,łódzkie,PL1001,Aglomeracja Łódzka,LdPabiKonsta,O3,1g,49.431955858,0.3,154.1,12,112.7875,113.1125,13591.911514053,4397.049145518,8518,97,97,5,97.23,1.01
2019,łódzkie,PL1002,strefa łódzka,LdGajewUjWod,O3,1g,53.396154759,0.9,158.9,18,116.125,118.5375,15584.116047144,5102.611206005,8426,98,94,6,96.18,1.04
2019,łódzkie,PL1002,strefa łódzka,LdParzniUjWo,O3,1g,58.083835711,1.8,162.4,15,115.075,115.075,16092.452994555,5247.858997823,8692,99,99,6,99.22,1.01
2019,łódzkie,PL1002,strefa łódzka,LdPioTrKraPr,O3,1g,47.79673749,0.8,153.3,7,111.9125,112.3,14272.027561197,4366.862080819,8613,98,98,6,98.32,1.01
2019,łódzkie,PL1002,strefa łódzka,LdRadomsRoln,O3,1g,48.495525613,0.3,157,6,110.15,110.5375,12791.386400725,4111.703456382,8609,98,98,5,98.27,1.01
2019,małopolskie,PL1201,Aglomeracja Krakowska,MpKrakBujaka,O3,1g,39.922130425,1.62899,162.562,7,110.959125,110.9735625,13017.252506301,3807.040722017,8608,98,98,6,98.26,1.01
2019,małopolskie,PL1202,miasto Tarnów,MpTarBitStud,O3,1g,51.853404543,1,181.249,15,113.573625,113.705875,16819.825943802,5129.438905286,8509,97,97,5,97.13,1.01
2019,małopolskie,PL1203,strefa małopolska,MpKaszowLisz,O3,1g,52.38969958,1.72807,179.752,27,120.8980875,121.63625,20614.109204766,5710.834013843,8570,99,97,6,97.83,1.02
2019,małopolskie,PL1203,strefa małopolska,MpSzarowSpok,O3,1g,50.83771831,1.71123,177.968,17,115.2713625,115.2713625,17738.696316484,5036.423927954,8626,99,98,6,98.47,1.02
2019,małopolskie,PL1203,strefa małopolska,MpSzymbaGorl,O3,1g,57.578629184,0.95,154.524,4,108.2042375,108.58165,12819.8567,4404.44170534,8263,93,95,5,94.32,0.99
2019,małopolskie,PL1203,strefa małopolska,MpTrzebOsZWM,O3,1g,54.866371654,1,173.82,14,114.823625,114.823625,14971.461982418,4865.973193599,8653,99,98,6,98.77,1.01
2019,małopolskie,PL1203,strefa małopolska,MpZakopaSien,O3,1g,51.78897642,1,149.327,6,108.78625,108.861275,13593.731539394,4638.301763586,8475,96,97,5,96.74,1
2019,mazowieckie,PL1401,Aglomeracja Warszawska,MzWarChrosci,O3,1g,47.130536025,0,171.3,20,117.7375,117.9875,18385.318572238,5130.944846103,8524,98,97,6,97.3,1.02
2019,mazowieckie,PL1401,Aglomeracja Warszawska,MzWarKondrat,O3,1g,44.131165249,0,145.9,8,108.175,108.7125,9650.538588451,3396.093253968,8702,99,99,6,99.33,1.01
2019,mazowieckie,PL1401,Aglomeracja Warszawska,MzWarPodlesn,O3,1g,39.077180632,0,138.1,2,94.35,94.35,3619.756294278,1652.232321429,8741,100,100,6,99.78,1
2019,mazowieckie,PL1401,Aglomeracja Warszawska,MzWarWokalna,O3,1g,49.118887656,0.64302,149.73,10,113.572857143,113.8925,11900.37216899,4387.226968449,8476,99,94,6,96.75,1.06
2019,mazowieckie,PL1402,miasto Płock,MzPlocKroJad,O3,1g,53.725995092,1.656,162.97,7,112.539,112.815,14839.151808955,4197.767787856,8455,95,98,5,96.51,0.97
2019,mazowieckie,PL1402,miasto Płock,MzPlocMiReja,O3,1g,54.998304253,2.15,154.61,15,114.8975,114.8975,15060.788507978,4611.095255103,8704,99,100,6,99.36,1
2019,mazowieckie,PL1403,miasto Radom,MzRadTochter,O3,1g,50.815476655,2.03,168.8,19,116.55,116.55,18353.191208791,4496.673214284,8717,99,100,6,99.5,1
2019,mazowieckie,PL1404,strefa mazowiecka,MzBelsIGFPAN,O3,1g,57.460708127,1.6,161.8,12,115.275,115.275,14075.848212649,4862.028335641,8699,99,99,6,99.3,1
2019,mazowieckie,PL1404,strefa mazowiecka,MzGranicaKPN,O3,1g,56.422550779,1,177.45,37,127.025,128.4,19565.005645161,6141.806762357,8025,91,93,2,91.6,0.98
2019,mazowieckie,PL1404,strefa mazowiecka,MzGutyDuCzer,O3,1g,57.13327343,1.39,149.44444444,10,111.75,111.916666668,9674.373041434,4019.561803377,8439,98,95,6,96.33,1.03
2019,mazowieckie,PL1404,strefa mazowiecka,MzLegZegrzyn,O3,1g,52.664802877,0.07,161,25,120.4625,120.7375,17537.295694823,5298.964948931,8482,100,94,6,96.82,1.07
2019,mazowieckie,PL1404,strefa mazowiecka,MzOtwoBrzozo,O3,1g,46.149479378,1.65,159.79487179,8,110.0125,110.0125,11956.339611518,3970.968898539,8710,100,99,6,99.42,1.01
2019,mazowieckie,PL1404,strefa mazowiecka,MzPiasPulask,O3,1g,46.542483027,0.3,156.8,14,115.0865,115.188,13537.528430656,4337.387973356,8619,100,97,6,98.39,1.04
2019,opolskie,PL1601,miasto Opole,OpOpoleOsAKr,O3,1g,49.829032244,0.43213,160.298,6,108.52425,109.148957143,10627.163711295,3775.088277893,8597,99,97,6,98.13,1.03
2019,opolskie,PL1602,strefa opolska,OpKKozBSmial,O3,1g,50.703253797,1.02667,151.109,20,118.354125,118.354125,19163.253419402,5466.529562238,8727,100,99,6,99.62,1.01
2019,opolskie,PL1602,strefa opolska,OpOlesSlowac,O3,1g,52.548858354,0.10944,157.356,22,118.167125,118.8345,15778.62399564,4691.595340661,8352,99,92,6,95.34,1.09
2019,podkarpackie,PL1801,miasto Rzeszów,PkRzeszRejta,O3,1g,47.802454976,0.03315,147.305,6,105.41555,105.41555,9193.661668364,3548.47100259,8734,100,100,6,99.7,1.01
2019,podkarpackie,PL1802,strefa podkarpacka,PkJasloSikor,O3,1g,47.081014823,0.08451,143.328,5,105.259775,105.259775,10390.3685,3794.091831784,8733,99,100,6,99.69,1
2019,podkarpackie,PL1802,strefa podkarpacka,PkKrempnaMPN,O3,1g,59.052832868,0.23444,170.355,24,119.545625,119.8925,21856.382736449,6455.615334351,8596,98,99,5,98.12,1
2019,podkarpackie,PL1802,strefa podkarpacka,PkMielBierna,O3,1g,53.109673325,0.07,182.219,17,116.882375,117.194,19310.229134177,5040.225672559,8429,93,100,5,96.22,0.94
2019,podkarpackie,PL1802,strefa podkarpacka,PkNiskoSzkla,O3,1g,51.106602433,0.10333,174.406,6,111.013025,111.013025,13538.020094247,4533.301122121,8739,100,100,6,99.76,1.01
2019,podkarpackie,PL1802,strefa podkarpacka,PkPrzemGrunw,O3,1g,53.807887788,0.06,156.191,19,117.73435,117.9797625,17820.443129323,6044.555016064,8643,98,100,5,98.66,0.98
2019,podlaskie,PL2001,Aglomeracja Białostocka,PdBialWarsza,O3,1g,50.775979656,0,144,7,108,108.875,8628.121883657,3593.195444844,8651,98,99,6,98.75,0.99
2019,podlaskie,PL2002,strefa podlaska,PdAugustoZdrMOB,O3,1g,54.209055209,1,142,7,111.625,111.625,10685.829514207,4216.423391871,8658,99,99,6,98.83,1
2019,podlaskie,PL2002,strefa podlaska,PdBorsukowiz,O3,1g,51.709681133,0,151,9,109.75,110.125,10130.165745856,4148.941659997,8687,99,99,6,99.16,1
2019,pomorskie,PL2201,Aglomeracja Trójmiejska,PmGdaLeczk08,O3,1g,47.756190331,0.07414,149.288,2,93.2702375,93.2702375,2739.242592,2153.522430336,8672,100,98,6,98.99,1.02
2019,pomorskie,PL2201,Aglomeracja Trójmiejska,PmGdaOstrz05,O3,1g,46.538461182,0.15222,160.292,1,89.509375,92.621675,1503.812327552,1778.273803312,7233,81,84,3,82.56,0.96
2019,pomorskie,PL2201,Aglomeracja Trójmiejska,PmGdyPoreb04,O3,1g,57.209234009,0.33511,164.795,5,106.57825,107.19635,6651.84513224,3703.170779838,8504,100,95,6,97.07,1.06
2019,pomorskie,PL2201,Aglomeracja Trójmiejska,PmGdySzaf09N,O3,1g,52.568877266,0.28025,157.936,6,98.872175,100.0882875,4446.386673134,2806.362850396,8554,98,98,6,97.64,1.01
2019,pomorskie,PL2202,strefa pomorska,PmKosTargo12,O3,1g,50.952571005,0.35171,155.065,3,106.5074375,106.5074375,6629.9033,3078.069475,8759,100,100,6,99.98,1.01
2019,pomorskie,PL2202,strefa pomorska,PmLebaRabkaE,O3,1g,62.001341569,1.04663,169.614,17,112.860125,112.860125,9022.487843336,4369.2551625,8757,100,100,6,99.96,1.01
2019,pomorskie,PL2202,strefa pomorska,PmLebMalcz16,O3,1g,43.707194216,0.31573,148.594,2,90.47485,90.5256125,2839.638792701,1293.46184217,8565,100,96,6,97.77,1.05
2019,pomorskie,PL2202,strefa pomorska,PmLinieKos17,O3,1g,54.467493485,0.3427,144.962,7,106.0180875,109.0615,6452.048735214,3323.557065341,6932,89,69,5,79.13,1.3
2019,pomorskie,PL2202,strefa pomorska,PmMalMicki15,O3,1g,51.041094584,0.5157,147.612,5,100.979275,101.7343625,5347.906390537,2919.730481466,7650,100,75,6,87.32,1.34
2019,pomorskie,PL2202,strefa pomorska,PmSlupKniazi,O3,1g,48.540730578,0.03537,153.67,5,104.8430375,109.0951625,5667.820705979,2979.403805563,7528,84,88,3,85.93,0.97
2019,śląskie,PL2401,Aglomeracja Górnośląska,SlDabro1000L,O3,1g,48.182601291,0.3556,178.825,20,118.964,118.964,17790.734487193,5019.164387499,8752,100,100,6,99.9,1
2019,śląskie,PL2401,Aglomeracja Górnośląska,SlKatoKossut,O3,1g,45.831932184,0.12023,164.086,14,113.7013,113.7013,16795.017534605,4537.288665224,8721,100,99,6,99.55,1.01
2019,śląskie,PL2401,Aglomeracja Górnośląska,SlZabSkloCur,O3,1g,47.04829081,0.96131,152.193,16,114.5325125,114.5325125,16477.118605091,4721.727271428,8744,100,100,6,99.81,1
2019,śląskie,PL2402,Aglomeracja Rybnicko-Jastrzębska,SlRybniBorki,O3,1g,46.822864816,0.08056,169.513,11,113.42575,113.42575,17108.943525818,4250.254528244,8696,100,99,6,99.26,1.02
2019,śląskie,PL2403,miasto Bielsko-Biała,SlBielKossak,O3,1g,57.542655531,2.73611,157.864,13,111.376125,111.376125,14200.626659401,4839.346541072,8751,100,100,6,99.89,1
2019,śląskie,PL2404,miasto Częstochowa,SlCzestoBacz,O3,1g,50.534285635,0.58,151.578,7,108.7968,108.7968,12015.312139636,4232.000459249,8685,100,98,6,99.14,1.02
2019,śląskie,PL2405,strefa śląska,SlCiesMickie,O3,1g,57.128217624,1.54944,155.941,4,106.379325,106.379325,11883.068797091,4041.441411231,8716,100,99,6,99.49,1.01
2019,śląskie,PL2405,strefa śląska,SlUstronSana,O3,1g,62.660626136,0.88258,160.94,8,112.1804625,112.46575,15605.491433609,5075.151083375,8625,99,98,6,98.45,1.01
2019,śląskie,PL2405,strefa śląska,SlWodzGalczy,O3,1g,48.890706728,1.16154,154.111,7,110.85,111.6447875,14008.157314127,4267.081082545,8632,99,98,6,98.53,1.02
2019,śląskie,PL2405,strefa śląska,SlZlotPotLes,O3,1g,59.795663636,2.50688,189.357,21,119.071625,119.071625,18841.782560146,5849.663528571,8748,100,100,6,99.86,1
2019,świętokrzyskie,PL2601,miasto Kielce,SkKielTargow,O3,1g,49.717356229,0,185,18,117.125,117.125,15876.330275229,4899.868017082,8677,99,99,6,99.05,1
2019,świętokrzyskie,PL2602,strefa świętokrzyska,SkNowiParkow,O3,1g,50.860986382,0,179.1,15,114.9125,115.2125,17612.206170599,5502.489485316,8445,98,95,5,96.4,1.03
2019,świętokrzyskie,PL2602,strefa świętokrzyska,SkPolaRuszcz,O3,1g,58.69700023,1.8,183.3,17,116.9875,116.9875,19184.426373626,5512.375065954,8694,99,100,6,99.24,1
2019,świętokrzyskie,PL2602,strefa świętokrzyska,SkSkarZielnaMOB,O3,1g,49.426172238,0.3,176,9,111.55,111.5875,14296.144657534,4261.298746518,8616,99,98,6,98.35,1.02
2019,warmińsko-mazurskie,PL2801,miasto Olsztyn,WmOlsPuszkin,O3,1g,51.562141993,0.60611,144.031,8,106.75775,106.8169,7951.503197096,3530.639365837,8604,100,97,6,98.21,1.03
2019,warmińsko-mazurskie,PL2802,miasto Elbląg,WmElbBazynsk,O3,1g,53.934535612,1.58611,145.36,8,112.195125,113.195625,8574.153906383,3926.955129724,8344,98,93,6,95.25,1.05
2019,warmińsko-mazurskie,PL2803,strefa warmińsko-mazurska,WmElkStadion,O3,1g,55.463655083,0.32556,134.853,1,108.67675,108.67675,8741.187041886,3646.907197999,8739,100,100,6,99.76,1.01
2019,warmińsko-mazurskie,PL2803,strefa warmińsko-mazurska,WmGoldJacwie,O3,1g,55.745229734,2.19167,127.788,1,105.3975,105.94035,6879.257457325,3140.516449755,8619,99,98,6,98.39,1.02
2019,warmińsko-mazurskie,PL2803,strefa warmińsko-mazurska,WmOstrPilsud,O3,1g,53.018213896,0,151.528,13,111.7445,111.7445,9128.864499003,3883.404999084,8709,100,99,6,99.41,1.01
2019,warmińsko-mazurskie,PL2803,strefa warmińsko-mazurska,WmPuszczaBor,O3,1g,57.038978435,1,146.143,12,111.138875,111.690875,8283.587694465,4167.820708342,8467,99,94,6,96.65,1.05
2019,wielkopolskie,PL3001,Aglomeracja Poznańska,WpPoznDabrow,O3,1g,45.521293494,0.06889,148.912,9,112.1972,112.1972,10984.0594,3729.209299279,8732,100,99,6,99.68,1.01
2019,wielkopolskie,PL3002,miasto Kalisz,WpKaliSawick,O3,1g,52.815231201,0.17444,158.069,21,118.09675,119.124,17870.911019402,4945.520067357,8515,95,100,5,97.2,0.96
2019,wielkopolskie,PL3003,strefa wielkopolska,WpBoroDrapal,O3,1g,47.036320717,0.18319,155.885,9,109.6330375,109.6330375,10263.5381,3422.58663688,8750,100,100,6,99.88,1.01
2019,wielkopolskie,PL3003,strefa wielkopolska,WpKoniWyszyn,O3,1g,46.180822259,0.07468,138.606,3,103.4045125,103.4045125,6925.3839,2937.074016071,8755,100,100,6,99.94,1
2019,wielkopolskie,PL3003,strefa wielkopolska,WpPiaskiKrzy,O3,1g,52.592492693,0.09774,170.173,30,122.50825,122.50825,16284.933628389,5058.878512618,8730,100,100,6,99.65,1.01
2019,zachodniopomorskie,PL3201,Aglomeracja Szczecińska,ZpSzczAndr01,O3,1g,50.356445884,0.05056,175.994,15,111.934875,114.778125,10315.130415231,3797.149077584,8256,99,89,6,94.24,1.12
2019,zachodniopomorskie,PL3202,miasto Koszalin,ZpKoszChopin,O3,1g,57.728697391,0.35954,179.115,23,118.68575,118.68575,12478.755541198,4752.35682151,8709,99,100,6,99.41,1
2019,zachodniopomorskie,PL3203,strefa zachodniopomorska,ZpWiduBulRyb,O3,1g,55.46221027,0.33321,174.018,24,118.8085,118.8085,13685.342386933,4720.237682736,8738,100,100,6,99.74,1.01
2020,dolnośląskie,PL0201,Aglomeracja Wrocławska,DsWrocBartni,O3,1g,48.933831715,0.39333,161.56,19,117.705375,117.705375,11394.869377575,5011.491798215,8738,99,100,6,99.47,1
2020,dolnośląskie,PL0201,Aglomeracja Wrocławska,DsWrocWybCon,O3,1g,52.132987051,1.29278,158.051,22,119.571375,119.571375,12300.993332847,5293.219760843,8664,99,98,6,98.63,1.02
2020,dolnośląskie,PL0203,miasto Wałbrzych,DsWalbrzWyso,O3,1g,51.644515969,0.56944,137.977,5,106.59425,106.9386,7316.929219672,3786.686782376,8410,93,99,5,95.74,0.94
2020,dolnośląskie,PL0205,strefa dolnośląska_2,DsJelGorOgin,O3,1g,50.858847429,0,143.973,13,113.0995,113.0995,10396.368100822,4989.309081075,8718,99,99,6,99.24,1
2020,dolnośląskie,PL0205,strefa dolnośląska_2,DsKlodzSzkol,O3,1g,45.009425265,0.03611,137.8,4,106.4049625,106.4049625,6936.265946301,3596.980927607,8674,98,99,6,98.74,0.99
2020,dolnośląskie,PL0205,strefa dolnośląska_2,DsLegAlRzecz,O3,1g,47.607135261,0,149.143,6,105.7339875,106.7190125,5406.986897534,3752.046249553,8628,98,98,6,98.22,1
2020,dolnośląskie,PL0205,strefa dolnośląska_2,DsLubanMieszMOB,O3,1g,49.786033493,0.08569,152.752,11,112.485,112.485,9630.346116788,4466.874461904,8732,99,100,6,99.4,1
2020,dolnośląskie,PL0205,strefa dolnośląska_2,DsOlawZolnAK,O3,1g,50.280119273,2.52111,152.83,11,109.6263125,109.6263125,8185.600880654,4230.070744047,8776,100,100,6,99.9,1
2020,dolnośląskie,PL0205,strefa dolnośląska_2,DsOsieczow21,O3,1g,50.398712074,1.01056,153.788,19,116.1195,117.241,12521.366497148,5224.269972082,8563,98,97,6,97.48,1.02
2020,dolnośląskie,PL0205,strefa dolnośląska_2,DsSniezkaObs,O3,1g,74.751212751,2.5,144.2,13,115.0125,115.2125,8154.960217984,6330.634464286,8658,100,97,6,98.56,1.03
2020,kujawsko-pomorskie,PL0401,Aglomeracja Bydgoska,KpBydWarszaw,O3,1g,41.947687036,0,131,2,95.75,95.75,3491.109074244,2212.590659341,8755,99,100,6,99.66,1
2020,kujawsko-pomorskie,PL0402,miasto Toruń,KpToruDziewu,O3,1g,50.344219093,0,142.3,9,108.4625,112.5,8648.371376147,4241.345907029,7741,81,95,4,88.12,0.86
2020,kujawsko-pomorskie,PL0403,miasto Włocławek,KpWloclKalis,O3,1g,47.124312837,0,146.79862992,7,107.251296463,107.251296463,7236.252633061,3696.482127727,8746,100,99,6,99.56,1
2020,kujawsko-pomorskie,PL0404,strefa kujawsko - pomorska,KpCiechTezni,O3,1g,46.158451523,0,177,6,103.625,104.25,6130,2997.952280912,8602,97,99,5,97.92,0.98
2020,kujawsko-pomorskie,PL0404,strefa kujawsko - pomorska,KpKoniczynka,O3,1g,47.980043295,0,137.9,4,103.175,103.175,5139.4,3141.166785714,8777,100,100,6,99.92,1
2020,kujawsko-pomorskie,PL0404,strefa kujawsko - pomorska,KpZielBoryTu,O3,1g,49.516289716,0,143.43450662,5,107.858898989,108.525685734,5982.468273382,3738.81351288,8443,98,94,5,96.11,1.05
2020,lubelskie,PL0601,Aglomeracja Lubelska,LbLubObywate,O3,1g,43.072736733,0.5,136.1,4,101.3125,101.375,6458.149318801,2820.481056338,8649,100,97,6,98.46,1.03
2020,lubelskie,PL0602,strefa lubelska,LbBiaPodOrze,O3,1g,41.147718965,0.49,129.18,1,89.9375,90.82,3175.309297913,1645.551830093,8426,97,95,5,95.92,1.02
2020,lubelskie,PL0602,strefa lubelska,LbFlorianRPN,O3,1g,50.23204679,0.33915,134.064,2,99.81733125,100.5879,5153.381310685,3085.71822027,8177,99,87,6,93.08,1.13
2020,lubelskie,PL0602,strefa lubelska,LbJarczWolaM,O3,1g,41.481269954,0,127.1,0,88.855,88.855,1432.625335753,1454.465,8770,100,100,6,99.84,1
2020,lubelskie,PL0602,strefa lubelska,LbWilczopole,O3,1g,44.11813279,0.1,125,0,91.775,92.025,4448.320671563,1956.440885633,8344,92,98,5,94.99,0.93
2020,lubuskie,PL0801,miasto Gorzów Wielkopolski,LuGorzKosGdy,O3,1g,34.659690757,0.00833,138.351,2,87.029625,87.3379625,833.590405145,1135.728285867,8444,92,100,5,96.12,0.92
2020,lubuskie,PL0802,miasto Zielona Góra,LuZielKrotka,O3,1g,55.144570645,0.1,143.85,9,108.0077,112.388128571,7052.457655346,4192.803368256,7503,90,81,5,85.41,1.11
2020,lubuskie,PL0803,strefa lubuska,LuSmolBytnic,O3,1g,50.414500267,0.65222,146.747,13,112.28925,112.5738625,9478.413899181,4552.073600886,8684,98,99,5,98.86,0.99
2020,lubuskie,PL0803,strefa lubuska,LuSulecDudka,O3,1g,51.503824128,0.3,141.372,10,106.3579875,106.5356,5641.102460672,3929.091628348,8108,85,100,3,92.3,0.85
2020,lubuskie,PL0803,strefa lubuska,LuWsKaziWiel,O3,1g,41.460684255,0.00389,139.374,1,98.73265,99.2320125,3536.924263516,2375.38672804,7929,81,100,4,90.26,0.81
2020,lubuskie,PL0803,strefa lubuska,LuZarySzyman,O3,1g,53.44774501,-0.00278,155.348,22,116.897875,116.897875,11859.8498,5184.233516585,8708,100,98,6,99.13,1.02
2020,łódzkie,PL1001,Aglomeracja Łódzka,LdLodzCzerni,O3,1g,51.914521338,2,153.5,7,108.1,108.2625,8012.345355191,3893.770423796,8670,100,98,6,98.7,1.02
2020,łódzkie,PL1001,Aglomeracja Łódzka,LdPabiKonsta,O3,1g,48.438697318,1.8,139.1,5,105.925,106.4625,6546.459528131,3523.749957859,8352,100,90,6,95.08,1.1
2020,łódzkie,PL1001,Aglomeracja Łódzka,LdZgieMielcz,O3,1g,46.415973185,1.1,144.6,4,102.8375,103.3875,5785.848856359,3162.59909711,8652,99,98,6,98.49,1.02
2020,łódzkie,PL1002,strefa łódzka,LdGajewUjWod,O3,1g,49.214403093,0.9,147.4,5,105.525,106.275,6824.460295567,3491.695093357,8276,92,97,2,94.21,0.95
2020,łódzkie,PL1002,strefa łódzka,LdParzniUjWo,O3,1g,54.010742188,1.9,157.6,5,107.7375,108.1875,8584.691812328,4154.217120972,8704,99,99,6,99.08,0.99
2020,łódzkie,PL1002,strefa łódzka,LdPioTrKraPr,O3,1g,48.345953093,1,144.9,7,106.8125,106.8125,6084.893430657,3842.582941988,8698,100,98,6,99.02,1.01
2020,łódzkie,PL1002,strefa łódzka,LdRadomsRoln,O3,1g,43.669105877,1.2,136.3,0,96.9,96.9,3260.206170599,2408.346497442,8746,100,99,6,99.56,1.01
2020,małopolskie,PL1201,Aglomeracja Krakowska,MpKrakBujaka,O3,1g,35.116155951,1,146.622,1,101.250275,101.250275,4129.675164706,2454.497229344,8612,99,97,6,98.04,1.01
2020,małopolskie,PL1202,miasto Tarnów,MpTarBitStud,O3,1g,49.051168739,1,135.958,7,107.4984625,107.4984625,8422.100716253,3826.00091768,8714,98,100,6,99.2,0.98
2020,małopolskie,PL1203,strefa małopolska,MpKaszowLisz,O3,1g,48.097944466,1,148.462,9,111.802,111.802,9895.1612,4382.286429906,8738,100,99,6,99.47,1
2020,małopolskie,PL1203,strefa małopolska,MpSzarowSpok,O3,1g,45.344229191,1,148.226,7,110.742875,110.742875,8875.148184503,3965.471861858,8768,100,100,6,99.81,1
2020,małopolskie,PL1203,strefa małopolska,MpSzymbaGorl,O3,1g,57.578176768,2.19556,152.322,10,108.601375,108.601375,10213.362949221,4733.668233335,8704,99,99,6,99.08,1
2020,małopolskie,PL1203,strefa małopolska,MpTrzebOsZWM,O3,1g,51.856258063,1,155.287,9,108.374875,108.374875,9661.805597064,4168.599830954,8696,99,99,6,98.99,1
2020,małopolskie,PL1203,strefa małopolska,MpZakopaSien,O3,1g,49.972022652,1,133.422,1,106.023625,106.023625,8508.582398548,4151.123124979,8688,98,99,6,98.9,0.99
2020,mazowieckie,PL1401,Aglomeracja Warszawska,MzWarChrosci,O3,1g,43.557022556,0.103,152.424,7,107.01,107.622125,8988.54801476,3454.187407879,8734,99,100,5,99.43,1
2020,mazowieckie,PL1401,Aglomeracja Warszawska,MzWarKondrat,O3,1g,38.860980504,0.4,154.5,2,92.2875,92.2875,2859.590208522,1562.746071429,8771,100,100,6,99.85,1
2020,mazowieckie,PL1401,Aglomeracja Warszawska,MzWarPodlesn,O3,1g,38.462798043,0,145,1,90.98625,90.98625,1858.650681199,1448.680453297,8736,100,99,6,99.45,1.01
2020,mazowieckie,PL1401,Aglomeracja Warszawska,MzWarWokalna,O3,1g,43.630282162,0,148.36,5,99.1025,101.4275,6755.608700674,2645.600733419,8364,94,97,4,95.21,0.96
2020,mazowieckie,PL1402,miasto Płock,MzPlocMiReja,O3,1g,45.132593664,0.57,149.19,1,93.9025,93.9025,2808.43,1681.287857563,8704,98,100,6,99.08,0.98
2020,mazowieckie,PL1403,miasto Radom,MzRadTochter,O3,1g,44.140495152,1,133.9,1,97.35,98.3375,4162.627941176,2304.415396826,8664,98,100,6,98.63,0.98
2020,mazowieckie,PL1404,strefa mazowiecka,MzBelsIGFPAN,O3,1g,51.087364998,0.4,136.1,6,102.65,102.9,6318.137704918,3393.147092555,8611,97,99,5,98.03,0.97
2020,mazowieckie,PL1404,strefa mazowiecka,MzGranicaKPN,O3,1g,46.409858078,0.688,141.82,6,105.8015,107.191428571,6959.269918495,3686.991730285,7948,90,91,3,90.48,0.99
2020,mazowieckie,PL1404,strefa mazowiecka,MzGutyDuCzer,O3,1g,51.543991788,0.75,138.52,2,100.0925,100.0925,3482.76,2531.050654763,8768,100,100,6,99.81,1
2020,mazowieckie,PL1404,strefa mazowiecka,MzLegZegrzyn,O3,1g,43.447017042,0.1,157.72,3,99.1425,99.1425,4836.81,2438.905672963,8743,100,99,6,99.53,1.01
2020,mazowieckie,PL1404,strefa mazowiecka,MzOtwoBrzozo,O3,1g,42.134503005,1.44,157.7,4,100.1175,100.45,6187.164738292,2553.489531747,8652,99,98,6,98.49,1
2020,mazowieckie,PL1404,strefa mazowiecka,MzPiasPulask,O3,1g,40.784421507,0.47,146.8,1,98.8125,99.2,5161.47524932,2358.393277311,8574,100,95,6,97.6,1.05
2020,opolskie,PL1601,miasto Opole,OpOpoleOsAKr,O3,1g,48.259521582,0.32854,146.579,5,105.5811875,105.5811875,7006.207,3597.867348145,8760,100,99,6,99.72,1.01
2020,opolskie,PL1602,strefa opolska,OpKKozBSmial,O3,1g,45.92025587,0.2,145.276,7,107.270825,107.324575,7890.597880689,3731.972119018,8688,99,99,6,98.9,1
2020,opolskie,PL1602,strefa opolska,OpOlesSlowac,O3,1g,46.198704752,0.58667,142.941,5,106.7740125,106.7740125,7588.0734098,3552.190751786,8778,100,100,6,99.93,1
2020,podkarpackie,PL1801,miasto Rzeszów,PkRzeszRejta,O3,1g,47.196705561,0.13,142.121,5,105.887375,105.887375,8979.639312614,3507.259073537,8734,99,100,6,99.43,0.99
2020,podkarpackie,PL1802,strefa podkarpacka,PkJasloSikor,O3,1g,39.947682319,0.18111,131.813,0,94.179725,94.3031375,3887.636378102,2081.991307637,8444,97,95,5,96.12,1.01
2020,podkarpackie,PL1802,strefa podkarpacka,PkKrempnaMPN,O3,1g,50.878136202,0.11833,135.349,5,105.85675,106.780375,6242.217894505,3675.73723324,8674,99,99,6,98.74,1
2020,podkarpackie,PL1802,strefa podkarpacka,PkMielBierna,O3,1g,43.841654623,0.01833,139.478,3,101.2736375,101.2736375,6643.10220272,2948.027231712,8771,100,100,6,99.85,1
2020,podkarpackie,PL1802,strefa podkarpacka,PkNiskoSzkla,O3,1g,44.086210575,0.12,137.097,5,104.8291125,104.90165,4663.094623154,3175.452384015,8528,99,95,6,97.08,1.05
2020,podkarpackie,PL1802,strefa podkarpacka,PkPrzemGrunw,O3,1g,51.446632967,1.56584,139.471,6,108.9952375,109.072125,10703.848163828,4841.629911945,8587,97,98,5,97.75,0.99
2020,podlaskie,PL2001,Aglomeracja Białostocka,PdBialWarsza,O3,1g,44.558435547,0,141,1,94.75,95,4285.820840951,2305.851694915,8642,99,97,6,98.38,1.02
2020,podlaskie,PL2002,strefa podlaska,PdBorsukowiz,O3,1g,42.684228769,0,121,0,94.5,95.25,4565.29898804,1961.272736418,8655,98,99,6,98.53,0.99
2020,pomorskie,PL2201,Aglomeracja Trójmiejska,PmGdaLeczk08,O3,1g,46.841314043,0.19731,127.309,0,91.64375,93.6802,2389.034042553,2013.923406722,8512,98,96,6,96.9,1.02
2020,pomorskie,PL2201,Aglomeracja Trójmiejska,PmGdyPoreb04,O3,1g,54.302721841,0.55639,133.542,1,100.1269,100.4095375,3783.277955144,2845.786346657,8557,98,96,6,97.41,1.02
2020,pomorskie,PL2201,Aglomeracja Trójmiejska,PmGdySzaf09N,O3,1g,51.812191788,0.59344,125.508,0,94.58405,94.9974375,2819.913463765,2211.650597819,8401,96,95,6,95.63,1.02
2020,pomorskie,PL2202,strefa pomorska,PmKosTargo12,O3,1g,35.380312886,0.25611,122.734,0,85.9141,85.9843,505.415124886,1034.777509185,8571,100,95,6,97.57,1.05
2020,pomorskie,PL2202,strefa pomorska,PmLebaRabkaE,O3,1g,59.18568661,0.8,139.2,4,100.95,100.95,5100.540108893,3515.430357144,8775,100,100,6,99.89,1
2020,pomorskie,PL2202,strefa pomorska,PmLebMalcz16,O3,1g,44.449875279,0.16487,127.337,0,89.5074625,89.9018625,2515.005566733,1334.560766593,8167,86,100,4,92.97,0.86
2020,pomorskie,PL2202,strefa pomorska,PmLinieKos17,O3,1g,55.378804514,0.79167,136.962,1,99.377525,99.377525,2454.321150954,2675.9248,8770,100,100,6,99.84,1
2020,pomorskie,PL2202,strefa pomorska,PmMalMicki15,O3,1g,46.546093915,0.055,141.671,1,95.6887875,95.9519375,1390.437604444,1783.818164729,8213,99,88,6,93.49,1.12
2020,śląskie,PL2401,Aglomeracja Górnośląska,SlDabro1000L,O3,1g,42.310436111,0.00384,154.236,5,107.848525,107.848525,7929.474130889,3557.532234714,8753,99,100,6,99.64,0.99
2020,śląskie,PL2401,Aglomeracja Górnośląska,SlKatoKossut,O3,1g,41.891482561,1.2559,156.499,5,105.44435,105.44435,7380.169436083,3287.4126,8773,100,100,6,99.87,1
2020,śląskie,PL2401,Aglomeracja Górnośląska,SlZabSkloCur,O3,1g,43.965202528,1.10183,156.209,5,108.99525,108.99525,8125.222505989,3681.184388139,8715,99,99,6,99.21,1
2020,śląskie,PL2402,Aglomeracja Rybnicko-Jastrzębska,SlRybniBorki,O3,1g,44.555918161,0.11722,145.969,5,106.342,107.0669625,6564.044411257,3281.3289275,8686,98,100,6,98.88,0.98
2020,śląskie,PL2403,miasto Bielsko-Biała,SlBielKossak,O3,1g,51.966700009,1.33833,135.782,2,107.7361125,107.7361125,6712.175068722,3740.439986578,8733,100,99,6,99.41,1.01
2020,śląskie,PL2404,miasto Częstochowa,SlCzestoBacz,O3,1g,49.689908145,-1.05722,152.644,7,107.6465,107.6465,7713.7829,4149.279278572,8774,100,100,6,99.88,1
2020,śląskie,PL2405,strefa śląska,SlGoczaUzdroMOB,O3,1g,45.817335396,0.16722,144.932,8,109.4503,109.656875,8734.767745753,3875.397309338,8632,98,99,5,98.26,0.99
2020,śląskie,PL2405,strefa śląska,SlUstronSana,O3,1g,56.242438468,1.13408,133.908,1,106.2838,106.2838,6600.420148634,3814.906108591,8751,99,100,6,99.62,1
2020,śląskie,PL2405,strefa śląska,SlWodzGalczy,O3,1g,45.727739519,0.71778,146.726,6,108.3125,108.3125,6737.830013793,3468.411046008,8771,100,100,6,99.85,1
2020,śląskie,PL2405,strefa śląska,SlZlotPotLes,O3,1g,54.713114018,1.34918,156.82,9,113.617375,113.617375,9470.688398904,4517.097527571,8739,99,99,6,99.48,1
2020,świętokrzyskie,PL2601,miasto Kielce,SkKielTargow,O3,1g,45.508114286,1,147,5,107.125,107.125,9222.414545455,3950.919863014,8750,100,100,6,99.61,1
2020,świętokrzyskie,PL2602,strefa świętokrzyska,SkGoluUjWody,O3,1g,48.454785326,1.1,129.6,1,97.2125,97.2125,3165.338700823,2520.202199355,8641,99,98,6,98.37,1.02
2020,świętokrzyskie,PL2602,strefa świętokrzyska,SkNowiParkow,O3,1g,43.125480549,0,152.8,5,106.5625,106.5625,7460.114700544,3117.702698195,8740,99,100,6,99.49,1
2020,świętokrzyskie,PL2602,strefa świętokrzyska,SkOstrOsSlonMOB,O3,1g,44.799392655,1.1,129.3,2,98.325,98.4,4017.89699727,2398.271020409,8496,97,96,4,96.72,1.02
2020,świętokrzyskie,PL2602,strefa świętokrzyska,SkPolaRuszcz,O3,1g,47.112070383,1.8,137,1,96,99.825,5689.28,2514.432904913,7786,83,94,2,88.63,0.89
2020,warmińsko-mazurskie,PL2801,miasto Olsztyn,WmOlsPuszkin,O3,1g,46.67051771,0.44111,133.856,2,96.0954875,96.0954875,2989.867620822,2291.161149634,8710,99,99,6,99.15,1
2020,warmińsko-mazurskie,PL2802,miasto Elbląg,WmElbBazynsk,O3,1g,48.319116681,0.07889,128.056,0,95.6180125,95.79965,3476.742,2277.085761227,8455,93,99,3,96.25,0.94
2020,warmińsko-mazurskie,PL2803,strefa warmińsko-mazurska,WmElkStadion,O3,1g,51.331132288,0.96778,141.903,1,95.8065875,95.8065875,5438.76013951,2589.397444643,8777,100,100,6,99.92,1
2020,warmińsko-mazurskie,PL2803,strefa warmińsko-mazurska,WmGoldJacwie,O3,1g,51.155161255,2.61792,141.408,0,94.6013625,95.25125,3294.374970599,2043.43614055,8662,99,99,6,98.61,1
2020,warmińsko-mazurskie,PL2803,strefa warmińsko-mazurska,WmOstrPilsud,O3,1g,48.500142623,0.06056,139.597,3,98.5012625,98.758725,3856.02309635,2628.748514989,8630,99,98,6,98.24,1.01
2020,warmińsko-mazurskie,PL2803,strefa warmińsko-mazurska,WmPuszczaBor,O3,1g,51.420336381,1,143.367,2,98.119725,98.2563375,5038.585632897,2784.498497426,8647,98,99,5,98.44,0.99
2020,wielkopolskie,PL3001,Aglomeracja Poznańska,WpPoznDabrow,O3,1g,41.279296003,0.03611,139.316,3,98.4060375,98.4060375,3568.1155,2386.625033425,8768,100,100,6,99.81,1
2020,wielkopolskie,PL3002,miasto Kalisz,WpKaliSawick,O3,1g,48.156278748,0.14056,139.942,4,101.382675,102.5056375,5901.362329075,3288.024917577,8634,98,99,5,98.29,0.99
2020,wielkopolskie,PL3003,strefa wielkopolska,WpBoroDrapal,O3,1g,48.458058111,0.30185,151.21,10,109.2607625,109.2607625,6846.1723,3700.1352625,8779,100,100,6,99.94,1
2020,wielkopolskie,PL3003,strefa wielkopolska,WpKoniWyszyn,O3,1g,47.579826594,0.38481,150.136,7,107.7223875,108.707375,5444.646282676,3728.554798385,7833,99,79,6,89.17,1.26
2020,wielkopolskie,PL3003,strefa wielkopolska,WpPiaskiKrzy,O3,1g,48.43174001,0.14528,156.184,6,108.213875,108.213875,6492.11050929,3518.125947934,8741,100,99,6,99.51,1.01
2020,zachodniopomorskie,PL3201,Aglomeracja Szczecińska,ZpSzczAndr01,O3,1g,55.602910805,4.06333,169.622,14,108.8158,108.8158,6277.5012,4034.296895568,8717,100,98,6,99.23,1.02
2020,zachodniopomorskie,PL3202,miasto Koszalin,ZpKoszChopin,O3,1g,52.131196646,0.5407,139.828,3,96.7214375,97.491325,3545.6177,2486.494056624,8524,97,97,5,97.04,1.01
2020,zachodniopomorskie,PL3203,strefa zachodniopomorska,ZpWiduBulRyb,O3,1g,51.432078834,0.29631,145.68,5,103.6528625,104.2900625,4933.960804372,3140.974171408,8618,99,97,6,98.11,1.03
2021,dolnośląskie,PL0201,Aglomeracja Wrocławska,DsWrocBartni,O3,1g,48.938088877,0,147.4,14,111.627625,111.80725,14621.881521096,3906.113088143,8558,99,96,6,97.69,1.03
2021,dolnośląskie,PL0201,Aglomeracja Wrocławska,DsWrocWybCon,O3,1g,48.825335274,0,160.215,17,115.59125,115.6653625,16583.2684,3982.736534722,8673,100,98,6,99,1.02
2021,dolnośląskie,PL0202,miasto Legnica,DsLegAlRzecz,O3,1g,45.053482859,0,157.736,9,106.5192375,106.68615,11161.375088423,2781.9542281,8597,99,97,6,98.13,1.03
2021,dolnośląskie,PL0203,miasto Wałbrzych,DsWalbrzWyso,O3,1g,50.051158312,0.02278,131.444,2,105.758875,105.758875,10334.042743486,3180.762884936,8673,99,99,6,99,1
2021,dolnośląskie,PL0204,strefa dolnośląska,DsCzerStraza,O3,1g,67.646208567,2.15938,133.42,4,106.5409875,107.020875,9283.287677311,4032.279198767,8624,98,99,6,98.44,0.99
2021,dolnośląskie,PL0204,strefa dolnośląska,DsJelGorOgin,O3,1g,50.875167639,0.04,138.143,8,111.8433375,111.8433375,14763.551699724,4329.85976887,8669,99,99,6,98.96,1.01
2021,dolnośląskie,PL0204,strefa dolnośląska,DsKlodzSzkol,O3,1g,45.766108132,0,143.057,5,106.636175,107.4072375,11438.699796139,3270.725046516,8538,96,99,4,97.46,0.98
2021,dolnośląskie,PL0204,strefa dolnośląska,DsOlawZolnAK,O3,1g,50.579799728,0,162.466,16,111.4055,112.3595,16911.551448529,4234.900133672,8639,98,100,6,98.61,0.99
2021,dolnośląskie,PL0204,strefa dolnośląska,DsOsieczow21,O3,1g,48.316024703,0,143.853,12,111.3348875,111.53975,13824.042584498,3909.751623044,8486,96,98,5,96.87,0.99
2021,dolnośląskie,PL0204,strefa dolnośląska,DsSniezkaObs,O3,1g,72.227466821,1.2,148.3,10,106.4375,107.2,8745.177635197,5283.915727255,8665,99,99,6,98.91,1.01
2021,dolnośląskie,PL0204,strefa dolnośląska,DsTrzebniMaj,O3,1g,53.287809838,0,152.74,7,107.25925,107.2775625,12723.464475921,3361.23680245,8629,98,99,6,98.5,0.99
2021,kujawsko-pomorskie,PL0401,Aglomeracja Bydgoska,KpBydWarszaw,O3,1g,44.562557604,0,148,7,102.25,103.25,10176.175502742,2685.774721448,8680,98,100,5,99.08,0.99
2021,kujawsko-pomorskie,PL0402,miasto Toruń,KpToruDziewu,O3,1g,54.580800833,4.4,151.8,15,112.15,113.5375,16382.7,4512.408993416,8641,100,97,6,98.64,1.03
2021,kujawsko-pomorskie,PL0403,miasto Włocławek,KpWloclKalis,O3,1g,48.360886358,0,158.8,6,98.375,98.375,7274.447514119,3247.264023971,8750,100,100,6,99.88,1
2021,kujawsko-pomorskie,PL0404,strefa kujawsko - pomorska,KpCiechTezni,O3,1g,48.442380897,0,155,11,106.75,106.875,13400,3437.354910714,8669,100,98,6,98.96,1.02
2021,kujawsko-pomorskie,PL0404,strefa kujawsko - pomorska,KpKoniczynka,O3,1g,48.09499582,0.1,141.8,4,99.3375,100.4,9019.725153374,2745.978865607,8373,94,97,5,95.58,0.97
2021,lubelskie,PL0601,Aglomeracja Lubelska,LbLubObywate,O3,1g,37.576842404,0.1,140.544,1,81.0125,83.325,533.938684161,923.539020039,8452,97,96,5,96.48,1.02
2021,lubelskie,PL0602,strefa lubelska,LbBiaPodOrze,O3,1g,47.199337819,0.16,123.69,0,99.19375,100.2475,8072.288659794,2690.419219289,8472,97,96,6,96.71,1.01
2021,lubelskie,PL0602,strefa lubelska,LbFlorianRPN,O3,1g,50.867372738,0.29925,128.6775,0,99.60286875,100.95448125,7456.567737443,3023.682999148,7980,99,83,6,91.09,1.2
2021,lubelskie,PL0602,strefa lubelska,LbJarczWolaM,O3,1g,44.813832489,0,118.5,0,93.975,93.975,4714.910752493,1810.408642463,8723,99,100,6,99.57,1
2021,lubelskie,PL0602,strefa lubelska,LbWilczopole,O3,1g,50.184058785,0.8,148.9,8,112.1,112.5125,19519.845553145,3894.532514229,8310,90,99,4,94.86,0.91
2021,lubuskie,PL0801,miasto Gorzów Wielkopolski,LuGorzKosGdy,O3,1g,36.02956988,0.40947,125.752,0,81.6997375,82.2587375,2050.014889518,853.853005238,8391,98,94,6,95.78,1.04
2021,lubuskie,PL0802,miasto Zielona Góra,LuZielKrotka,O3,1g,51.849964466,0.1,136.461,4,103.0067375,103.0169,7785.81096,2616.148306207,8558,98,97,6,97.69,1.02
2021,lubuskie,PL0803,strefa lubuska,LuSmolBytnic,O3,1g,49.608706964,0.00333,150.649,12,110.9545375,111.3295,13970.719486078,3950.991259332,8436,99,93,6,96.3,1.07
2021,lubuskie,PL0803,strefa lubuska,LuSulecDudka,O3,1g,47.267179451,0.355,139.553,6,94.1575,95.356025,6053.274735484,2086.304913732,8566,98,98,5,97.78,1
2021,lubuskie,PL0803,strefa lubuska,LuWsKaziWiel,O3,1g,42.296387983,0.00611,148.192,3,97.7880625,97.7880625,7060.6009,2008.825973412,8734,100,99,6,99.7,1.01
2021,lubuskie,PL0803,strefa lubuska,LuZarySzyman,O3,1g,52.498678406,0.27278,156.336,12,113.35025,114.5341125,15948.275659701,3956.606182308,8716,99,100,5,99.49,1
2021,łódzkie,PL1001,Aglomeracja Łódzka,LdLodzCzerni,O3,1g,53.512152658,1.7,157.5,11,111.9375,112.7875,16410.757478833,3968.641741071,8673,98,100,6,99,0.99
2021,łódzkie,PL1001,Aglomeracja Łódzka,LdPabiKonsta,O3,1g,48.673773245,0.9,145.9,11,111.325,111.7875,15027.400569801,3840.722428288,8335,97,94,5,95.14,1.04
2021,łódzkie,PL1001,Aglomeracja Łódzka,LdZgieMielcz,O3,1g,49.259879196,0.8,172.2,8,109.4375,110.1,15138.791489362,3542.624270624,8609,97,99,6,98.27,0.98
2021,łódzkie,PL1002,strefa łódzka,LdGajewUjWod,O3,1g,50.815272556,0.7,140.4,7,108.4625,108.9625,12894.031897342,3790.569069602,8512,98,97,5,97.16,1.02
2021,łódzkie,PL1002,strefa łódzka,LdParzniUjWo,O3,1g,56.142770734,2.3,139.7,8,109.4875,110.6875,13996.164444444,4167.151685393,8597,99,97,6,98.13,1.02
2021,łódzkie,PL1002,strefa łódzka,LdPioTrKraPr,O3,1g,46.019357085,2.2,138.2,5,109.7375,109.9,14324.475893676,3571.648013078,8617,98,98,6,98.36,1
2021,łódzkie,PL1002,strefa łódzka,LdRadomsRoln,O3,1g,48.160056193,0.7,149.1,3,108.025,108.9375,13945.564444444,3615.702500341,8542,99,96,6,97.51,1.03
2021,małopolskie,PL1201,Aglomeracja Krakowska,MpKrakBujaka,O3,1g,39.424333294,0.20562,183.402,19,117.31925,117.31925,17745.1487,3941.912272875,8703,100,99,6,99.34,1.02
2021,małopolskie,PL1202,miasto Tarnów,MpTarBitStud,O3,1g,50.21864428,1.44,139.985,6,111.2405875,111.2405875,15921.9731,3993.101083909,8722,100,99,6,99.56,1.01
2021,małopolskie,PL1203,strefa małopolska,MpKaszowLisz,O3,1g,49.557180616,0.3,147.604,15,114.84725,114.84725,17350.609486027,4360.728567161,8706,99,99,6,99.38,1
2021,małopolskie,PL1203,strefa małopolska,MpSzarowSpok,O3,1g,46.70707365,0.21111,170.518,11,109.8966,109.8966,13257.097521526,3602.1926,8748,100,100,6,99.86,1.01
2021,małopolskie,PL1203,strefa małopolska,MpSzymbaGorl,O3,1g,58.098775661,1.61278,136.702,5,109.201875,109.47975,14841.010269871,4617.954912925,8597,98,98,6,98.13,1.01
2021,małopolskie,PL1203,strefa małopolska,MpTrzebOsZWM,O3,1g,51.117768663,0.94406,173.696,12,110.732825,110.732825,13667.688680695,3509.391580357,8683,99,99,6,99.12,1
2021,małopolskie,PL1203,strefa małopolska,MpZakopaSien,O3,1g,52.395296645,0.92056,137.207,3,106.897625,106.897625,14168.114974955,4362.837028715,8689,99,99,6,99.18,1.01
2021,mazowieckie,PL1401,Aglomeracja Warszawska,MzWarChrosci,O3,1g,45.016320212,0.18,159.018,8,108.77025,109.038,14539.647559229,3470.767134899,8663,99,99,6,98.89,1.01
2021,mazowieckie,PL1401,Aglomeracja Warszawska,MzWarKondrat,O3,1g,44.179589296,1.01,153.04,3,103.075,103.075,10701.77,2744.42062729,8721,100,99,6,99.55,1.01
2021,mazowieckie,PL1401,Aglomeracja Warszawska,MzWarMeteo,O3,1g,45.251772781,0,153.3,5,107.01625,107.01625,11996.266183137,3285.740857078,8674,100,98,6,99.01,1.03
2021,mazowieckie,PL1401,Aglomeracja Warszawska,MzWarWokalna,O3,1g,47.321985345,0.14,143.1,7,108.56,108.56,13656.409872958,3432.899728546,8734,100,100,6,99.7,1.01
2021,mazowieckie,PL1402,miasto Płock,MzPlocMiReja,O3,1g,51.682665292,0.25,141.74,6,106.97,106.97,12502.33373297,3288.510510696,8727,100,99,6,99.62,1.01
2021,mazowieckie,PL1403,miasto Radom,MzRadTochter,O3,1g,48.679044063,0.3,149.3919234,5,111.048936557,111.591489038,15089.543561726,3858.905209463,8553,99,96,6,97.63,1.03
2021,mazowieckie,PL1404,strefa mazowiecka,MzBelsIGFPAN,O3,1g,51.677775273,0.9,134.8,1,103.2125,103.2875,9267.5,3170.534063815,8598,99,97,6,98.15,1.02
2021,mazowieckie,PL1404,strefa mazowiecka,MzGranicaKPN,O3,1g,49.72583002,0.2,151.17825,8,111.6775,111.765815,14076.482313928,3909.689097115,8434,97,96,5,96.27,1.01
2021,mazowieckie,PL1404,strefa mazowiecka,MzGutyDuCzer,O3,1g,56.024579861,0.97,163.13,9,110.7075,110.8925,12510.786702997,3867.694068345,8640,99,98,6,98.63,1.02
2021,mazowieckie,PL1404,strefa mazowiecka,MzLegZegrzyn,O3,1g,46.498706514,0.4,166.3,9,109.55,109.7375,15164.21402214,3553.388098592,8566,99,96,6,97.78,1.04
2021,mazowieckie,PL1404,strefa mazowiecka,MzOtwoBrzozo,O3,1g,46.29861327,1.2,145.3,13,113.025,113.025,17059.715846995,4113.234190015,8696,99,100,6,99.26,1
2021,mazowieckie,PL1404,strefa mazowiecka,MzPiasPulask,O3,1g,43.612689529,0.1,143.5,8,107.5875,107.5875,13299.85055912,3099.394475138,8719,99,100,6,99.53,1
2021,opolskie,PL1602,strefa opolska,OpKKozBSmial,O3,1g,45.856427564,0.02111,161.5,11,109.139525,110.0195,14093.6143,4069.881466685,8347,100,91,6,95.28,1.11
2021,opolskie,PL1602,strefa opolska,OpOlesSlowac,O3,1g,51.038295863,0.81278,161.732,15,114.39125,114.75525,17333.7281,4422.741165004,8596,100,96,6,98.12,1.04
2021,podkarpackie,PL1801,miasto Rzeszów,PkRzeszRejta,O3,1g,49.048882103,0.04278,136.358,1,104.7259875,105.24895,11777.100387523,3588.783470982,8640,99,98,6,98.63,1.01
2021,podkarpackie,PL1802,strefa podkarpacka,PkJasloSikor,O3,1g,41.031874728,0.01556,133.74,0,94.5277125,94.9776,2911.704616886,1834.716164166,8632,98,99,5,98.53,0.99
2021,podkarpackie,PL1802,strefa podkarpacka,PkKrempnaMPN,O3,1g,51.645196042,0.54405,127.736,2,103.67095,103.80855,11234.314480369,3761.500328526,8668,99,99,6,98.94,1.01
2021,podkarpackie,PL1802,strefa podkarpacka,PkMielBierna,O3,1g,47.355870312,0.10111,151.972,2,109.9542625,110.522625,14873.552812877,3363.2245797,8343,91,99,3,95.23,0.92
2021,podkarpackie,PL1802,strefa podkarpacka,PkNiskoSzkla,O3,1g,44.827334894,0.42389,131.103,1,98.9897,99.16995,6939.540503758,2552.522366421,8674,99,99,6,99.01,1.01
2021,podkarpackie,PL1802,strefa podkarpacka,PkPrzemGrunw,O3,1g,38.259295956,0.11597,120.49,0,85.0214875,85.0701375,2023.792572093,970.623238321,8589,96,100,5,98.04,0.97
2021,podlaskie,PL2001,Aglomeracja Białostocka,PdBialWarsza,O3,1g,46.300157786,0,127,0,94.75,97,5602.664039409,2101.283647732,8239,88,100,4,94.05,0.89
2021,podlaskie,PL2002,strefa podlaska,PdAugustowUz,O3,1g,48.568767573,0,121,0,98.25,98.375,7417.910338518,2452.308360313,8536,95,100,5,97.44,0.96
2021,podlaskie,PL2002,strefa podlaska,PdBorsukowiz,O3,1g,48.927991137,0,127,0,102.125,103.25,8371.916287534,3205.617357215,8124,99,86,6,92.73,1.16
2021,pomorskie,PL2201,Aglomeracja Trójmiejska,PmGdaLeczkow,O3,1g,46.025266842,0.18585,129.368,0,88.43525,88.4732,4093.810685559,1424.809018106,8693,99,100,6,99.23,1
2021,pomorskie,PL2201,Aglomeracja Trójmiejska,PmGdyPorebsk,O3,1g,53.744454773,0.3851,143.459,1,100.564,100.564,6668.173549091,2697.550520203,8747,100,100,6,99.85,1.01
2021,pomorskie,PL2201,Aglomeracja Trójmiejska,PmGdySzafran,O3,1g,54.136266293,1.68154,145.018,3,96.5975375,97.13135,7362.576914075,2510.02684231,8458,99,95,6,96.55,1.05
2021,pomorskie,PL2202,strefa pomorska,PmLebaRabka1,O3,1g,63.133878719,0.1,171.1,13,112.325,112.325,15889.585480944,4673.604395604,8740,100,100,6,99.77,1
2021,pomorskie,PL2202,strefa pomorska,PmLebMalczew,O3,1g,50.81046569,1.57111,158.492,8,103.7075875,104.0465375,12376.475455941,3204.194708957,8536,98,97,6,97.44,1.02
2021,pomorskie,PL2202,strefa pomorska,PmLinieKosci,O3,1g,67.599165751,3.79444,163.511,26,121.194125,121.194125,25655.449151825,6388.178731005,8716,99,100,6,99.49,1.01
2021,pomorskie,PL2202,strefa pomorska,PmMalMickiew,O3,1g,44.886839997,0.87556,134.584,3,87.49055,87.49055,3447.907940146,1232.803146468,8658,100,98,6,98.83,1.02
2021,pomorskie,PL2202,strefa pomorska,PmSlupKniazi,O3,1g,44.673353401,0.00013,152.581,6,99.8561875,99.8561875,9124.024161025,2346.329889635,8717,99,100,6,99.5,1
2021,śląskie,PL2401,Aglomeracja Górnośląska,SlDabroTysia,O3,1g,42.334490908,0.595,154.913,8,106.6638,107.144125,13741.277047887,3358.00841328,8444,95,98,4,96.39,0.98
2021,śląskie,PL2401,Aglomeracja Górnośląska,SlKatoKossut,O3,1g,42.001563862,1.10918,150.732,5,107.4853375,107.546375,10869.030809809,3207.83306875,8654,98,100,5,98.78,0.99
2021,śląskie,PL2401,Aglomeracja Górnośląska,SlZabSkloCur,O3,1g,45.155607868,0.7421,179.465,19,115.825875,115.825875,17099.638512,4145.27701798,8747,100,100,6,99.85,1
2021,śląskie,PL2402,Aglomeracja Rybnicko-Jastrzębska,SlRybniBorki,O3,1g,46.556906208,0.63222,178.869,16,112.96195,114.135625,16814.490030657,4120.757617754,8450,99,93,6,96.46,1.07
2021,śląskie,PL2403,miasto Bielsko-Biała,SlBielKossak,O3,1g,53.831870331,1.92611,152.323,7,110.777,110.777,14944.206638113,4195.841214334,8729,99,100,6,99.64,1
2021,śląskie,PL2404,miasto Częstochowa,SlCzestoBacz,O3,1g,48.710415879,0.6,162.582,7,109.182025,110.4037,14133.605816727,3767.910398893,8653,100,98,6,98.77,1.03
2021,śląskie,PL2405,strefa śląska,SlGoczaUzdroMOB,O3,1g,47.666592937,0.56056,169.173,13,114.282,114.282,15226.954863158,3978.568821009,8734,100,100,6,99.7,1
2021,śląskie,PL2405,strefa śląska,SlUstronSana,O3,1g,57.456299109,0.72303,148.311,6,111.371425,111.415,14258.021617021,4248.022584243,8674,99,99,6,99.01,1
2021,śląskie,PL2405,strefa śląska,SlWodzGalczy,O3,1g,46.580418423,0.57029,157.576,10,108.203625,109.020825,14197.637837602,3756.450673041,8657,100,98,6,98.82,1.03
2021,śląskie,PL2405,strefa śląska,SlZlotPotLes,O3,1g,55.298852633,0.68772,149.951,13,115.74825,116.01,16990.20219242,4500.341322318,8609,97,100,5,98.27,0.97
2021,świętokrzyskie,PL2601,miasto Kielce,SkKielTargow,O3,1g,45.035339398,0,141,4,107.875,108.125,12707.071633238,3288.538968704,8574,97,99,5,97.87,0.99
2021,świętokrzyskie,PL2602,strefa świętokrzyska,SkNowiParkow,O3,1g,47.193454629,0,150.5,6,109.1375,109.1375,13371.949090909,3667.786229396,8739,100,100,6,99.76,1
2021,świętokrzyskie,PL2602,strefa świętokrzyska,SkSandZielnaMOB,O3,1g,55.602852019,0.3,138.8,2,104.375,104.65,12298.399272066,3794.071876244,8643,99,98,6,98.66,1.02
2021,warmińsko-mazurskie,PL2801,miasto Olsztyn,WmOlsPuszkin,O3,1g,50.121386138,0.23025,138.93,2,99.837716667,101.4929875,8372.621188011,2687.110012514,8579,99,97,6,97.93,1.03
2021,warmińsko-mazurskie,PL2802,miasto Elbląg,WmElbBazynsk,O3,1g,51.056186825,1.77111,130.78,2,101.1745375,101.1745375,8410.883507804,2725.547977977,8747,100,100,6,99.85,1
2021,warmińsko-mazurskie,PL2803,strefa warmińsko-mazurska,WmElkStadion,O3,1g,55.968308254,0.16611,139.997,4,107.1927625,107.1927625,12108.867130245,3562.724505724,8741,100,100,6,99.78,1.01
2021,warmińsko-mazurskie,PL2803,strefa warmińsko-mazurska,WmGoldJacwie,O3,1g,54.914968019,2.09722,128.753,0,101.232,101.232,8607.238434877,2830.826583884,8679,100,98,6,99.07,1.02
2021,warmińsko-mazurskie,PL2803,strefa warmińsko-mazurska,WmOstrPilsud,O3,1g,50.378179678,1.75333,147.778,4,100.8095,101.12965,9717.060032937,2733.154003002,8627,98,99,6,98.48,1
2021,warmińsko-mazurskie,PL2803,strefa warmińsko-mazurska,WmPuszczaBor,O3,1g,52.173659201,-0.00096,132.219,0,99.48445,100.1029125,7008.368680663,2538.698124385,8689,99,99,6,99.18,1
2021,wielkopolskie,PL3001,Aglomeracja Poznańska,WpPoznDabrow,O3,1g,42.598287669,0.02222,146.721,4,101.4013375,101.4013375,8423.602901845,2417.59904484,8708,99,100,6,99.4,1
2021,wielkopolskie,PL3002,miasto Kalisz,WpKaliSawick,O3,1g,50.849111865,0.51389,146.308,6,105.40825,105.40825,10714.1535,3340.654797078,8728,99,100,6,99.63,1
2021,wielkopolskie,PL3003,strefa wielkopolska,WpBoroDrapal,O3,1g,46.290339987,0.05145,144.485,7,103.912,103.912,10536.0848,2828.216111878,8704,99,100,6,99.36,0.99
2021,wielkopolskie,PL3003,strefa wielkopolska,WpKoniWyszyn,O3,1g,47.334499016,0.49797,135.953,1,95.271825,95.271825,5602.543001635,2165.280909752,8720,100,99,6,99.54,1.01
2021,wielkopolskie,PL3003,strefa wielkopolska,WpPiaskiKrzy,O3,1g,49.707703216,0.14668,159.882,11,107.1978375,107.1978375,13625.2357,3489.131233296,8744,100,100,6,99.81,1.01
2021,zachodniopomorskie,PL3201,Aglomeracja Szczecińska,ZpSzczAndrze,O3,1g,55.417791749,4.00669,158.808,12,102.4012375,102.4012375,11779.3321,3524.011625,8757,100,100,6,99.96,1.01
2021,zachodniopomorskie,PL3202,miasto Koszalin,ZpKoszChopin,O3,1g,54.878538037,0.41529,155.747,6,106.348875,106.348875,11019.916525341,3294.871829718,8735,100,100,6,99.71,1.01
2021,zachodniopomorskie,PL3203,strefa zachodniopomorska,ZpWiduBulRyb,O3,1g,50.23483769,0.50917,147.284,4,99.3141,102.4263,8673.499630825,2374.91009909,8671,100,98,6,98.98,1.02
